czas,czujnik1,czujnik2
     8,99513.69,102724.66
    17,99513.41,102724.48
    25,99513.31,102724.64
    33,99512.53,102724.48
    42,99512.78,102724.98
    50,99512.58,102724.48
    58,99511.94,102724.34
    66,99512.81,102724.28
    75,99512.09,102724.70
    84,99512.28,102723.98
    92,99512.39,102724.33
   100,99511.38,102723.80
   109,99511.78,102723.77
   117,99511.70,102724.00
   126,99511.34,102724.02
   134,99511.30,102724.06
   142,99511.83,102724.00
   151,99512.19,102724.09
   159,99511.47,102724.20
   168,99511.52,102724.53
   176,99512.19,102724.30
   185,99512.25,102724.56
   193,99512.47,102725.31
   201,99512.66,102724.84
   210,99513.45,102725.02
   218,99514.30,102725.41
   226,99514.75,102725.34
   234,99513.77,102725.80
   243,99515.19,102725.97
   251,99514.02,102725.69
   260,99513.92,102725.89
   268,99514.08,102726.14
   276,99515.06,102726.25
   286,99514.84,102726.02
   293,99514.69,102725.81
   301,99514.23,102726.20
   310,99514.45,102726.12
   318,99515.20,102725.72
   327,99514.14,102725.89
   335,99514.16,102725.86
   344,99515.14,102726.03
   352,99514.05,102726.03
   361,99513.84,102725.89
   369,99514.00,102725.73
   378,99513.62,102725.58
   386,99513.80,102725.56
   394,99513.56,102725.48
   403,99513.39,102725.67
   411,99512.80,102726.00
   419,99513.55,102725.38
   428,99512.78,102724.94
   436,99512.91,102724.78
   445,99513.02,102724.62
   452,99512.22,102724.67
   461,99512.34,102724.70
   470,99512.73,102725.06
   478,99512.33,102725.25
   487,99512.83,102725.28
   495,99512.41,102725.25
   504,99513.00,102725.81
   511,99513.45,102725.81
   521,99512.81,102725.69
   528,99514.19,102726.22
   537,99513.81,102726.16
   545,99514.02,102726.19
   554,99514.73,102726.14
   562,99515.09,102726.89
   571,99515.16,102726.80
   579,99514.88,102726.34
   588,99515.38,102726.69
   596,99515.25,102727.05
   605,99515.20,102726.72
   613,99515.17,102727.33
   621,99515.34,102726.91
   629,99515.11,102726.62
   637,99515.41,102727.23
   646,99515.19,102727.59
   654,99514.91,102726.69
   663,99514.78,102726.86
   671,99514.86,102726.50
   680,99514.80,102726.77
   688,99514.30,102726.39
   696,99514.86,102726.45
   705,99514.14,102726.67
   713,99514.77,102726.47
   722,99514.25,102726.38
   730,99514.09,102726.31
   739,99513.88,102726.45
   747,99513.81,102726.19
   755,99513.42,102726.30
   764,99513.31,102725.91
   772,99513.53,102726.05
   781,99513.08,102726.30
   789,99513.34,102725.62
   797,99513.47,102726.11
   806,99513.61,102726.28
   814,99513.17,102726.52
   823,99513.50,102726.17
   831,99513.50,102726.69
   840,99513.22,102726.00
   848,99513.48,102726.67
   856,99513.39,102726.98
   864,99513.62,102727.02
   873,99514.31,102726.91
   881,99514.42,102727.11
   889,99515.39,102726.92
   898,99515.27,102727.22
   906,99515.91,102727.98
   915,99515.83,102727.92
   923,99516.06,102727.61
   931,99515.95,102728.16
   940,99515.27,102727.84
   949,99516.00,102727.92
   957,99516.52,102728.36
   966,99516.08,102727.92
   973,99516.67,102727.67
   982,99515.83,102728.03
   991,99516.08,102727.98
   999,99516.08,102728.22
  1007,99516.02,102728.50
  1015,99515.64,102728.09
  1024,99515.97,102728.33
  1032,99516.19,102727.50
  1041,99515.53,102727.91
  1049,99515.36,102727.70
  1058,99515.44,102727.73
  1066,99515.16,102727.55
  1074,99514.94,102727.61
  1084,99514.94,102727.67
  1091,99514.78,102727.27
  1100,99513.80,102727.00
  1109,99514.75,102726.78
  1117,99514.27,102726.75
  1125,99514.23,102726.70
  1134,99514.16,102726.86
  1142,99513.81,102727.06
  1151,99514.03,102727.48
  1159,99513.73,102727.06
  1168,99514.03,102727.16
  1175,99514.11,102726.98
  1185,99514.44,102727.09
  1192,99515.59,102727.19
  1201,99515.23,102727.89
  1210,99515.89,102727.84
  1219,99515.80,102728.27
  1227,99515.83,102728.34
  1235,99516.47,102728.39
  1244,99516.78,102728.62
  1251,99517.03,102728.91
  1260,99517.11,102729.25
  1268,99517.20,102729.09
  1277,99517.53,102729.14
  1285,99517.58,102728.69
  1294,99517.66,102729.48
  1302,99517.77,102729.42
  1311,99517.64,102729.11
  1319,99517.58,102729.31
  1327,99517.72,102729.83
  1336,99518.19,102729.66
  1344,99518.33,102729.64
  1353,99517.81,102729.50
  1361,99517.50,102729.44
  1369,99517.52,102729.47
  1378,99517.53,102729.70
  1387,99517.12,102729.12
  1395,99517.48,102729.11
  1404,99517.06,102729.38
  1412,99516.98,102729.17
  1420,99517.53,102729.25
  1429,99516.64,102728.67
  1437,99516.62,102728.50
  1446,99516.30,102728.31
  1454,99515.88,102728.30
  1463,99516.11,102728.33
  1471,99515.78,102728.03
  1480,99516.08,102727.97
  1488,99515.67,102727.69
  1496,99515.23,102727.58
  1505,99515.53,102727.78
  1513,99515.20,102727.64
  1521,99515.78,102728.09
  1530,99515.92,102727.70
  1539,99516.30,102728.81
  1547,99516.25,102729.05
  1556,99517.06,102728.78
  1564,99516.78,102729.27
  1572,99517.39,102729.19
  1581,99517.33,102729.48
  1589,99517.83,102729.45
  1597,99518.05,102729.77
  1606,99518.16,102730.11
  1614,99518.12,102730.50
  1622,99518.22,102730.59
  1631,99518.92,102730.31
  1640,99518.61,102730.81
  1648,99518.66,102730.09
  1656,99518.20,102730.91
  1665,99518.80,102730.67
  1673,99518.83,102730.34
  1682,99518.58,102730.88
  1690,99518.80,102730.80
  1698,99518.47,102730.73
  1707,99518.12,102730.95
  1716,99518.39,102730.64
  1724,99518.09,102730.55
  1732,99517.97,102730.28
  1741,99517.77,102729.98
  1749,99518.16,102730.34
  1757,99517.80,102729.73
  1766,99517.23,102730.00
  1774,99517.58,102730.02
  1782,99517.23,102729.95
  1791,99516.62,102729.78
  1801,99516.50,102729.89
  1809,99516.75,102729.81
  1817,99517.06,102729.20
  1828,99516.14,102729.45
  1833,99516.41,102728.81
  1842,99516.55,102729.33
  1850,99516.23,102729.11
  1858,99516.42,102728.98
  1867,99516.62,102729.08
  1876,99516.27,102728.86
  1885,99516.36,102728.89
  1892,99516.95,102728.94
  1901,99516.69,102729.11
  1909,99516.52,102729.66
  1918,99517.14,102730.19
  1926,99516.59,102730.11
  1935,99518.23,102730.27
  1943,99517.50,102730.31
  1952,99518.88,102730.48
  1959,99518.83,102731.12
  1968,99519.44,102731.02
  1976,99519.17,102731.61
  1985,99519.48,102731.09
  1993,99519.80,102731.44
  2002,99519.64,102731.20
  2010,99520.05,102731.56
  2019,99519.59,102732.17
  2028,99519.64,102731.73
  2035,99520.09,102730.83
  2044,99519.86,102731.41
  2053,99519.39,102731.58
  2062,99519.86,102731.64
  2070,99520.33,102731.81
  2078,99519.41,102731.56
  2086,99519.52,102731.34
  2095,99519.42,102731.75
  2103,99519.61,102731.41
  2111,99519.05,102731.56
  2120,99518.94,102731.34
  2129,99518.94,102731.34
  2137,99518.16,102730.86
  2145,99518.95,102731.25
  2154,99518.86,102731.02
  2162,99518.36,102730.55
  2170,99517.95,102730.67
  2179,99518.28,102730.59
  2188,99517.44,102730.50
  2195,99517.88,102730.02
  2204,99517.39,102730.20
  2213,99517.16,102730.23
  2221,99517.33,102730.39
  2230,99516.92,102729.88
  2238,99517.69,102730.50
  2247,99517.81,102730.27
  2255,99517.97,102730.30
  2265,99518.12,102730.78
  2273,99517.61,102731.12
  2281,99518.30,102731.11
  2288,99518.53,102731.45
  2297,99518.83,102731.42
  2306,99519.42,102731.81
  2314,99519.42,102732.06
  2322,99519.58,102731.81
  2331,99519.78,102732.00
  2339,99520.50,102732.34
  2348,99519.81,102732.16
  2356,99520.38,102732.00
  2365,99521.12,102732.45
  2373,99520.81,102732.64
  2382,99520.97,102731.97
  2389,99520.70,102732.73
  2398,99521.17,102732.31
  2407,99520.62,102732.66
  2416,99520.83,102732.45
  2423,99520.98,102732.39
  2432,99520.75,102732.44
  2441,99520.64,102732.02
  2449,99520.55,102732.48
  2457,99520.92,102732.20
  2466,99520.05,102732.08
  2474,99519.98,102732.39
  2483,99519.78,102731.98
  2492,99519.41,102731.92
  2499,99519.55,102732.03
  2509,99518.81,102731.92
  2517,99518.91,102731.33
  2525,99518.55,102731.17
  2533,99519.02,102731.48
  2541,99518.62,102731.16
  2550,99518.44,102730.95
  2559,99518.52,102730.95
  2567,99518.08,102730.80
  2576,99518.23,102730.98
  2583,99518.36,102731.06
  2592,99518.30,102731.12
  2601,99518.55,102731.22
  2609,99518.72,102731.16
  2618,99518.30,102731.48
  2626,99518.77,102731.17
  2635,99519.05,102731.27
  2643,99519.55,102731.77
  2652,99520.31,102731.88
  2660,99520.39,102732.42
  2669,99520.41,102732.17
  2677,99520.58,102732.53
  2685,99520.92,102733.00
  2694,99520.53,102733.31
  2701,99521.38,102733.23
  2710,99521.42,102732.86
  2719,99521.44,102733.30
  2727,99521.41,102733.30
  2736,99522.05,102733.61
  2744,99522.28,102733.50
  2753,99522.06,102733.42
  2761,99522.02,102733.42
  2770,99521.61,102733.73
  2779,99521.84,102733.81
  2787,99522.11,102734.08
  2795,99521.59,102733.48
  2804,99521.73,102733.72
  2813,99521.72,102733.50
  2821,99521.14,102733.28
  2829,99520.75,102733.48
  2838,99520.81,102733.14
  2845,99521.16,102732.91
  2855,99520.95,102732.73
  2863,99520.22,102733.09
  2871,99520.20,102732.52
  2880,99519.55,102732.62
  2888,99520.23,102732.64
  2897,99519.59,102732.41
  2904,99519.38,102731.80
  2913,99519.30,102731.80
  2921,99519.42,102732.25
  2930,99519.31,102732.42
  2938,99519.50,102732.58
  2947,99519.86,102733.06
  2955,99520.20,102732.97
  2964,99519.95,102733.16
  2972,99520.42,102733.11
  2980,99520.69,102733.25
  2989,99520.69,102733.62
  2997,99521.17,102734.17
  3006,99521.33,102734.25
  3013,99521.41,102733.81
  3023,99521.98,102733.83
  3030,99521.70,102734.73
  3039,99521.64,102734.39
  3048,99521.84,102734.48
  3056,99522.58,102734.23
  3065,99522.02,102734.38
  3073,99521.98,102733.92
  3081,99521.77,102734.45
  3090,99522.02,102734.95
  3098,99522.30,102734.03
  3107,99521.41,102734.27
  3115,99521.89,102734.14
  3123,99521.95,102734.27
  3132,99521.67,102734.19
  3141,99521.77,102734.09
  3149,99521.45,102734.02
  3157,99521.58,102733.89
  3166,99520.73,102734.12
  3174,99521.27,102733.77
  3183,99520.88,102733.75
  3190,99520.59,102733.64
  3199,99520.58,102733.61
  3208,99520.34,102733.05
  3216,99520.05,102733.61
  3225,99520.44,102733.62
  3233,99520.00,102733.16
  3242,99520.12,102733.31
  3250,99520.42,102733.30
  3258,99519.75,102732.98
  3267,99519.84,102733.02
  3275,99520.03,102733.28
  3284,99520.64,102733.14
  3292,99520.36,102733.42
  3301,99520.58,102734.28
  3309,99520.33,102734.11
  3317,99520.92,102734.27
  3326,99521.55,102734.39
  3334,99521.78,102734.89
  3343,99521.73,102734.48
  3352,99522.23,102735.03
  3360,99521.42,102734.31
  3368,99522.88,102734.69
  3377,99522.14,102734.86
  3385,99522.17,102734.97
  3393,99522.14,102735.00
  3402,99522.66,102734.75
  3411,99521.88,102735.45
  3418,99521.84,102735.42
  3427,99522.17,102735.20
  3435,99521.84,102735.30
  3444,99522.08,102734.92
  3453,99522.36,102735.00
  3461,99522.42,102734.66
  3469,99521.20,102734.17
  3478,99521.22,102734.97
  3486,99521.56,102734.47
  3495,99520.81,102734.45
  3504,99520.69,102734.45
  3511,99520.94,102733.91
  3520,99520.81,102734.14
  3528,99520.55,102733.92
  3536,99520.11,102733.53
  3545,99520.70,102733.73
  3553,99520.38,102733.98
  3562,99519.89,102733.81
  3570,99520.69,102733.45
  3578,99520.25,102733.28
  3587,99520.09,102733.56
  3596,99519.31,102733.83
  3604,99520.23,102733.92
  3612,99520.52,102733.12
  3621,99520.17,102734.12
  3630,99520.98,102733.73
  3637,99521.11,102734.12
  3646,99520.88,102734.27
  3655,99521.45,102734.31
  3663,99521.58,102734.70
  3672,99522.03,102734.52
  3680,99522.16,102735.05
  3689,99522.41,102734.97
  3697,99522.45,102735.52
  3705,99522.86,102735.47
  3714,99522.53,102735.73
  3722,99522.89,102736.19
  3731,99523.25,102735.89
  3739,99523.31,102736.39
  3748,99522.77,102735.80
  3756,99523.05,102735.78
  3764,99522.78,102735.59
  3773,99523.91,102735.45
  3781,99522.91,102735.42
  3790,99522.91,102736.00
  3799,99522.38,102735.84
  3807,99522.91,102735.92
  3816,99522.44,102735.22
  3823,99522.36,102735.92
  3832,99522.00,102735.45
  3840,99521.89,102735.62
  3848,99521.83,102735.59
  3857,99521.61,102735.25
  3865,99521.48,102735.41
  3874,99521.97,102734.75
  3882,99521.30,102734.83
  3890,99520.97,102734.58
  3900,99521.44,102735.05
  3908,99520.62,102734.14
  3916,99521.09,102734.59
  3925,99520.62,102734.39
  3933,99520.66,102734.44
  3942,99520.92,102734.56
  3950,99520.95,102734.72
  3959,99521.06,102734.47
  3967,99520.73,102734.62
  3975,99520.94,102734.62
  3984,99520.95,102734.62
  3992,99521.41,102734.59
  4001,99521.62,102735.17
  4008,99522.05,102735.34
  4017,99522.20,102735.53
  4025,99522.67,102736.00
  4035,99522.27,102736.17
  4042,99523.08,102736.25
  4052,99522.70,102736.45
  4059,99523.08,102735.98
  4067,99523.17,102736.75
  4076,99523.20,102736.55
  4085,99523.39,102736.59
  4093,99523.50,102736.78
  4101,99523.38,102736.81
  4110,99523.52,102736.59
  4118,99523.27,102736.52
  4127,99523.12,102736.66
  4135,99523.77,102736.70
  4143,99522.91,102736.31
  4152,99522.94,102736.19
  4160,99522.72,102736.28
  4169,99523.30,102736.08
  4177,99522.36,102736.08
  4186,99522.25,102735.69
  4195,99522.08,102735.84
  4202,99522.27,102736.09
  4211,99521.55,102735.89
  4219,99521.27,102735.81
  4228,99521.50,102735.41
  4237,99521.55,102735.52
  4245,99521.61,102735.69
  4253,99521.78,102735.41
  4262,99521.31,102734.81
  4270,99521.44,102735.86
  4279,99521.47,102735.34
  4287,99521.81,102735.91
  4295,99521.78,102735.80
  4304,99522.08,102736.00
  4313,99522.19,102736.42
  4321,99522.61,102736.22
  4329,99522.47,102736.48
  4338,99522.83,102736.39
  4346,99523.20,102736.83
  4355,99523.52,102736.86
  4364,99523.62,102737.14
  4371,99523.86,102736.64
  4380,99523.89,102736.62
  4388,99523.62,102737.22
  4397,99523.48,102737.23
  4406,99523.75,102736.94
  4413,99523.89,102737.03
  4422,99523.55,102737.34
  4430,99523.47,102737.66
  4440,99523.77,102736.62
  4447,99523.48,102736.95
  4456,99523.66,102737.00
  4464,99523.19,102737.14
  4473,99523.25,102736.70
  4481,99523.48,102736.45
  4489,99522.67,102737.19
  4497,99522.47,102736.64
  4506,99522.50,102736.39
  4515,99522.47,102736.73
  4523,99522.39,102736.89
  4532,99522.69,102736.44
  4541,99522.20,102736.55
  4548,99522.22,102736.72
  4557,99522.44,102736.16
  4565,99522.69,102736.36
  4574,99522.55,102736.62
  4583,99522.50,102736.78
  4590,99522.55,102736.52
  4599,99522.09,102736.67
  4608,99523.17,102737.42
  4616,99523.20,102736.70
  4625,99523.58,102737.22
  4633,99523.41,102737.70
  4642,99523.84,102737.94
  4650,99524.16,102737.39
  4658,99523.50,102737.61
  4667,99523.97,102738.20
  4676,99524.08,102737.84
  4685,99524.55,102737.80
  4694,99524.22,102738.16
  4701,99524.92,102738.39
  4710,99524.14,102737.83
  4718,99524.06,102737.95
  4727,99524.56,102737.84
  4735,99523.64,102738.02
  4743,99523.72,102737.89
  4751,99523.94,102737.92
  4760,99523.12,102737.56
  4769,99523.31,102737.59
  4777,99522.92,102737.70
  4785,99522.95,102737.42
  4794,99523.16,102737.19
  4803,99523.17,102737.48
  4811,99522.52,102737.67
  4819,99522.58,102737.34
  4827,99522.56,102737.03
  4836,99522.72,102736.97
  4844,99522.39,102737.20
  4852,99522.84,102737.20
  4861,99522.53,102737.02
  4870,99522.70,102737.38
  4878,99522.58,102736.91
  4886,99522.62,102737.39
  4895,99522.98,102737.89
  4903,99522.98,102737.84
  4911,99523.38,102738.05
  4920,99523.83,102737.81
  4928,99523.86,102738.52
  4937,99524.50,102738.81
  4944,99524.53,102739.06
  4953,99524.42,102738.73
  4962,99525.05,102739.05
  4970,99525.44,102739.61
  4979,99525.89,102739.73
  4987,99526.08,102739.83
  4995,99525.92,102739.30
  5004,99526.00,102739.66
  5012,99526.59,102740.12
  5021,99526.27,102740.00
  5029,99526.14,102739.84
  5038,99526.67,102739.80
  5046,99526.59,102739.95
  5055,99526.30,102739.78
  5063,99526.58,102740.47
  5071,99526.70,102740.09
  5080,99525.84,102739.50
  5089,99525.94,102739.64
  5096,99525.70,102739.62
  5105,99525.94,102739.44
  5113,99525.45,102739.56
  5122,99525.84,102739.39
  5130,99525.59,102739.47
  5139,99524.56,102739.11
  5147,99524.23,102739.14
  5156,99524.34,102738.95
  5164,99523.86,102738.64
  5173,99523.72,102738.39
  5181,99523.47,102738.36
  5190,99522.66,102738.19
  5198,99523.23,102737.95
  5207,99522.86,102737.59
  5214,99523.42,102737.61
  5223,99522.95,102737.38
  5231,99522.77,102737.53
  5240,99523.14,102737.92
  5248,99523.16,102737.66
  5257,99522.97,102738.30
  5265,99523.59,102737.94
  5274,99523.55,102738.44
  5282,99523.58,102738.23
  5291,99523.95,102738.84
  5299,99524.34,102738.69
  5308,99524.41,102739.20
  5316,99524.70,102740.05
  5325,99525.30,102739.92
  5334,99525.48,102740.14
  5341,99526.06,102740.31
  5349,99526.66,102740.75
  5358,99526.44,102740.59
  5366,99526.58,102740.66
  5375,99526.97,102740.75
  5384,99527.25,102740.91
  5392,99527.77,102741.83
  5400,99527.52,102741.52
  5409,99527.45,102741.47
  5417,99527.44,102741.67
  5425,99528.08,102741.70
  5434,99527.95,102741.31
  5442,99527.14,102741.66
  5451,99527.38,102741.89
  5459,99527.34,102741.67
  5467,99527.77,102741.45
  5476,99527.34,102741.38
  5484,99526.91,102741.28
  5493,99526.64,102741.33
  5501,99526.25,102740.83
  5510,99526.20,102740.91
  5518,99526.23,102740.69
  5526,99525.81,102740.61
  5535,99525.77,102740.69
  5543,99525.41,102739.81
  5552,99524.97,102740.28
  5560,99524.62,102739.55
  5569,99524.80,102739.44
  5577,99524.61,102739.38
  5585,99523.81,102739.36
  5594,99523.70,102738.86
  5603,99524.05,102739.14
  5610,99524.09,102739.27
  5619,99523.33,102739.44
  5628,99523.92,102739.08
  5637,99523.84,102738.92
  5644,99524.23,102739.61
  5653,99524.48,102739.80
  5661,99524.56,102739.44
  5670,99524.81,102740.44
  5678,99525.47,102740.02
  5687,99525.59,102740.75
  5695,99526.19,102741.03
  5704,99526.23,102741.11
  5712,99527.00,102741.36
  5721,99527.05,102741.44
  5729,99527.30,102741.92
  5738,99527.64,102742.25
  5746,99528.12,102742.12
  5754,99527.44,102742.34
  5763,99528.17,102742.50
  5771,99527.98,102742.58
  5780,99528.42,102742.39
  5788,99528.25,102742.27
  5797,99528.50,102742.56
  5805,99528.38,102742.33
  5814,99527.94,102742.28
  5821,99527.91,102742.81
  5830,99527.92,102742.50
  5838,99527.84,102743.09
  5847,99527.97,102742.23
  5855,99527.95,102742.59
  5863,99527.52,102742.42
  5872,99526.55,102742.12
  5881,99527.06,102741.94
  5889,99526.31,102742.00
  5898,99526.05,102741.72
  5906,99525.67,102741.69
  5915,99526.08,102740.95
  5923,99525.50,102741.09
  5931,99525.27,102740.88
  5940,99525.25,102740.42
  5948,99524.88,102740.20
  5957,99525.33,102740.64
  5965,99524.88,102740.59
  5974,99524.69,102740.81
  5981,99525.23,102740.47
  5990,99525.23,102740.67
  5998,99524.94,102741.17
  6008,99525.20,102741.28
  6015,99525.47,102740.91
  6024,99525.61,102741.50
  6032,99526.39,102742.19
  6041,99526.20,102742.20
  6049,99526.27,102742.86
  6058,99526.61,102743.23
  6066,99527.88,102742.78
  6074,99527.58,102743.08
  6083,99528.06,102743.28
  6092,99528.06,102742.97
  6100,99528.17,102743.11
  6109,99528.73,102743.27
  6117,99527.88,102742.97
  6126,99528.25,102743.38
  6134,99528.30,102743.67
  6142,99528.64,102742.94
  6151,99528.23,102743.06
  6159,99528.34,102743.08
  6168,99527.39,102743.23
  6176,99527.58,102743.03
  6184,99527.47,102743.42
  6193,99527.12,102743.23
  6201,99526.95,102742.98
  6210,99526.86,102742.61
  6218,99526.50,102742.69
  6226,99526.39,102742.11
  6235,99526.12,102742.16
  6244,99526.33,102742.27
  6252,99525.86,102742.20
  6261,99525.42,102741.81
  6268,99525.53,102741.91
  6277,99525.47,102741.47
  6285,99525.14,102741.12
  6294,99525.34,102740.91
  6302,99525.42,102741.30
  6311,99524.95,102741.61
  6319,99524.77,102741.75
  6327,99525.58,102741.55
  6336,99525.00,102741.56
  6345,99525.12,102741.41
  6353,99525.28,102741.56
  6361,99525.69,102742.34
  6370,99526.16,102742.30
  6378,99526.56,102742.89
  6386,99527.17,102743.17
  6395,99527.16,102743.17
  6404,99527.42,102744.00
  6412,99528.00,102743.73
  6421,99527.84,102744.42
  6429,99528.78,102743.92
  6438,99528.81,102744.42
  6445,99528.78,102744.91
  6454,99529.16,102744.67
  6462,99529.38,102745.02
  6471,99529.56,102744.98
  6479,99529.52,102745.05
  6488,99529.25,102745.31
  6496,99528.58,102745.25
  6504,99529.22,102745.05
  6513,99529.33,102744.58
  6521,99529.30,102745.23
  6530,99529.06,102744.39
  6539,99528.56,102744.86
  6547,99528.55,102744.45
  6556,99528.36,102744.38
  6564,99528.19,102744.42
  6572,99527.97,102743.88
  6580,99527.77,102743.75
  6589,99527.67,102743.59
  6598,99527.22,102743.28
  6605,99526.88,102743.20
  6614,99527.03,102742.91
  6622,99526.84,102742.72
  6631,99526.12,102742.55
  6640,99525.91,102742.48
  6649,99525.88,102742.70
  6656,99525.91,102742.66
  6665,99525.78,102742.08
  6673,99525.44,102742.55
  6682,99525.69,102742.97
  6690,99525.83,102742.70
  6698,99525.73,102742.59
  6707,99526.11,102742.70
  6716,99525.97,102742.77
  6724,99526.05,102743.12
  6733,99526.19,102743.61
  6742,99526.47,102744.09
  6750,99527.20,102744.31
  6759,99527.70,102744.31
  6767,99527.83,102745.14
  6775,99527.81,102745.25
  6784,99529.34,102745.28
  6792,99529.44,102745.31
  6801,99529.33,102745.41
  6809,99529.80,102745.75
  6818,99530.02,102745.84
  6825,99529.88,102745.80
  6834,99530.00,102746.22
  6843,99530.31,102746.16
  6851,99530.33,102746.44
  6859,99530.22,102746.31
  6868,99530.25,102746.44
  6876,99530.08,102746.77
  6884,99529.88,102746.03
  6893,99530.28,102746.22
  6902,99529.75,102745.75
  6910,99529.69,102746.17
  6918,99529.75,102745.75
  6926,99529.45,102745.27
  6934,99529.38,102744.92
  6944,99529.06,102745.28
  6952,99528.67,102745.03
  6961,99528.50,102745.31
  6969,99528.55,102744.55
  6977,99528.48,102744.91
  6985,99527.72,102744.77
  6994,99527.36,102743.81
  7002,99527.58,102743.89
  7011,99527.12,102743.56
  7019,99526.69,102744.02
  7028,99527.05,102743.91
  7036,99526.45,102743.83
  7045,99527.00,102743.94
  7052,99526.83,102743.83
  7062,99527.06,102743.91
  7070,99526.80,102743.44
  7078,99526.58,102744.22
  7086,99526.95,102744.19
  7095,99527.66,102744.47
  7103,99527.61,102744.45
  7112,99528.58,102744.84
  7120,99529.38,102745.56
  7129,99528.92,102745.45
  7137,99529.55,102745.88
  7146,99530.48,102745.97
  7154,99530.31,102746.08
  7163,99530.11,102746.45
  7171,99530.41,102746.77
  7180,99531.11,102746.45
  7187,99530.00,102746.64
  7196,99530.78,102746.80
  7205,99530.88,102747.03
  7213,99530.67,102747.08
  7222,99530.83,102746.62
  7230,99531.28,102747.00
  7239,99531.20,102746.89
  7247,99530.78,102746.70
  7256,99530.89,102746.77
  7263,99530.66,102747.27
  7272,99530.78,102746.72
  7280,99530.50,102747.09
  7289,99530.22,102746.31
  7297,99529.73,102746.22
  7306,99529.53,102746.33
  7314,99529.67,102746.27
  7322,99528.70,102745.14
  7331,99529.11,102745.34
  7339,99528.77,102745.19
  7348,99529.00,102745.53
  7356,99528.42,102745.19
  7364,99528.56,102745.11
  7373,99527.78,102745.12
  7381,99528.38,102744.75
  7390,99528.45,102745.22
  7398,99528.09,102744.78
  7407,99527.95,102745.28
  7415,99528.41,102745.08
  7424,99528.22,102745.02
  7432,99528.52,102745.36
  7441,99529.30,102745.78
  7449,99529.14,102745.97
  7457,99529.67,102745.84
  7466,99529.97,102746.39
  7474,99530.69,102746.38
  7482,99530.34,102746.67
  7491,99530.89,102746.78
  7499,99530.61,102746.66
  7508,99531.25,102747.03
  7516,99531.25,102747.41
  7525,99531.83,102746.91
  7533,99531.38,102747.03
  7542,99531.81,102747.20
  7550,99531.11,102747.08
  7559,99531.78,102747.62
  7567,99531.81,102747.41
  7575,99531.50,102747.38
  7584,99531.72,102747.14
  7592,99531.48,102747.05
  7601,99531.34,102747.02
  7609,99531.05,102746.53
  7618,99530.53,102747.25
  7627,99530.50,102746.88
  7634,99530.77,102746.95
  7643,99529.94,102746.66
  7651,99530.31,102746.22
  7660,99530.03,102746.17
  7668,99529.72,102746.33
  7677,99529.81,102746.22
  7686,99529.88,102746.02
  7694,99529.27,102745.67
  7703,99529.67,102745.25
  7711,99529.25,102745.45
  7718,99528.95,102745.73
  7727,99529.16,102746.02
  7736,99529.23,102745.61
  7744,99529.45,102746.28
  7753,99529.97,102746.16
  7761,99530.19,102746.66
  7769,99530.20,102747.28
  7779,99530.47,102746.42
  7787,99530.34,102747.05
  7794,99530.88,102747.58
  7804,99531.16,102747.89
  7811,99531.83,102747.61
  7820,99531.62,102747.80
  7829,99532.22,102747.75
  7836,99531.50,102747.95
  7845,99532.09,102748.16
  7853,99532.59,102747.72
  7863,99532.67,102747.95
  7870,99532.48,102748.11
  7879,99532.86,102748.12
  7888,99533.27,102747.94
  7896,99533.25,102748.27
  7905,99532.95,102749.16
  7913,99533.33,102748.61
  7922,99533.36,102748.31
  7929,99533.47,102748.92
  7938,99533.14,102748.61
  7946,99533.03,102748.84
  7955,99532.86,102747.64
  7963,99532.86,102748.52
  7971,99532.62,102747.80
  7980,99533.00,102747.41
  7989,99531.95,102747.61
  7997,99532.33,102747.73
  8005,99532.61,102747.81
  8014,99531.64,102747.16
  8023,99532.22,102747.41
  8031,99531.69,102746.97
  8039,99530.94,102746.89
  8048,99531.31,102747.36
  8056,99532.05,102747.03
  8065,99531.20,102747.09
  8073,99531.38,102746.81
  8081,99530.89,102747.05
  8090,99531.19,102746.77
  8098,99531.34,102746.91
  8107,99531.14,102746.67
  8116,99531.27,102747.02
  8123,99531.91,102747.78
  8132,99531.81,102747.45
  8141,99532.09,102747.69
  8149,99532.19,102747.77
  8158,99532.50,102748.27
  8166,99533.00,102747.84
  8174,99532.92,102747.77
  8183,99533.42,102748.08
  8192,99533.75,102748.62
  8200,99533.27,102748.84
  8207,99533.89,102748.91
  8216,99534.47,102748.84
  8225,99534.53,102748.92
  8233,99534.08,102748.86
  8242,99534.39,102749.08
  8250,99534.55,102748.88
  8258,99533.98,102748.62
  8267,99533.64,102748.50
  8275,99534.45,102749.22
  8284,99534.16,102749.08
  8292,99534.28,102748.44
  8300,99533.81,102748.84
  8309,99533.14,102749.09
  8317,99533.58,102748.34
  8325,99532.72,102748.45
  8334,99532.58,102748.53
  8343,99532.23,102748.08
  8351,99532.67,102748.33
  8360,99532.25,102747.42
  8368,99531.80,102747.47
  8377,99531.58,102747.95
  8385,99532.30,102747.52
  8393,99531.48,102747.50
  8402,99530.94,102747.11
  8410,99531.27,102747.75
  8419,99530.72,102746.59
  8427,99531.09,102747.28
  8436,99531.06,102747.31
  8444,99530.72,102746.94
  8452,99530.91,102747.84
  8461,99531.16,102747.48
  8469,99531.09,102747.27
  8478,99531.39,102747.47
  8486,99531.59,102747.97
  8495,99531.95,102748.22
  8503,99532.62,102748.42
  8511,99532.73,102748.22
  8519,99532.45,102748.91
  8528,99532.92,102749.11
  8537,99533.22,102748.92
  8545,99533.36,102749.39
  8554,99533.88,102750.14
  8562,99533.53,102750.23
  8571,99534.02,102750.08
  8579,99534.19,102750.39
  8587,99534.53,102750.61
  8596,99534.36,102750.38
  8604,99534.23,102750.61
  8613,99534.14,102749.92
  8621,99534.80,102750.38
  8630,99534.42,102750.00
  8638,99534.39,102750.44
  8647,99534.50,102750.45
  8655,99534.55,102750.84
  8663,99534.42,102750.20
  8673,99533.66,102749.80
  8682,99533.55,102750.31
  8689,99533.11,102749.47
  8699,99533.09,102749.30
  8706,99532.89,102749.72
  8714,99532.50,102749.31
  8723,99532.55,102749.53
  8731,99532.53,102749.52
  8742,99532.06,102748.66
  8748,99532.22,102749.02
  8757,99531.95,102748.52
  8765,99531.16,102749.06
  8773,99531.47,102748.36
  8783,99530.97,102748.94
  8791,99531.16,102748.47
  8799,99531.28,102748.59
  8807,99531.72,102748.75
  8815,99531.39,102748.95
  8824,99531.39,102748.89
  8832,99531.33,102749.27
  8841,99531.34,102749.08
  8849,99531.20,102749.34
  8858,99531.73,102748.98
  8866,99531.86,102749.34
  8874,99532.30,102749.70
  8882,99532.89,102750.28
  8892,99533.81,102750.44
  8900,99533.81,102751.20
  8908,99533.92,102751.33
  8917,99534.16,102751.31
  8925,99534.22,102751.11
  8933,99535.22,102751.39
  8942,99534.80,102751.28
  8950,99535.72,102751.73
  8958,99535.80,102751.77
  8967,99536.48,102752.16
  8975,99536.09,102752.36
  8983,99536.27,102751.84
  8992,99536.11,102752.38
  9001,99536.12,102752.38
  9009,99536.20,102752.41
  9018,99535.94,102752.20
  9026,99535.75,102752.00
  9034,99535.62,102752.06
  9043,99535.80,102752.31
  9051,99535.22,102752.06
  9059,99534.36,102751.45
  9068,99534.83,102751.17
  9077,99534.41,102751.61
  9085,99534.36,102750.97
  9094,99534.48,102750.69
  9102,99533.72,102750.50
  9110,99533.30,102750.84
  9119,99533.41,102749.94
  9127,99532.89,102750.25
  9135,99532.53,102749.86
  9144,99532.36,102750.00
  9152,99531.66,102749.53
  9160,99532.12,102749.25
  9169,99532.03,102749.42
  9178,99532.28,102749.81
  9186,99531.91,102749.55
  9194,99531.77,102749.69
  9203,99531.78,102749.20
  9211,99531.83,102749.92
  9220,99532.38,102749.39
  9228,99532.30,102749.55
  9237,99531.50,102750.17
  9245,99532.25,102750.27
  9253,99531.89,102750.12
  9261,99532.38,102750.19
  9271,99532.14,102750.45
  9279,99531.91,102750.23
  9287,99532.06,102750.25
  9296,99531.80,102750.23
  9304,99531.80,102750.02
  9313,99532.34,102750.16
  9320,99531.50,102750.19
  9329,99532.48,102751.02
  9338,99532.55,102750.53
  9346,99532.77,102750.91
  9355,99533.23,102750.77
  9363,99533.02,102751.02
  9371,99533.42,102751.45
  9380,99533.70,102750.98
  9389,99533.77,102751.38
  9397,99534.11,102751.47
  9405,99534.61,102752.08
  9413,99534.64,102752.11
  9422,99535.30,102752.62
  9431,99535.55,102753.23
  9439,99535.95,102752.98
  9448,99536.45,102753.06
  9456,99536.14,102753.25
  9464,99536.36,102753.36
  9472,99537.03,102753.61
  9481,99536.44,102753.64
  9489,99536.62,102754.14
  9498,99536.55,102753.72
  9507,99536.42,102753.72
  9515,99536.36,102753.45
  9523,99536.27,102753.56
  9532,99535.84,102753.08
  9540,99535.56,102753.14
  9549,99535.22,102753.06
  9557,99534.45,102752.75
  9566,99534.73,102752.45
  9574,99533.95,102751.62
  9582,99533.89,102751.69
  9590,99533.67,102751.22
  9599,99533.11,102751.39
  9608,99533.09,102751.02
  9616,99532.27,102750.39
  9625,99531.36,102750.42
  9633,99532.12,102750.75
  9641,99531.28,102750.28
  9650,99531.48,102750.19
  9658,99530.94,102750.33
  9667,99530.95,102750.41
  9675,99531.64,102750.31
  9683,99531.55,102750.06
  9692,99531.16,102750.72
  9700,99531.48,102750.81
  9709,99531.44,102750.83
  9718,99531.22,102750.73
  9726,99531.70,102750.97
  9734,99531.81,102750.75
  9743,99532.16,102751.06
  9751,99532.66,102750.91
  9759,99532.34,102751.91
  9767,99533.27,102751.91
  9776,99533.69,102751.86
  9784,99533.67,102752.27
  9792,99534.05,102752.81
  9802,99534.80,102752.30
  9809,99534.72,102753.00
  9819,99535.58,102753.25
  9827,99535.94,102753.28
  9836,99535.89,102754.03
  9844,99536.31,102753.73
  9852,99536.22,102754.19
  9860,99536.27,102754.45
  9869,99536.52,102754.47
  9878,99536.62,102754.77
  9885,99536.34,102754.70
  9894,99537.22,102754.56
  9903,99536.83,102754.72
  9911,99537.19,102754.66
  9919,99537.11,102754.53
  9928,99536.70,102754.28
  9936,99536.16,102755.03
  9944,99536.03,102754.34
  9953,99536.16,102754.25
  9961,99535.80,102753.88
  9970,99536.03,102753.67
  9979,99535.61,102753.67
  9987,99535.98,102753.45
  9996,99535.50,102753.69
 10004,99534.66,102753.05
 10012,99534.88,102753.25
 10021,99534.58,102752.81
 10030,99534.47,102753.05
 10037,99534.11,102753.05
 10046,99533.95,102752.44
 10054,99533.23,102752.17
 10063,99533.81,102752.33
 10071,99533.44,102751.53
 10079,99533.42,102752.11
 10088,99532.61,102751.78
 10096,99533.25,102751.75
 10105,99532.52,102751.44
 10113,99532.80,102751.42
 10122,99532.70,102751.22
 10130,99532.42,102751.55
 10139,99532.08,102751.53
 10147,99532.39,102751.48
 10156,99532.14,102751.41
 10164,99532.20,102751.20
 10172,99531.69,102750.91
 10181,99532.03,102751.59
 10189,99532.39,102751.58
 10198,99532.58,102751.27
 10206,99532.42,102751.12
 10215,99532.12,102751.16
 10223,99532.39,102750.84
 10231,99532.73,102750.42
 10239,99532.55,102750.89
 10249,99532.64,102750.61
 10256,99533.08,102750.86
 10266,99533.55,102750.67
 10274,99533.30,102750.47
 10282,99533.78,102750.83
 10291,99533.64,102751.16
 10299,99533.59,102750.55
 10307,99533.61,102750.69
 10316,99533.28,102750.30
 10324,99533.44,102750.30
 10333,99534.42,102750.53
 10341,99533.34,102750.42
 10350,99533.67,102750.58
 10358,99533.75,102750.66
 10366,99533.73,102750.80
 10375,99533.83,102750.48
 10383,99533.41,102750.86
 10392,99533.78,102750.17
 10401,99533.53,102750.03
 10408,99534.16,102750.45
 10417,99534.22,102750.83
 10426,99533.92,102750.70
 10434,99533.92,102750.16
 10442,99533.69,102750.17
 10450,99533.97,102749.58
 10460,99534.39,102750.36
 10468,99533.77,102749.61
 10476,99534.23,102749.92
 10485,99533.64,102750.22
 10493,99533.80,102749.75
 10502,99534.38,102749.47
 10510,99534.91,102749.84
 10518,99534.58,102749.69
 10527,99534.03,102749.14
 10536,99533.98,102749.14
 10544,99533.78,102749.45
 10552,99534.16,102748.75
 10560,99533.89,102749.25
 10569,99533.64,102749.61
 10577,99533.75,102749.91
 10586,99534.06,102749.52
 10594,99534.14,102749.50
 10602,99533.80,102749.52
 10611,99534.31,102749.33
 10619,99533.88,102749.19
 10627,99533.84,102749.55
 10636,99534.34,102748.80
 10644,99534.30,102749.36
 10653,99533.84,102749.16
 10661,99533.80,102749.17
 10670,99534.20,102749.23
 10679,99533.84,102749.23
 10687,99533.95,102749.23
 10695,99534.42,102749.47
 10704,99533.88,102749.61
 10712,99534.25,102749.47
 10721,99534.20,102749.77
 10729,99534.03,102749.94
 10738,99534.55,102750.81
 10746,99534.77,102750.73
 10754,99535.03,102750.73
 10762,99535.45,102750.88
 10771,99535.53,102751.09
 10780,99535.39,102752.06
 10789,99536.16,102752.61
 10797,99536.30,102752.41
 10806,99537.14,102752.88
 10814,99536.97,102753.06
 10822,99537.23,102752.84
 10831,99537.66,102753.39
 10839,99538.06,102753.45
 10848,99538.56,102753.64
 10856,99538.97,102754.27
 10864,99539.06,102754.11
 10874,99539.39,102754.30
 10882,99539.27,102754.89
 10890,99539.59,102754.42
 10899,99539.45,102754.58
 10906,99539.73,102754.19
 10914,99539.69,102754.30
 10924,99538.75,102754.53
 10931,99539.30,102754.36
 10940,99539.14,102754.30
 10948,99538.53,102754.47
 10957,99538.66,102753.98
 10966,99538.22,102754.00
 10974,99537.77,102753.44
 10983,99538.00,102753.03
 10991,99537.34,102753.25
 10999,99536.95,102752.59
 11008,99536.70,102752.62
 11015,99536.64,102752.81
 11024,99536.14,102752.86
 11032,99536.08,102752.52
 11041,99535.67,102752.39
 11049,99535.61,102751.72
 11058,99535.38,102751.92
 11066,99534.72,102752.00
 11075,99534.86,102752.02
 11083,99534.33,102751.31
 11092,99534.88,102752.06
 11100,99534.92,102751.91
 11108,99534.62,102752.23
 11116,99535.06,102752.52
 11125,99534.95,102752.59
 11133,99535.45,102752.70
 11142,99535.69,102752.89
 11150,99535.83,102752.83
 11159,99536.25,102753.36
 11167,99536.83,102753.81
 11176,99537.09,102754.39
 11184,99537.78,102754.23
 11193,99537.69,102754.41
 11201,99538.44,102754.81
 11210,99538.09,102755.34
 11218,99538.52,102755.69
 11226,99538.88,102755.42
 11235,99538.95,102755.72
 11243,99538.47,102756.36
 11252,99539.38,102756.03
 11260,99539.25,102756.03
 11269,99538.92,102756.38
 11278,99539.52,102756.05
 11286,99539.78,102756.41
 11294,99539.30,102756.58
 11303,99539.08,102755.91
 11311,99538.52,102755.70
 11319,99538.86,102755.23
 11328,99538.50,102755.11
 11336,99538.97,102755.08
 11345,99538.55,102755.08
 11353,99538.16,102755.05
 11362,99538.70,102755.19
 11369,99537.94,102754.41
 11379,99537.73,102754.91
 11387,99537.62,102754.75
 11395,99537.39,102754.16
 11403,99536.80,102754.02
 11412,99536.58,102754.14
 11420,99536.56,102754.28
 11429,99536.67,102754.17
 11438,99536.41,102753.73
 11446,99535.67,102753.80
 11455,99536.23,102754.22
 11463,99536.08,102754.00
 11472,99536.14,102754.25
 11479,99536.17,102754.25
 11488,99536.75,102754.52
 11496,99536.14,102754.67
 11505,99536.88,102754.11
 11513,99536.19,102755.12
 11522,99536.97,102755.39
 11530,99537.77,102755.59
 11538,99538.12,102755.89
 11547,99538.42,102756.48
 11555,99538.62,102757.12
 11564,99538.69,102757.03
 11572,99539.22,102757.06
 11581,99539.88,102757.91
 11589,99539.86,102758.34
 11598,99540.55,102758.16
 11605,99540.34,102758.08
 11614,99540.05,102758.28
 11622,99540.91,102758.27
 11631,99540.52,102758.36
 11639,99540.48,102757.84
 11648,99540.73,102757.98
 11657,99540.41,102758.30
 11665,99540.61,102758.23
 11674,99540.28,102758.19
 11682,99540.45,102758.03
 11690,99540.22,102758.36
 11699,99539.95,102757.73
 11707,99539.75,102757.97
 11716,99539.52,102757.50
 11723,99538.69,102757.19
 11733,99538.31,102757.22
 11741,99538.62,102756.97
 11749,99538.22,102756.53
 11757,99537.89,102756.88
 11766,99537.97,102757.02
 11774,99537.31,102756.17
 11783,99536.97,102756.23
 11791,99536.50,102756.36
 11801,99537.27,102755.97
 11809,99536.47,102755.83
 11816,99537.30,102755.86
 11825,99537.28,102756.17
 11833,99536.91,102755.92
 11842,99537.02,102756.30
 11850,99536.81,102756.03
 11859,99537.34,102756.25
 11868,99538.08,102756.14
 11876,99538.11,102756.80
 11884,99537.97,102756.78
 11892,99538.47,102757.23
 11901,99538.83,102757.41
 11909,99539.03,102757.22
 11918,99539.41,102758.09
 11927,99539.91,102758.33
 11934,99539.86,102758.80
 11944,99540.16,102758.64
 11951,99539.77,102759.03
 11960,99540.05,102758.78
 11968,99540.55,102758.91
 11977,99540.66,102758.92
 11985,99540.59,102758.97
 11993,99540.89,102759.16
 12002,99540.38,102759.39
 12010,99540.48,102759.66
 12019,99540.77,102759.06
 12027,99540.27,102759.09
 12036,99540.50,102759.48
 12044,99540.38,102758.72
 12053,99539.69,102758.86
 12061,99539.91,102759.09
 12069,99540.30,102759.31
 12078,99540.05,102758.69
 12086,99539.47,102758.80
 12095,99539.22,102758.84
 12103,99539.05,102758.00
 12111,99538.66,102757.92
 12120,99538.44,102757.48
 12128,99538.47,102757.77
 12137,99538.33,102757.44
 12145,99537.77,102757.50
 12153,99537.84,102757.06
 12162,99537.39,102757.16
 12171,99537.78,102756.44
 12179,99537.69,102757.12
 12188,99537.34,102757.03
 12196,99537.83,102756.70
 12204,99537.58,102756.80
 12213,99537.83,102756.98
 12221,99537.52,102756.97
 12230,99537.94,102757.56
 12238,99538.06,102757.33
 12247,99537.70,102757.66
 12255,99538.00,102757.69
 12264,99538.44,102757.83
 12272,99538.09,102757.67
 12280,99538.45,102758.48
 12289,99539.05,102758.47
 12297,99539.19,102758.44
 12306,99539.80,102758.52
 12314,99539.78,102759.30
 12322,99540.02,102759.28
 12331,99539.78,102759.48
 12339,99540.20,102759.62
 12347,99540.28,102759.70
 12356,99540.61,102759.69
 12364,99540.73,102759.98
 12373,99540.78,102760.16
 12381,99540.66,102760.31
 12390,99540.55,102759.78
 12398,99541.41,102760.47
 12407,99541.03,102760.48
 12416,99540.62,102760.30
 12423,99540.33,102759.61
 12432,99540.73,102760.03
 12441,99541.00,102760.25
 12449,99540.58,102760.16
 12458,99540.53,102759.66
 12467,99540.67,102759.53
 12474,99540.05,102759.56
 12483,99540.28,102759.38
 12491,99540.27,102759.47
 12500,99539.78,102759.19
 12509,99539.16,102759.62
 12516,99539.34,102758.91
 12525,99538.75,102758.45
 12534,99538.47,102758.38
 12542,99538.94,102757.95
 12550,99538.36,102758.09
 12559,99537.80,102758.05
 12567,99537.75,102757.80
 12575,99537.69,102757.62
 12584,99537.73,102757.44
 12592,99537.39,102757.84
 12601,99537.95,102757.28
 12609,99537.72,102757.61
 12618,99537.20,102757.69
 12626,99537.41,102757.44
 12635,99537.12,102757.20
 12643,99537.14,102757.03
 12652,99536.70,102756.98
 12660,99537.09,102756.81
 12668,99536.52,102756.88
 12677,99537.58,102757.00
 12685,99536.30,102757.06
 12694,99537.33,102757.05
 12702,99537.23,102757.19
 12710,99537.48,102757.61
 12719,99537.53,102757.78
 12728,99537.94,102757.31
 12735,99537.77,102757.95
 12744,99537.95,102757.91
 12752,99537.62,102757.67
 12760,99537.73,102757.97
 12770,99538.42,102757.98
 12777,99537.97,102758.28
 12787,99538.16,102757.83
 12795,99538.17,102757.83
 12803,99538.50,102758.17
 12812,99538.56,102758.23
 12820,99538.72,102758.33
 12829,99538.69,102758.30
 12837,99538.72,102758.30
 12846,99538.64,102758.61
 12855,99538.61,102757.94
 12863,99539.14,102758.14
 12872,99538.73,102758.75
 12879,99539.05,102758.39
 12888,99538.45,102757.98
 12897,99539.05,102758.50
 12906,99539.00,102758.86
 12913,99539.50,102758.55
 12921,99539.53,102758.67
 12930,99539.09,102758.64
 12938,99539.17,102758.89
 12947,99539.08,102758.66
 12955,99539.00,102758.98
 12964,99539.16,102759.20
 12972,99539.06,102758.62
 12981,99539.48,102758.41
 12989,99539.52,102758.50
 12998,99539.20,102758.16
 13005,99539.53,102758.61
 13015,99539.34,102758.75
 13022,99540.23,102758.44
 13030,99540.33,102758.67
 13039,99539.77,102759.20
 13047,99539.84,102758.64
 13056,99540.14,102759.08
 13065,99539.28,102759.52
 13074,99540.38,102759.05
 13082,99540.06,102758.77
 13089,99540.28,102758.72
 13099,99540.33,102759.06
 13107,99540.47,102759.23
 13115,99541.36,102758.72
 13124,99540.80,102758.81
 13132,99540.64,102758.81
 13140,99540.92,102758.98
 13149,99540.94,102758.91
 13157,99540.80,102759.19
 13166,99540.84,102759.36
 13174,99540.52,102758.80
 13183,99540.84,102758.97
 13191,99541.25,102758.78
 13200,99540.98,102759.27
 13208,99540.88,102759.27
 13217,99541.02,102759.30
 13225,99541.33,102759.20
 13234,99540.94,102758.92
 13241,99541.30,102758.48
 13251,99541.27,102758.36
 13258,99541.58,102758.94
 13267,99541.11,102759.00
 13275,99541.03,102758.64
 13284,99541.12,102758.95
 13292,99540.98,102758.67
 13301,99541.39,102758.91
 13309,99541.11,102759.08
 13318,99541.05,102758.53
 13326,99541.06,102758.42
 13334,99541.53,102758.91
 13343,99540.97,102758.75
 13351,99541.45,102758.66
 13360,99541.50,102758.58
 13368,99540.81,102758.66
 13377,99541.19,102757.86
 13385,99541.59,102758.61
 13394,99541.36,102758.55
 13401,99542.16,102758.56
 13410,99541.56,102758.22
 13418,99541.00,102758.77
 13427,99541.31,102758.39
 13436,99541.86,102758.23
 13444,99541.31,102758.00
 13453,99541.72,102758.48
 13461,99541.38,102758.62
 13469,99541.34,102758.03
 13478,99541.75,102758.03
 13486,99541.86,102758.80
 13494,99541.30,102758.45
 13503,99541.97,102758.38
 13512,99541.66,102758.55
 13520,99542.16,102758.94
 13528,99541.80,102757.92
 13537,99541.64,102758.67
 13545,99542.30,102758.95
 13554,99541.97,102758.38
 13562,99542.56,102758.81
 13571,99541.50,102758.66
 13579,99542.20,102757.98
 13588,99542.44,102758.67
 13596,99542.31,102758.52
 13605,99542.08,102758.61
 13612,99542.09,102758.61
 13621,99542.19,102758.72
 13630,99542.09,102758.41
 13637,99542.47,102758.08
 13646,99542.61,102758.22
 13654,99542.53,102758.09
 13663,99542.55,102758.47
 13671,99542.39,102758.28
 13680,99542.56,102758.25
 13689,99542.48,102758.50
 13697,99542.25,102758.59
 13706,99541.86,102758.27
 13713,99542.38,102758.59
 13722,99542.16,102758.52
 13730,99542.30,102758.19
 13739,99542.23,102758.52
 13748,99541.95,102758.53
 13756,99541.78,102758.16
 13764,99542.56,102758.20
 13773,99541.94,102758.05
 13781,99542.39,102757.95
 13790,99542.84,102758.30
 13799,99542.67,102758.31
 13808,99543.06,102757.84
 13817,99542.73,102758.33
 13823,99542.16,102758.02
 13832,99542.44,102757.67
 13840,99542.55,102757.91
 13849,99542.23,102758.20
 13857,99542.19,102758.17
 13866,99542.86,102758.08
 13874,99542.64,102757.62
 13882,99542.23,102757.69
 13891,99542.48,102758.16
 13899,99542.88,102757.78
 13908,99542.28,102757.86
 13916,99542.70,102757.94
 13925,99542.86,102757.86
 13933,99542.14,102757.94
 13942,99542.73,102758.27
 13950,99542.52,102758.06
 13958,99543.09,102757.98
 13967,99542.20,102757.88
 13975,99542.55,102757.78
 13984,99542.78,102757.94
 13992,99542.48,102757.84
 14001,99542.53,102757.73
 14009,99542.30,102758.20
 14017,99542.62,102757.62
 14025,99542.31,102757.75
 14034,99542.73,102757.72
 14042,99542.22,102758.03
 14051,99542.59,102757.86
 14059,99542.16,102757.58
 14068,99542.67,102757.47
 14077,99542.00,102757.38
 14085,99542.78,102757.47
 14093,99542.06,102757.58
 14101,99542.41,102757.56
 14110,99542.62,102757.67
 14118,99542.39,102757.42
 14127,99542.44,102757.39
 14135,99542.53,102757.17
 14144,99542.16,102757.12
 14152,99542.27,102756.89
 14161,99541.84,102757.45
 14169,99542.05,102757.42
 14178,99542.09,102757.27
 14186,99541.56,102757.33
 14194,99541.83,102757.20
 14202,99541.52,102757.36
 14211,99541.91,102757.70
 14220,99541.20,102756.78
 14228,99541.58,102756.89
 14237,99541.84,102756.83
 14245,99541.52,102756.94
 14254,99541.30,102756.89
 14262,99541.48,102756.59
 14270,99541.45,102757.00
 14279,99541.50,102757.19
 14287,99541.28,102756.64
 14296,99540.84,102756.97
 14304,99541.41,102757.16
 14313,99541.17,102756.53
 14320,99540.66,102756.42
 14330,99541.27,102757.06
 14338,99540.50,102756.45
 14347,99540.42,102756.62
 14355,99540.22,102756.77
 14364,99540.81,102756.19
 14372,99540.59,102756.06
 14380,99540.45,102756.31
 14388,99540.23,102757.08
 14397,99540.75,102756.45
 14405,99540.58,102756.12
 14413,99541.03,102756.25
 14422,99540.25,102756.23
 14430,99540.14,102756.03
 14439,99540.02,102756.22
 14447,99540.22,102755.84
 14456,99540.03,102755.94
 14465,99540.06,102755.89
 14472,99539.81,102755.45
 14481,99539.92,102755.58
 14489,99540.00,102755.52
 14498,99539.62,102755.44
 14506,99540.25,102756.08
 14515,99539.83,102755.31
 14523,99540.00,102755.88
 14532,99539.61,102754.92
 14540,99539.97,102755.83
 14549,99539.62,102755.42
 14557,99539.59,102755.66
 14566,99539.59,102755.31
 14574,99539.66,102755.70
 14582,99539.92,102755.31
 14590,99539.55,102755.69
 14600,99539.55,102755.34
 14607,99539.28,102755.39
 14616,99539.50,102755.23
 14624,99539.81,102755.55
 14633,99539.52,102754.98
 14641,99538.95,102755.56
 14650,99539.39,102755.48
 14658,99539.05,102755.84
 14667,99539.39,102755.28
 14675,99539.77,102755.36
 14684,99539.70,102755.08
 14692,99539.03,102755.03
 14701,99539.28,102755.36
 14709,99539.61,102755.06
 14718,99539.11,102754.92
 14726,99539.23,102755.06
 14734,99539.61,102754.72
 14743,99539.48,102755.02
 14751,99539.16,102754.95
 14760,99539.61,102754.86
 14767,99539.17,102755.33
 14776,99539.25,102755.14
 14785,99539.00,102755.72
 14793,99539.30,102755.72
 14802,99538.88,102754.86
 14810,99539.28,102754.86
 14819,99539.34,102754.97
 14828,99539.08,102754.92
 14836,99539.17,102754.73
 14844,99538.67,102754.56
 14854,99538.91,102754.69
 14861,99539.00,102754.89
 14869,99538.77,102754.67
 14878,99538.64,102755.05
 14886,99539.55,102755.12
 14895,99538.81,102755.17
 14904,99538.66,102755.19
 14911,99538.48,102754.66
 14920,99539.11,102754.89
 14928,99538.67,102754.88
 14937,99538.75,102754.88
 14946,99538.83,102754.50
 14954,99538.52,102754.59
 14962,99538.42,102754.72
 14971,99538.91,102754.64
 14979,99539.20,102754.39
 14987,99538.89,102754.61
 14996,99538.61,102754.31
 15004,99538.59,102754.75
 15013,99538.86,102754.31
 15020,99538.73,102754.55
 15029,99538.80,102754.28
 15037,99538.23,102754.16
 15046,99538.31,102754.59
 15055,99538.16,102754.44
 15063,99538.47,102754.75
 15072,99538.56,102754.50
 15080,99538.56,102754.56
 15089,99538.33,102754.28
 15097,99538.38,102754.20
 15105,99538.41,102754.05
 15113,99538.72,102754.39
 15122,99538.12,102754.22
 15130,99538.05,102754.47
 15139,99538.12,102754.33
 15147,99538.47,102753.89
 15156,99538.23,102754.16
 15164,99537.89,102754.12
 15172,99537.75,102754.23
 15181,99538.50,102754.08
 15189,99538.48,102754.38
 15198,99538.36,102754.34
 15206,99537.84,102754.31
 15215,99537.77,102754.25
 15223,99538.45,102754.59
 15231,99538.47,102754.17
 15240,99538.14,102754.36
 15249,99538.16,102754.02
 15257,99537.81,102753.78
 15266,99538.61,102754.17
 15274,99538.45,102754.30
 15282,99538.66,102754.12
 15290,99538.45,102754.06
 15299,99537.88,102754.14
 15307,99538.45,102754.38
 15316,99538.50,102754.34
 15324,99538.47,102754.52
 15333,99538.67,102754.22
 15341,99538.77,102754.42
 15349,99538.88,102754.50
 15358,99538.73,102754.36
 15366,99538.92,102754.56
 15375,99538.91,102754.83
 15383,99539.08,102754.53
 15392,99539.06,102754.55
 15400,99538.69,102754.38
 15409,99538.86,102754.66
 15417,99539.19,102754.55
 15426,99539.20,102753.86
 15434,99539.33,102754.55
 15443,99539.34,102754.36
 15450,99538.88,102754.36
 15459,99538.89,102754.73
 15468,99539.20,102754.36
 15476,99538.84,102754.22
 15485,99539.25,102754.23
 15494,99538.53,102754.19
 15501,99539.20,102754.36
 15510,99539.12,102754.23
 15518,99538.89,102754.02
 15526,99538.70,102754.31
 15535,99538.94,102754.20
 15543,99539.89,102754.25
 15552,99538.78,102753.83
 15561,99539.11,102753.86
 15569,99538.80,102754.14
 15578,99539.20,102754.00
 15585,99539.33,102754.09
 15594,99538.75,102754.22
 15602,99538.94,102753.92
 15611,99538.78,102754.19
 15620,99538.52,102753.73
 15629,99538.61,102754.02
 15636,99538.94,102754.05
 15645,99538.83,102753.91
 15654,99538.89,102754.11
 15661,99538.55,102754.39
 15670,99538.64,102754.12
 15678,99538.69,102753.59
 15687,99539.06,102754.08
 15695,99538.44,102753.91
 15704,99538.22,102753.88
 15712,99538.58,102753.94
 15721,99538.77,102753.41
 15729,99539.05,102753.45
 15738,99538.62,102753.56
 15746,99538.38,102753.47
 15754,99538.42,102753.80
 15763,99539.05,102753.94
 15771,99539.06,102753.69
 15779,99538.59,102753.86
 15788,99539.02,102753.56
 15796,99538.66,102753.84
 15804,99538.97,102753.91
 15813,99539.11,102753.70
 15822,99539.03,102753.69
 15830,99538.42,102753.77
 15839,99538.42,102753.50
 15847,99538.14,102753.39
 15856,99538.59,102753.62
 15863,99538.47,102753.55
 15872,99538.78,102753.64
 15881,99538.58,102753.77
 15889,99538.56,102753.39
 15898,99537.70,102753.30
 15907,99538.69,102753.56
 15915,99538.92,102753.30
 15922,99538.59,102753.56
 15931,99537.97,102753.67
 15939,99538.39,102753.39
 15948,99538.34,102753.11
 15956,99538.20,102753.52
 15965,99538.48,102753.53
 15973,99538.94,102753.36
 15982,99538.36,102753.33
 15991,99538.25,102753.83
 15999,99538.66,102753.84
 16008,99538.20,102753.80
 16015,99538.52,102753.75
 16024,99538.48,102753.47
 16033,99538.11,102753.33
 16041,99538.17,102753.14
 16050,99538.59,102753.66
 16058,99538.08,102753.48
 16067,99538.20,102753.38
 16075,99538.20,102753.72
 16084,99538.22,102753.55
 16091,99538.02,102753.48
 16100,99538.22,102753.19
 16108,99538.11,102753.41
 16117,99537.98,102753.09
 16125,99538.44,102753.56
 16134,99538.39,102753.20
 16142,99538.45,102753.30
 16151,99538.05,102753.14
 16159,99538.48,102753.66
 16168,99538.25,102752.94
 16176,99538.53,102753.69
 16184,99538.31,102753.06
 16193,99538.25,102753.45
 16202,99538.42,102753.50
 16210,99538.62,102753.42
 16218,99538.27,102753.61
 16227,99538.47,102753.78
 16235,99538.23,102753.19
 16243,99537.80,102753.31
 16251,99538.19,102753.09
 16260,99538.45,102753.27
 16269,99538.38,102753.53
 16277,99538.09,102753.30
 16286,99538.42,102753.19
 16294,99537.64,102753.55
 16302,99538.09,102753.25
 16311,99537.86,102753.20
 16319,99538.02,102753.27
 16328,99538.06,102752.69
 16336,99538.17,102753.45
 16345,99537.80,102753.34
 16353,99538.11,102753.09
 16362,99538.28,102753.56
 16369,99538.48,102753.25
 16378,99538.11,102753.39
 16387,99538.14,102753.55
 16395,99538.59,102753.58
 16403,99538.05,102752.78
 16412,99537.62,102753.27
 16420,99538.08,102753.27
 16429,99537.92,102753.14
 16438,99538.41,102753.09
 16446,99538.48,102753.73
 16455,99537.70,102753.12
 16462,99537.84,102753.59
 16471,99537.95,102753.50
 16480,99537.78,102752.89
 16488,99537.59,102753.52
 16497,99538.03,102753.47
 16505,99538.11,102752.67
 16514,99538.06,102753.19
 16521,99537.91,102753.20
 16530,99537.39,102753.12
 16538,99537.94,102752.95
 16547,99537.70,102753.16
 16555,99537.48,102752.70
 16564,99537.33,102753.36
 16572,99537.44,102753.05
 16580,99537.50,102752.83
 16589,99537.45,102752.98
 16597,99537.70,102752.67
 16606,99537.20,102752.86
 16614,99537.23,102752.67
 16623,99537.02,102752.55
 16632,99537.41,102752.77
 16640,99537.17,102752.64
 16648,99537.25,102753.44
 16657,99536.98,102752.75
 16665,99537.20,102752.56
 16674,99536.95,102752.59
 16681,99537.39,102752.95
 16690,99536.95,102752.55
 16699,99537.55,102752.53
 16707,99537.50,102752.98
 16715,99537.47,102752.73
 16724,99537.17,102752.86
 16732,99536.69,102752.97
 16742,99536.86,102752.17
 16749,99536.53,102752.17
 16758,99537.48,102753.08
 16766,99537.09,102752.36
 16774,99536.88,102752.48
 16783,99537.64,102752.95
 16791,99536.48,102752.94
 16800,99537.34,102752.45
 16808,99536.47,102752.95
 16817,99537.33,102753.22
 16825,99536.72,102752.19
 16833,99536.73,102752.80
 16842,99537.00,102752.14
 16850,99536.86,102752.64
 16859,99536.73,102752.58
 16867,99537.05,102752.58
 16876,99537.05,102752.41
 16885,99536.83,102752.42
 16894,99536.33,102752.64
 16902,99536.83,102752.25
 16911,99536.69,102752.30
 16919,99537.00,102752.47
 16928,99536.61,102751.89
 16935,99536.97,102753.11
 16944,99536.64,102752.39
 16952,99536.59,102752.59
 16960,99537.02,102752.33
 16969,99536.44,102752.83
 16977,99536.62,102752.67
 16986,99536.50,102752.78
 16995,99536.52,102752.17
 17003,99536.83,102752.31
 17010,99536.47,102752.34
 17019,99536.28,102752.83
 17028,99536.08,102752.52
 17037,99536.50,102752.50
 17045,99536.20,102752.91
 17053,99536.88,102752.58
 17061,99536.30,102752.14
 17070,99536.64,102752.31
 17079,99536.34,102752.19
 17086,99536.52,102752.27
 17095,99536.19,102752.34
 17104,99536.30,102752.19
 17112,99536.20,102752.48
 17120,99536.81,102752.45
 17128,99536.25,102752.48
 17137,99536.61,102752.36
 17145,99536.00,102752.83
 17154,99536.09,102752.38
 17163,99536.16,102752.36
 17171,99536.30,102752.53
 17179,99535.61,102752.12
 17188,99536.48,102752.09
 17196,99535.67,102752.34
 17205,99536.50,102752.17
 17213,99536.14,102751.89
 17222,99536.27,102752.11
 17230,99536.23,102752.19
 17239,99535.92,102752.38
 17247,99536.08,102752.14
 17256,99536.17,102752.17
 17263,99536.14,102752.25
 17272,99535.91,102752.66
 17280,99535.81,102752.23
 17288,99536.09,102752.31
 17297,99536.14,102752.09
 17305,99536.42,102752.56
 17314,99535.39,102752.20
 17323,99535.88,102752.16
 17331,99535.84,102752.34
 17339,99535.64,102752.22
 17348,99535.94,102751.95
 17356,99536.17,102751.83
 17365,99535.70,102751.98
 17373,99535.88,102752.14
 17382,99535.89,102752.20
 17390,99536.23,102752.25
 17399,99535.69,102751.88
 17407,99536.00,102751.89
 17416,99535.81,102752.27
 17424,99535.47,102752.14
 17432,99535.77,102752.12
 17441,99535.64,102751.86
 17449,99535.78,102751.89
 17458,99535.56,102751.80
 17466,99535.52,102752.12
 17474,99535.39,102752.03
 17482,99535.91,102751.84
 17491,99535.97,102751.70
 17500,99535.69,102752.06
 17508,99535.44,102751.97
 17517,99535.61,102752.17
 17525,99535.39,102751.64
 17534,99535.45,102752.02
 17542,99535.88,102751.69
 17551,99535.55,102752.05
 17559,99535.77,102751.98
 17567,99535.55,102751.95
 17575,99535.17,102751.91
 17584,99535.64,102752.05
 17592,99535.42,102752.02
 17601,99535.20,102751.69
 17609,99535.08,102751.66
 17618,99535.48,102751.58
 17627,99535.28,102751.88
 17635,99535.20,102751.62
 17642,99535.22,102751.89
 17651,99535.17,102751.97
 17660,99535.11,102752.38
 17669,99535.36,102751.78
 17677,99535.05,102751.80
 17685,99535.59,102751.95
 17694,99535.14,102751.33
 17702,99535.53,102751.42
 17710,99535.20,102751.73
 17719,99535.33,102751.52
 17728,99535.27,102751.33
 17735,99535.36,102751.52
 17744,99535.56,102751.39
 17753,99535.16,102751.34
 17762,99535.02,102751.73
 17770,99534.89,102751.77
 17777,99534.95,102751.78
 17786,99535.14,102751.55
 17795,99534.84,102751.36
 17804,99534.67,102751.66
 17812,99535.22,102751.27
 17820,99535.12,102751.53
 17829,99535.47,102752.03
 17837,99535.12,102751.41
 17846,99534.73,102751.67
 17854,99534.95,102751.67
 17862,99535.11,102751.19
 17871,99535.23,102751.64
 17879,99534.64,102751.44
 17887,99535.02,102751.77
 17896,99535.05,102751.88
 17905,99535.16,102751.42
 17912,99534.78,102751.14
 17921,99534.86,102751.34
 17930,99534.80,102751.70
 17938,99534.92,102751.72
 17947,99534.69,102751.55
 17955,99534.52,102751.64
 17964,99534.42,102751.78
 17972,99534.95,102751.83
 17981,99534.73,102751.34
 17989,99534.89,102751.58
 17998,99535.22,102751.53
 18005,99534.59,102751.20
 18014,99534.38,102751.50
 18022,99535.14,102751.78
 18031,99534.91,102751.61
 18039,99534.56,102750.78
 18048,99534.58,102752.02
 18056,99534.58,102751.47
 18064,99534.45,102751.61
 18073,99534.52,102751.20
 18081,99534.72,102751.16
 18091,99534.30,102751.19
 18099,99534.23,102751.70
 18107,99534.64,102751.36
 18116,99534.61,102751.66
 18123,99534.58,102751.67
 18132,99534.27,102751.08
 18140,99534.58,102751.58
 18149,99534.34,102751.19
 18157,99534.66,102751.59
 18165,99534.38,102751.08
 18174,99534.78,102751.31
 18183,99534.44,102751.36
 18191,99534.31,102751.06
 18199,99534.22,102751.84
 18207,99534.28,102750.75
 18216,99534.47,102751.80
 18225,99534.88,102751.62
 18234,99533.81,102751.33
 18241,99533.95,102751.38
 18250,99534.17,102751.05
 18258,99534.09,102751.38
 18267,99534.53,102751.34
 18275,99534.17,102751.31
 18284,99534.34,102751.47
 18292,99533.91,102751.44
 18301,99534.22,102751.52
 18309,99534.09,102751.20
 18318,99533.78,102751.17
 18326,99534.27,102751.27
 18335,99534.86,102750.95
 18343,99534.38,102751.23
 18352,99533.95,102751.27
 18360,99534.22,102751.25
 18368,99534.05,102750.91
 18377,99534.25,102751.28
 18385,99534.09,102751.25
 18393,99534.59,102751.17
 18402,99534.00,102751.34
 18410,99534.39,102750.92
 18419,99533.88,102751.19
 18427,99534.44,102750.94
 18436,99534.02,102751.11
 18444,99533.97,102751.27
 18453,99534.39,102750.91
 18461,99533.83,102750.72
 18470,99534.42,102751.19
 18477,99534.25,102750.83
 18486,99534.14,102751.02
 18495,99534.03,102751.19
 18503,99534.11,102751.12
 18512,99533.95,102750.86
 18520,99533.41,102751.08
 18529,99534.73,102750.75
 18536,99533.88,102750.73
 18546,99534.31,102751.08
 18553,99533.31,102751.19
 18562,99534.50,102750.47
 18570,99534.11,102750.72
 18579,99533.73,102750.91
 18587,99533.66,102750.72
 18596,99533.78,102751.23
 18604,99533.61,102751.34
 18613,99533.97,102751.02
 18621,99533.97,102750.78
 18630,99533.83,102750.88
 18638,99533.81,102751.05
 18646,99533.98,102751.28
 18654,99533.78,102750.67
 18663,99533.78,102751.05
 18672,99533.58,102750.62
 18681,99533.86,102751.05
 18689,99533.98,102750.42
 18697,99533.44,102750.89
 18706,99533.89,102750.62
 18714,99533.64,102750.56
 18723,99533.70,102750.98
 18730,99533.69,102751.08
 18741,99533.92,102750.61
 18748,99533.47,102750.61
 18756,99533.50,102750.48
 18764,99533.52,102750.69
 18773,99533.84,102750.92
 18781,99533.62,102750.48
 18790,99533.69,102750.73
 18798,99533.17,102750.55
 18807,99533.34,102751.23
 18815,99533.33,102750.95
 18823,99533.42,102750.70
 18832,99533.50,102750.92
 18840,99533.81,102750.47
 18849,99533.59,102750.62
 18857,99533.48,102750.62
 18866,99533.42,102750.52
 18875,99533.41,102750.11
 18883,99533.08,102751.02
 18891,99533.03,102750.62
 18900,99533.16,102750.50
 18908,99533.44,102750.97
 18917,99534.02,102750.61
 18925,99533.58,102750.72
 18934,99533.27,102750.73
 18942,99533.50,102750.47
 18950,99533.48,102750.52
 18959,99532.95,102750.23
 18968,99533.05,102750.70
 18976,99533.17,102750.64
 18985,99533.14,102750.62
 18992,99533.14,102750.84
 19001,99533.12,102750.61
 19010,99533.03,102751.02
 19018,99533.16,102750.59
 19026,99533.44,102750.70
 19035,99533.31,102750.67
 19043,99533.23,102750.89
 19052,99533.27,102750.69
 19061,99533.00,102751.02
 19068,99533.05,102750.69
 19077,99532.69,102750.42
 19085,99533.28,102750.42
 19093,99532.95,102750.34
 19102,99533.06,102750.38
 19110,99532.84,102750.58
 19119,99532.98,102750.42
 19127,99532.91,102750.88
 19135,99533.12,102750.14
 19144,99533.08,102750.22
 19152,99532.86,102750.67
 19161,99533.28,102749.89
 19169,99532.98,102750.58
 19178,99532.59,102750.30
 19187,99533.09,102750.34
 19194,99532.97,102750.50
 19202,99532.75,102750.52
 19212,99533.20,102750.98
 19219,99533.08,102750.19
 19228,99532.88,102750.45
 19237,99533.16,102750.84
 19245,99532.70,102750.31
 19254,99532.31,102750.58
 19262,99533.47,102750.50
 19270,99532.42,102750.58
 19279,99532.98,102749.88
 19287,99533.06,102750.27
 19296,99532.66,102750.50
 19303,99532.12,102750.14
 19312,99532.52,102750.59
 19321,99532.66,102750.52
 19330,99532.25,102750.44
 19337,99532.41,102750.38
 19347,99532.94,102750.38
 19355,99532.47,102750.64
 19363,99532.69,102749.89
 19372,99532.45,102750.33
 19379,99532.77,102750.70
 19388,99532.03,102750.41
 19397,99532.62,102750.94
 19406,99532.78,102750.02
 19414,99532.84,102750.20
 19422,99532.58,102750.80
 19431,99532.58,102750.36
 19439,99532.97,102750.12
 19448,99532.17,102750.39
 19456,99532.81,102750.41
 19465,99532.64,102750.34
 19473,99532.64,102749.92
 19481,99532.56,102750.31
 19489,99532.69,102750.17
 19498,99532.67,102749.69
 19507,99532.39,102750.02
 19515,99532.16,102750.14
 19523,99532.50,102750.11
 19533,99532.19,102750.03
 19540,99532.66,102749.61
 19548,99532.67,102750.02
 19557,99531.75,102750.38
 19565,99532.53,102750.47
 19573,99531.69,102750.48
 19582,99532.08,102750.11
 19591,99532.25,102749.86
 19599,99532.03,102749.97
 19607,99531.75,102749.83
 19616,99532.27,102749.50
 19624,99532.06,102750.28
 19633,99532.11,102749.78
 19641,99532.56,102749.97
 19650,99532.17,102749.64
 19659,99531.86,102750.08
 19666,99531.78,102750.25
 19675,99531.67,102750.03
 19683,99531.89,102749.91
 19691,99532.27,102750.20
 19700,99532.25,102750.19
 19708,99531.98,102750.22
 19718,99532.66,102750.06
 19725,99531.73,102749.95
 19734,99531.80,102750.17
 19743,99532.06,102750.22
 19751,99531.47,102749.97
 19759,99532.12,102750.38
 19767,99532.03,102749.73
 19777,99532.23,102749.78
 19784,99532.38,102749.67
 19793,99531.14,102749.41
 19803,99531.59,102749.70
 19810,99532.09,102749.77
 19819,99532.34,102749.97
 19826,99531.91,102749.77
 19835,99531.77,102749.97
 19844,99531.73,102750.12
 19852,99531.67,102750.22
 19861,99531.44,102750.03
 19869,99532.23,102749.72
 19877,99531.83,102749.80
 19886,99531.44,102749.66
 19895,99531.97,102749.67
 19903,99532.06,102749.72
 19911,99532.02,102749.95
 19920,99532.09,102749.25
 19928,99531.58,102749.47
 19937,99531.86,102749.56
 19944,99532.00,102749.59
 19953,99531.81,102749.31
 19961,99531.38,102749.66
 19971,99531.77,102750.11
 19978,99531.56,102749.53
 19987,99531.53,102749.97
 19995,99531.36,102749.66
 20004,99531.52,102749.69
 20012,99531.31,102749.55
 20021,99531.67,102749.64
 20029,99532.09,102749.16
 20038,99531.20,102749.42
 20046,99531.67,102749.83
 20054,99531.83,102749.69
 20063,99531.56,102749.50
 20071,99531.06,102749.50
 20080,99531.66,102749.48
 20088,99531.22,102749.27
 20096,99531.05,102749.75
 20105,99531.66,102749.39
 20113,99531.23,102749.38
 20122,99531.34,102749.62
 20130,99531.17,102749.67
 20139,99531.14,102750.14
 20147,99530.69,102749.61
 20156,99531.55,102749.50
 20164,99531.30,102749.75
 20173,99531.28,102749.62
 20181,99531.47,102749.34
 20189,99531.45,102749.47
 20198,99531.19,102749.55
 20206,99531.31,102749.42
 20215,99531.39,102749.81
 20223,99531.36,102748.97
 20231,99531.44,102749.58
 20240,99531.20,102749.61
 20249,99531.22,102749.77
 20256,99531.31,102749.89
 20266,99531.45,102749.55
 20274,99530.92,102749.44
 20282,99531.27,102749.72
 20291,99531.48,102749.94
 20298,99531.50,102749.78
 20308,99531.06,102749.58
 20316,99531.14,102749.41
 20325,99530.88,102749.55
 20332,99531.27,102750.00
 20341,99530.75,102749.42
 20349,99530.86,102749.62
 20358,99530.83,102749.39
 20366,99531.09,102749.12
 20375,99530.80,102749.30
 20383,99530.52,102749.06
 20391,99530.86,102749.16
 20400,99531.03,102749.02
 20409,99530.78,102748.80
 20417,99530.91,102749.17
 20426,99530.77,102749.72
 20434,99531.08,102749.41
 20443,99531.58,102749.62
 20450,99530.69,102749.03
 20459,99530.84,102749.17
 20469,99530.72,102749.66
 20476,99531.28,102748.91
 20484,99530.28,102748.97
 20492,99531.22,102749.52
 20501,99530.73,102749.27
 20509,99530.89,102749.56
 20518,99530.36,102749.16
 20526,99530.44,102749.80
 20535,99531.44,102749.14
 20543,99530.52,102749.31
 20552,99531.08,102749.55
 20560,99530.50,102749.39
 20569,99530.53,102749.31
 20577,99530.84,102749.38
 20586,99530.80,102749.05
 20594,99531.33,102749.61
 20602,99530.86,102749.36
 20611,99530.95,102749.28
 20619,99530.91,102749.41
 20628,99530.59,102749.66
 20636,99530.77,102749.02
 20645,99530.67,102749.06
 20653,99530.39,102749.17
 20661,99530.33,102749.42
 20670,99530.84,102749.20
 20678,99530.81,102749.14
 20687,99530.55,102749.59
 20695,99531.08,102749.22
 20704,99530.16,102749.14
 20712,99530.80,102749.44
 20721,99530.17,102749.81
 20729,99530.70,102749.61
 20738,99530.72,102749.56
 20746,99530.38,102749.55
 20755,99530.62,102748.88
 20763,99530.91,102748.97
 20772,99531.14,102749.34
 20780,99530.67,102749.02
 20789,99530.20,102749.31
 20797,99529.83,102749.05
 20804,99530.31,102749.09
 20813,99530.22,102748.86
 20822,99530.50,102749.17
 20830,99530.70,102749.22
 20839,99530.55,102749.25
 20847,99529.86,102749.47
 20855,99530.22,102749.69
 20864,99530.59,102749.42
 20872,99530.16,102748.77
 20881,99530.31,102749.64
 20890,99530.39,102749.14
 20899,99530.75,102749.58
 20908,99530.36,102749.53
 20915,99530.59,102749.02
 20924,99529.67,102749.09
 20932,99530.34,102748.81
 20941,99530.38,102749.08
 20950,99530.23,102749.20
 20957,99529.75,102748.77
 20966,99530.03,102749.31
 20975,99529.95,102749.11
 20983,99530.36,102748.75
 20990,99530.30,102749.34
 20999,99530.61,102748.83
 21008,99529.92,102749.52
 21017,99530.56,102749.41
 21025,99530.22,102748.81
 21033,99530.48,102749.28
 21041,99530.52,102749.14
 21050,99530.38,102749.05
 21059,99530.38,102749.17
 21067,99530.38,102749.06
 21075,99529.98,102749.20
 21084,99530.05,102749.28
 21093,99530.41,102748.84
 21100,99530.45,102749.33
 21109,99530.42,102749.05
 21117,99529.86,102748.80
 21125,99530.23,102749.05
 21134,99530.97,102748.94
 21142,99530.14,102749.06
 21151,99530.06,102748.88
 21159,99530.31,102749.33
 21167,99529.91,102749.14
 21176,99529.47,102749.47
 21184,99529.98,102749.42
 21193,99529.86,102749.06
 21201,99530.05,102748.38
 21210,99530.47,102748.83
 21219,99529.98,102749.20
 21227,99529.81,102749.11
 21235,99529.66,102749.02
 21244,99529.56,102748.91
 21251,99529.78,102748.48
 21260,99530.03,102749.33
 21269,99529.62,102748.88
 21278,99529.66,102748.70
 21285,99529.42,102749.11
 21294,99529.69,102748.75
 21303,99529.53,102749.02
 21311,99529.53,102748.56
 21320,99529.30,102748.97
 21327,99529.84,102748.83
 21337,99529.61,102748.67
 21344,99529.19,102748.89
 21353,99529.83,102748.72
 21361,99529.45,102749.12
 21370,99529.92,102748.81
 21379,99529.92,102748.92
 21387,99529.52,102748.89
 21395,99529.19,102748.66
 21403,99529.45,102748.89
 21412,99529.31,102749.06
 21420,99529.55,102748.83
 21429,99529.36,102748.94
 21437,99529.30,102749.05
 21446,99529.81,102748.58
 21455,99529.06,102748.91
 21462,99529.64,102748.92
 21471,99529.47,102749.23
 21479,99529.52,102748.78
 21488,99529.41,102749.00
 21496,99528.94,102749.03
 21504,99529.47,102748.89
 21513,99529.14,102748.44
 21522,99529.19,102748.47
 21529,99529.25,102748.58
 21539,99529.36,102748.53
 21546,99529.45,102748.66
 21555,99529.33,102749.20
 21563,99529.19,102748.88
 21572,99529.00,102748.89
 21580,99529.23,102748.81
 21589,99529.25,102748.50
 21597,99528.83,102748.31
 21605,99529.20,102748.78
 21615,99528.84,102748.09
 21622,99529.08,102748.55
 21631,99528.91,102748.91
 21639,99529.62,102748.70
 21648,99528.48,102748.72
 21656,99528.95,102748.50
 21665,99528.67,102748.61
 21673,99528.80,102748.00
 21682,99529.42,102749.11
 21690,99529.06,102748.67
 21699,99528.84,102748.55
 21707,99528.61,102748.23
 21716,99529.23,102748.38
 21724,99528.30,102748.61
 21732,99528.89,102748.39
 21741,99528.83,102748.66
 21749,99528.56,102748.33
 21757,99528.45,102748.59
 21766,99528.53,102748.59
 21774,99528.80,102748.03
 21783,99529.23,102748.77
 21791,99528.58,102748.28
 21800,99528.50,102748.23
 21808,99528.17,102748.33
 21817,99528.08,102748.19
 21825,99528.33,102748.55
 21834,99528.91,102748.11
 21842,99528.33,102748.20
 21851,99528.66,102748.19
 21858,99528.72,102748.66
 21867,99528.67,102748.55
 21875,99528.44,102748.23
 21884,99528.27,102748.48
 21892,99527.95,102748.02
 21901,99528.48,102748.16
 21910,99528.75,102748.38
 21918,99528.59,102748.14
 21926,99528.30,102748.03
 21934,99528.45,102748.20
 21943,99528.42,102748.27
 21952,99528.19,102748.45
 21961,99528.16,102748.50
 21968,99528.59,102747.92
 21977,99528.22,102748.38
 21985,99527.52,102748.23
 21994,99528.50,102748.64
 22002,99528.20,102748.81
 22010,99527.81,102747.73
 22019,99528.31,102748.30
 22027,99527.78,102747.75
 22036,99528.06,102748.42
 22044,99527.59,102748.02
 22053,99528.02,102748.34
 22062,99527.81,102748.22
 22070,99528.20,102748.03
 22078,99527.92,102748.36
 22087,99528.14,102747.61
 22095,99527.36,102748.30
 22104,99527.88,102748.05
 22112,99527.88,102748.42
 22121,99527.72,102748.83
 22128,99527.62,102748.41
 22137,99527.73,102747.91
 22145,99527.44,102748.19
 22154,99527.62,102748.23
 22162,99527.81,102748.00
 22171,99527.45,102747.88
 22179,99527.38,102747.94
 22188,99527.73,102748.19
 22196,99527.11,102748.03
 22205,99527.06,102748.58
 22213,99528.02,102748.61
 22221,99527.28,102748.12
 22230,99527.44,102748.03
 22238,99527.33,102747.78
 22247,99527.50,102747.91
 22255,99527.58,102747.86
 22263,99527.20,102748.09
 22272,99527.09,102748.39
 22280,99527.33,102748.11
 22289,99527.64,102748.28
 22297,99527.09,102748.31
 22305,99527.41,102747.58
 22314,99527.44,102748.47
 22323,99527.08,102748.27
 22331,99527.34,102748.00
 22339,99527.42,102748.42
 22348,99526.86,102747.80
 22357,99527.14,102747.84
 22365,99527.22,102747.80
 22373,99527.38,102748.53
 22382,99527.09,102747.78
 22389,99527.45,102748.25
 22399,99526.80,102747.95
 22406,99526.95,102748.53
 22415,99526.95,102748.20
 22424,99526.95,102747.55
 22432,99527.78,102747.69
 22441,99527.28,102748.00
 22449,99526.70,102748.12
 22458,99526.55,102747.58
 22466,99526.98,102747.44
 22474,99526.44,102747.97
 22483,99526.55,102747.86
 22491,99527.06,102748.05
 22500,99526.92,102747.52
 22509,99526.30,102747.91
 22516,99526.80,102747.66
 22525,99526.95,102747.47
 22533,99527.03,102747.47
 22542,99526.48,102747.80
 22550,99526.55,102747.75
 22559,99526.50,102747.72
 22567,99526.20,102747.25
 22575,99526.73,102747.66
 22584,99526.19,102747.81
 22592,99526.39,102748.00
 22601,99526.33,102747.72
 22609,99526.81,102747.81
 22618,99526.31,102747.64
 22626,99525.92,102747.42
 22634,99526.78,102747.44
 22643,99526.02,102747.97
 22651,99526.70,102747.59
 22660,99526.50,102747.75
 22668,99526.53,102747.86
 22677,99526.39,102747.39
 22686,99525.81,102747.61
 22693,99525.81,102747.72
 22702,99526.66,102747.95
 22710,99525.86,102747.89
 22719,99525.72,102747.41
 22728,99526.03,102747.81
 22736,99525.72,102747.67
 22744,99526.83,102747.45
 22753,99526.23,102747.81
 22761,99525.83,102748.05
 22769,99526.25,102747.61
 22778,99525.72,102747.86
 22786,99524.98,102747.77
 22795,99526.22,102747.95
 22804,99525.97,102747.56
 22811,99525.75,102747.72
 22819,99526.00,102747.77
 22828,99525.28,102747.12
 22837,99525.59,102747.38
 22845,99525.53,102747.55
 22853,99525.77,102747.19
 22862,99525.53,102747.55
 22871,99525.78,102747.80
 22879,99525.59,102747.73
 22888,99525.58,102747.58
 22895,99525.89,102747.23
 22904,99525.88,102747.23
 22913,99525.53,102747.39
 22921,99525.44,102747.52
 22930,99525.48,102747.86
 22938,99525.89,102747.86
 22946,99525.59,102747.62
 22955,99525.50,102747.67
 22963,99525.48,102747.67
 22972,99525.36,102747.58
 22980,99525.23,102747.58
 22989,99525.42,102747.61
 22997,99525.50,102747.61
 23005,99525.59,102747.45
 23014,99525.25,102747.41
 23023,99525.31,102747.56
 23031,99525.44,102747.38
 23039,99525.09,102747.09
 23048,99525.16,102747.44
 23056,99525.59,102747.52
 23066,99525.38,102747.48
 23073,99524.94,102747.66
 23082,99524.91,102747.77
 23090,99525.17,102747.16
 23098,99525.08,102747.95
 23107,99525.05,102747.53
 23115,99524.92,102748.25
 23124,99524.47,102747.64
 23132,99524.64,102746.94
 23140,99524.91,102746.83
 23149,99525.12,102747.11
 23157,99524.59,102746.95
 23166,99524.58,102747.42
 23174,99525.08,102747.14
 23183,99525.23,102747.41
 23190,99524.72,102747.45
 23200,99525.03,102747.72
 23208,99524.33,102747.41
 23217,99524.84,102747.48
 23225,99524.27,102746.88
 23233,99524.41,102747.67
 23241,99525.03,102747.41
 23250,99524.50,102747.48
 23258,99524.66,102746.80
 23267,99524.41,102747.03
 23275,99524.80,102747.56
 23284,99524.14,102747.66
 23292,99524.31,102747.55
 23300,99524.47,102747.36
 23309,99524.84,102747.36
 23317,99524.34,102747.59
 23326,99524.38,102747.16
 23334,99524.48,102747.20
 23343,99524.16,102747.16
 23351,99524.14,102747.45
 23359,99524.09,102747.16
 23368,99524.44,102747.36
 23377,99523.88,102747.33
 23385,99524.09,102747.14
 23394,99524.28,102746.97
 23402,99523.75,102747.16
 23411,99524.14,102747.09
 23419,99523.31,102747.08
 23427,99523.31,102746.84
 23435,99523.88,102746.97
 23444,99523.59,102747.20
 23452,99523.77,102747.62
 23460,99524.00,102747.03
 23469,99523.89,102747.12
 23478,99523.16,102746.73
 23486,99523.92,102746.77
 23494,99523.33,102747.31
 23503,99523.80,102746.78
 23511,99523.55,102746.69
 23520,99523.41,102747.05
 23529,99523.44,102746.70
 23537,99523.75,102746.25
 23546,99523.50,102746.89
 23553,99523.41,102746.59
 23562,99523.25,102746.69
 23571,99523.06,102746.80
 23579,99523.30,102746.78
 23588,99523.31,102746.77
 23595,99523.33,102746.72
 23604,99523.22,102746.95
 23612,99523.42,102746.89
 23621,99523.47,102746.58
 23629,99523.69,102746.94
 23638,99523.08,102746.55
 23646,99523.11,102746.81
 23654,99523.08,102746.30
 23663,99523.11,102746.48
 23672,99522.89,102746.97
 23680,99523.28,102747.09
 23689,99523.56,102746.88
 23697,99523.09,102746.77
 23705,99523.08,102746.16
 23713,99523.11,102747.23
 23722,99522.86,102746.81
 23731,99522.61,102747.05
 23739,99522.59,102746.67
 23748,99522.50,102746.52
 23756,99522.84,102746.92
 23764,99523.02,102746.56
 23772,99522.70,102747.17
 23781,99522.94,102747.03
 23789,99522.50,102746.66
 23798,99522.75,102746.73
 23806,99522.88,102746.56
 23815,99522.58,102746.52
 23823,99522.59,102746.73
 23832,99522.31,102746.72
 23840,99522.48,102746.25
 23849,99522.34,102746.86
 23858,99522.48,102746.41
 23865,99522.70,102746.08
 23873,99521.95,102746.58
 23882,99522.08,102746.23
 23891,99522.25,102746.17
 23899,99522.75,102746.89
 23908,99522.08,102746.59
 23916,99522.03,102746.77
 23924,99522.34,102746.53
 23933,99521.78,102747.03
 23941,99522.27,102746.30
 23950,99521.92,102746.53
 23958,99522.06,102746.70
 23966,99522.30,102746.53
 23975,99522.08,102745.73
 23984,99522.27,102745.95
 23992,99522.23,102746.64
 24001,99521.86,102746.48
 24009,99521.89,102746.44
 24017,99522.11,102746.77
 24026,99522.34,102745.88
 24035,99521.88,102746.30
 24042,99521.28,102746.55
 24051,99521.84,102746.77
 24059,99521.59,102746.50
 24067,99521.53,102746.58
 24076,99521.25,102746.67
 24085,99521.45,102746.34
 24093,99521.69,102746.31
 24101,99522.02,102746.28
 24110,99521.78,102746.45
 24118,99521.11,102746.05
 24127,99521.27,102746.28
 24135,99520.94,102745.98
 24143,99520.89,102746.06
 24152,99521.31,102746.73
 24161,99521.31,102746.27
 24169,99521.52,102746.44
 24178,99521.09,102746.20
 24186,99521.38,102746.23
 24194,99521.33,102746.17
 24203,99521.12,102746.11
 24211,99521.27,102746.59
 24220,99521.06,102745.72
 24228,99521.19,102745.92
 24236,99521.33,102746.39
 24245,99521.14,102746.12
 24253,99520.84,102746.25
 24262,99521.27,102745.89
 24271,99520.77,102746.25
 24279,99521.45,102745.97
 24287,99521.27,102746.41
 24296,99520.98,102746.38
 24304,99520.94,102746.44
 24313,99520.92,102746.45
 24321,99520.97,102746.14
 24329,99520.81,102745.95
 24337,99520.45,102746.19
 24346,99521.31,102746.58
 24354,99520.53,102745.67
 24363,99520.67,102746.16
 24372,99520.70,102745.72
 24379,99520.89,102746.03
 24388,99520.69,102745.92
 24397,99520.11,102745.81
 24405,99520.47,102746.22
 24414,99520.77,102746.08
 24422,99520.34,102746.27
 24430,99520.80,102746.25
 24439,99520.88,102746.41
 24448,99520.89,102745.97
 24455,99520.44,102746.39
 24465,99520.38,102745.81
 24472,99520.38,102745.80
 24481,99520.23,102746.11
 24490,99519.97,102745.47
 24497,99520.23,102746.12
 24507,99520.48,102745.73
 24514,99520.45,102745.89
 24524,99520.16,102746.55
 24532,99520.36,102746.23
 24540,99520.36,102746.47
 24549,99520.17,102745.45
 24557,99520.16,102745.88
 24566,99520.20,102745.86
 24574,99520.45,102745.62
 24582,99520.45,102746.02
 24591,99520.11,102745.73
 24599,99520.28,102745.75
 24608,99519.91,102746.48
 24616,99520.02,102745.75
 24625,99520.11,102745.70
 24633,99520.44,102746.31
 24641,99519.91,102745.75
 24650,99519.56,102746.39
 24658,99519.88,102745.45
 24667,99519.58,102746.09
 24675,99519.86,102745.75
 24684,99519.50,102745.48
 24692,99520.16,102745.48
 24701,99519.98,102746.06
 24709,99519.53,102745.59
 24717,99519.73,102745.73
 24726,99520.27,102745.19
 24734,99519.09,102745.70
 24742,99519.39,102745.56
 24751,99519.67,102745.67
 24759,99519.64,102746.00
 24768,99519.67,102745.64
 24776,99519.84,102745.45
 24784,99519.73,102745.95
 24793,99519.69,102746.06
 24801,99519.30,102745.97
 24810,99518.94,102745.50
 24818,99519.48,102746.20
 24827,99518.97,102745.89
 24835,99519.59,102745.67
 24843,99518.97,102745.20
 24852,99519.05,102745.58
 24861,99519.11,102745.31
 24869,99518.92,102745.34
 24877,99518.91,102745.25
 24885,99519.09,102745.59
 24894,99519.23,102745.61
 24902,99518.80,102745.56
 24911,99518.78,102745.73
 24919,99518.92,102745.83
 24928,99518.92,102745.39
 24936,99518.41,102745.36
 24944,99519.23,102745.50
 24953,99519.06,102745.55
 24961,99518.62,102745.53
 24970,99519.08,102745.59
 24978,99518.61,102745.14
 24987,99518.81,102745.64
 24995,99518.81,102745.86
 25004,99518.22,102745.42
 25013,99518.67,102745.27
 25022,99518.34,102745.25
 25030,99518.23,102745.80
 25038,99518.44,102745.22
 25046,99518.45,102745.72
 25055,99518.52,102745.30
 25064,99518.70,102745.44
 25072,99518.62,102744.86
 25080,99518.19,102744.83
 25089,99518.41,102745.06
 25097,99518.11,102745.11
 25106,99518.14,102745.03
 25114,99518.42,102745.14
 25123,99518.08,102745.38
 25131,99518.75,102745.14
 25139,99518.42,102745.28
 25147,99518.36,102745.17
 25156,99517.89,102745.50
 25164,99517.78,102745.00
 25173,99518.12,102745.28
 25182,99517.91,102745.34
 25190,99518.12,102745.38
 25198,99518.11,102745.14
 25206,99517.77,102745.42
 25215,99518.50,102745.55
 25223,99517.41,102745.25
 25232,99517.25,102745.09
 25239,99518.09,102745.06
 25249,99517.75,102744.75
 25257,99517.86,102745.33
 25265,99518.03,102745.78
 25274,99517.69,102745.11
 25281,99517.91,102745.03
 25290,99518.27,102744.83
 25299,99517.19,102745.06
 25308,99517.94,102745.59
 25315,99517.84,102745.30
 25324,99517.44,102745.08
 25332,99517.84,102745.55
 25341,99517.47,102745.08
 25349,99518.02,102745.34
 25358,99517.31,102745.02
 25366,99517.56,102745.00
 25375,99517.77,102745.14
 25383,99517.72,102744.94
 25391,99517.44,102744.97
 25400,99517.56,102744.92
 25409,99517.38,102745.11
 25417,99517.69,102745.34
 25426,99517.45,102745.12
 25434,99517.73,102745.50
 25443,99517.52,102744.69
 25451,99517.44,102744.92
 25459,99517.27,102745.16
 25468,99517.61,102744.72
 25476,99517.36,102745.06
 25484,99518.02,102744.73
 25492,99517.22,102744.86
 25502,99517.06,102745.11
 25510,99518.08,102744.94
 25518,99517.47,102745.12
 25527,99517.34,102744.95
 25535,99517.55,102744.80
 25544,99517.19,102745.12
 25551,99517.16,102744.80
 25561,99517.03,102745.27
 25569,99517.84,102744.95
 25577,99517.23,102744.98
 25586,99516.94,102745.34
 25593,99516.94,102745.17
 25602,99516.92,102744.86
 25611,99517.25,102745.03
 25619,99516.70,102744.98
 25628,99517.25,102744.94
 25636,99516.83,102745.27
 25645,99516.98,102745.27
 25653,99517.34,102744.86
 25661,99516.97,102744.72
 25669,99516.64,102745.42
 25678,99517.19,102744.92
 25687,99516.42,102745.05
 25695,99517.06,102744.88
 25704,99516.98,102744.84
 25712,99517.05,102745.48
 25721,99516.94,102744.59
 25729,99516.91,102744.62
 25737,99516.69,102745.44
 25746,99516.72,102745.09
 25754,99517.25,102744.55
 25763,99516.50,102744.92
 25771,99517.45,102744.89
 25780,99516.50,102744.58
 25788,99516.81,102745.56
 25797,99517.38,102744.44
 25805,99516.92,102744.84
 25814,99516.97,102745.36
 25821,99516.81,102745.48
 25829,99517.50,102744.69
 25839,99516.72,102745.31
 25847,99516.97,102745.05
 25856,99517.14,102745.38
 25864,99517.23,102745.52
 25873,99516.89,102745.83
 25880,99516.98,102745.09
 25889,99516.95,102744.69
 25897,99517.05,102745.56
 25907,99517.03,102744.80
 25915,99517.08,102744.91
 25923,99516.95,102744.70
 25932,99516.19,102744.86
 25940,99516.80,102744.61
 25948,99517.16,102744.66
 25957,99516.33,102744.88
 25965,99516.80,102745.48
 25973,99516.81,102744.69
 25982,99517.00,102745.36
 25990,99516.48,102744.89
 25999,99516.22,102744.61
 26007,99516.80,102744.62
 26016,99516.88,102744.92
 26024,99517.00,102744.92
 26033,99516.59,102744.91
 26040,99516.08,102745.11
 26049,99516.77,102744.66
 26058,99516.64,102744.81
 26066,99516.61,102744.81
 26075,99516.42,102744.92
 26083,99516.34,102744.97
 26091,99516.95,102745.09
 26100,99516.41,102745.16
 26109,99516.91,102745.20
 26116,99516.47,102744.91
 26125,99516.48,102744.77
 26134,99516.33,102744.69
 26142,99516.28,102744.83
 26150,99516.80,102744.95
 26159,99516.33,102744.91
 26167,99516.45,102745.30
 26175,99516.61,102745.22
 26185,99516.20,102744.69
 26192,99515.92,102745.00
 26201,99516.59,102745.38
 26210,99516.41,102744.72
 26217,99516.20,102745.06
 26227,99516.19,102745.00
 26235,99516.09,102745.00
 26244,99516.66,102744.73
 26251,99516.28,102744.75
 26261,99516.39,102744.69
 26269,99516.06,102745.41
 26277,99515.89,102745.23
 26285,99516.47,102745.16
 26294,99516.25,102745.28
 26302,99516.17,102745.08
 26311,99515.81,102744.42
 26319,99516.23,102744.89
 26328,99516.00,102744.50
 26336,99515.78,102745.00
 26344,99515.98,102745.05
 26353,99516.11,102744.62
 26361,99516.38,102744.48
 26369,99516.08,102744.91
 26378,99515.83,102744.81
 26386,99516.08,102744.75
 26395,99516.34,102744.88
 26404,99516.06,102744.78
 26411,99515.66,102745.14
 26420,99515.98,102744.69
 26428,99515.59,102745.14
 26437,99515.95,102744.86
 26446,99515.67,102744.91
 26455,99515.56,102745.19
 26462,99515.78,102744.56
 26471,99515.55,102745.06
 26479,99515.58,102744.75
 26487,99515.94,102744.78
 26496,99515.72,102745.03
 26504,99516.20,102744.75
 26513,99515.53,102744.73
 26521,99515.52,102744.47
 26529,99515.31,102744.41
 26538,99515.33,102744.09
 26546,99515.45,102745.16
 26556,99515.53,102744.97
 26563,99515.55,102745.09
 26572,99516.09,102744.86
 26581,99516.05,102744.95
 26588,99515.72,102744.44
 26597,99515.72,102744.80
 26606,99515.56,102744.75
 26615,99515.50,102744.95
 26622,99514.97,102744.95
 26631,99515.33,102744.77
 26639,99515.38,102744.77
 26648,99515.41,102744.47
 26656,99515.28,102744.48
 26664,99515.59,102744.69
 26673,99515.48,102744.73
 26682,99515.16,102744.89
 26690,99515.64,102744.89
 26699,99515.55,102744.47
 26706,99515.47,102745.27
 26715,99514.94,102744.75
 26724,99514.92,102744.53
 26732,99515.55,102744.61
 26742,99515.22,102744.67
 26749,99514.78,102744.67
 26758,99515.09,102744.50
 26766,99515.27,102744.41
 26775,99515.48,102745.02
 26783,99515.20,102744.70
 26791,99515.39,102744.69
 26799,99515.16,102744.55
 26808,99515.12,102744.66
 26816,99514.50,102745.02
 26825,99515.23,102744.48
 26833,99515.19,102744.69
 26842,99514.92,102744.73
 26850,99515.12,102744.73
 26858,99514.92,102744.56
 26867,99514.48,102744.72
 26875,99515.06,102744.41
 26884,99514.86,102744.92
 26893,99515.16,102744.95
 26901,99514.97,102744.55
 26910,99514.67,102744.44
 26918,99515.16,102744.42
 26926,99514.92,102744.78
 26934,99515.06,102744.44
 26943,99514.16,102744.66
 26951,99514.94,102744.25
 26960,99514.89,102744.17
 26969,99514.70,102744.17
 26977,99514.58,102744.38
 26986,99514.92,102744.70
 26994,99514.61,102744.47
 27004,99514.36,102744.39
 27011,99514.84,102744.41
 27020,99514.70,102744.58
 27029,99514.45,102744.48
 27036,99514.50,102744.53
 27046,99514.45,102744.38
 27053,99514.17,102744.55
 27062,99513.83,102744.38
 27070,99514.47,102743.98
 27079,99514.53,102744.44
 27087,99514.61,102744.67
 27096,99514.20,102744.47
 27104,99514.34,102744.16
 27113,99514.59,102744.56
 27120,99514.89,102744.53
 27129,99514.47,102744.97
 27137,99514.30,102744.80
 27146,99514.27,102744.77
 27154,99513.97,102744.36
 27163,99514.00,102744.25
 27171,99514.50,102744.19
 27179,99514.42,102744.41
 27188,99514.06,102744.92
 27196,99514.16,102744.48
 27204,99514.19,102744.75
 27213,99514.28,102744.39
 27221,99513.34,102744.47
 27230,99514.27,102744.27
 27238,99513.80,102744.59
 27247,99513.95,102744.00
 27255,99514.56,102743.81
 27264,99514.08,102744.41
 27272,99513.73,102744.11
 27280,99514.11,102744.66
 27289,99514.17,102744.77
 27297,99513.81,102744.12
 27306,99513.84,102744.23
 27314,99513.42,102743.94
 27323,99513.84,102744.09
 27331,99513.92,102744.19
 27339,99513.52,102744.72
 27348,99513.77,102744.05
 27356,99513.41,102744.27
 27365,99513.69,102744.03
 27373,99513.72,102745.02
 27381,99513.48,102744.20
 27390,99513.38,102744.50
 27398,99513.81,102744.53
 27407,99514.08,102744.66
 27415,99513.59,102744.64
 27424,99513.78,102744.28
 27432,99513.08,102744.52
 27441,99513.48,102744.39
 27449,99513.55,102744.33
 27457,99513.44,102744.38
 27466,99513.39,102744.50
 27474,99513.33,102744.09
 27483,99513.45,102744.31
 27491,99513.53,102744.00
 27500,99513.50,102744.27
 27508,99513.36,102744.34
 27516,99512.91,102744.11
 27525,99513.19,102744.14
 27533,99513.44,102744.34
 27541,99512.78,102744.52
 27550,99513.23,102744.00
 27558,99513.50,102744.14
 27567,99513.03,102744.56
 27575,99513.59,102744.44
 27583,99513.19,102744.25
 27592,99512.97,102744.31
 27600,99513.36,102743.72
 27609,99513.27,102744.34
 27618,99513.09,102744.02
 27625,99512.75,102744.50
 27634,99513.31,102743.97
 27643,99513.34,102744.59
 27652,99512.72,102744.27
 27660,99513.12,102744.39
 27669,99512.89,102744.53
 27676,99513.00,102744.34
 27685,99513.17,102743.97
 27693,99512.80,102744.62
 27702,99512.80,102743.84
 27711,99512.80,102744.45
 27718,99512.94,102743.94
 27728,99513.16,102743.75
 27735,99513.19,102744.33
 27744,99512.98,102744.39
 27753,99512.33,102744.33
 27761,99512.83,102744.03
 27770,99512.16,102743.95
 27778,99512.42,102744.48
 27786,99513.00,102743.67
 27795,99512.50,102743.84
 27803,99513.06,102744.02
 27812,99513.34,102743.81
 27819,99512.81,102743.88
 27829,99512.55,102744.02
 27836,99512.69,102744.11
 27845,99512.66,102743.83
 27853,99513.00,102743.30
 27862,99512.56,102744.11
 27870,99512.25,102743.97
 27879,99512.64,102744.17
 27887,99512.12,102743.88
 27896,99512.69,102744.09
 27905,99512.36,102744.20
 27913,99512.34,102744.58
 27921,99512.75,102743.70
 27929,99512.39,102744.06
 27938,99512.11,102744.30
 27946,99512.50,102743.95
 27955,99512.14,102744.34
 27963,99512.50,102744.25
 27972,99512.89,102744.39
 27980,99512.44,102744.12
 27989,99512.42,102744.41
 27997,99511.95,102744.08
 28005,99512.53,102744.16
 28014,99512.02,102744.00
 28023,99512.36,102744.08
 28030,99511.97,102744.02
 28039,99512.05,102744.27
 28047,99512.22,102744.09
 28056,99512.53,102743.66
 28065,99511.84,102743.83
 28073,99512.03,102744.19
 28081,99511.73,102743.86
 28090,99512.02,102744.30
 28099,99512.12,102744.28
 28106,99512.12,102744.22
 28115,99512.56,102743.42
 28124,99511.98,102744.00
 28132,99512.83,102744.09
 28140,99511.72,102743.78
 28148,99512.11,102743.94
 28157,99512.08,102743.89
 28166,99511.69,102743.95
 28174,99511.70,102743.78
 28183,99511.73,102744.25
 28190,99512.05,102744.31
 28199,99511.66,102743.83
 28207,99512.12,102744.41
 28216,99511.77,102744.09
 28225,99511.58,102743.81
 28233,99511.64,102744.19
 28242,99511.41,102743.91
 28249,99511.62,102743.84
 28258,99511.70,102744.05
 28267,99511.62,102743.84
 28275,99511.77,102744.34
 28283,99511.73,102744.08
 28291,99511.55,102743.67
 28301,99511.52,102743.81
 28309,99511.66,102743.62
 28318,99511.61,102743.80
 28325,99511.52,102743.75
 28334,99511.66,102744.23
 28342,99511.59,102743.56
 28351,99511.88,102744.27
 28360,99511.31,102743.58
 28367,99511.44,102744.09
 28376,99511.45,102744.08
 28385,99511.89,102743.86
 28394,99511.75,102743.75
 28402,99511.25,102743.95
 28410,99510.84,102743.23
 28419,99511.50,102744.09
 28427,99511.11,102743.86
 28435,99511.56,102743.94
 28444,99511.12,102743.98
 28452,99511.41,102743.69
 28461,99510.83,102743.81
 28470,99511.33,102744.31
 28477,99511.08,102743.81
 28486,99510.97,102744.16
 28494,99510.77,102744.05
 28502,99511.53,102743.83
 28511,99511.14,102743.92
 28519,99511.31,102743.91
 28528,99511.27,102743.70
 28536,99511.52,102743.86
 28545,99511.25,102743.94
 28553,99511.44,102743.98
 28562,99511.06,102744.38
 28570,99511.31,102743.52
 28579,99510.83,102743.36
 28587,99511.52,102744.08
 28596,99510.52,102744.12
 28604,99510.88,102743.64
 28613,99510.84,102743.86
 28620,99511.30,102744.16
 28630,99511.02,102743.81
 28637,99510.66,102743.80
 28646,99510.94,102743.48
 28654,99510.84,102743.53
 28663,99511.20,102743.84
 28671,99510.66,102743.89
 28680,99510.92,102743.56
 28688,99511.33,102743.52
 28697,99511.16,102743.95
 28704,99510.88,102744.02
 28714,99510.61,102743.41
 28722,99510.53,102743.67
 28731,99510.92,102743.97
 28739,99510.70,102744.17
 28747,99510.62,102743.06
 28755,99509.91,102743.69
 28764,99510.70,102743.45
 28772,99510.83,102743.86
 28781,99510.61,102743.75
 28789,99511.08,102743.61
 28798,99511.02,102744.05
 28806,99510.84,102743.81
 28815,99510.78,102743.78
 28823,99511.03,102743.69
 28831,99510.52,102743.80
 28840,99510.31,102744.25
 28848,99510.17,102743.34
 28857,99510.67,102743.27
 28866,99510.02,102743.77
 28873,99509.70,102743.66
 28882,99510.44,102743.44
 28890,99510.33,102743.78
 28900,99510.36,102743.59
 28908,99510.28,102743.80
 28916,99510.33,102743.42
 28925,99510.08,102743.44
 28933,99510.52,102743.66
 28942,99509.70,102743.47
 28949,99510.17,102744.34
 28958,99510.39,102743.55
 28966,99510.56,102744.05
 28975,99510.14,102744.05
 28984,99510.52,102743.45
 28992,99510.20,102743.84
 29000,99509.45,102743.73
 29009,99510.12,102743.31
 29017,99509.67,102743.14
 29026,99509.83,102743.36
 29034,99509.78,102743.38
 29042,99510.11,102743.67
 29051,99510.22,102743.59
 29059,99510.06,102743.59
 29068,99510.17,102743.84
 29076,99509.42,102743.33
 29085,99510.03,102744.30
 29094,99510.11,102743.62
 29102,99509.84,102743.33
 29111,99510.30,102743.27
 29119,99510.02,102743.88
 29127,99509.95,102743.45
 29136,99509.84,102743.38
 29144,99510.17,102743.73
 29153,99509.84,102743.16
 29160,99509.64,102743.48
 29169,99509.52,102743.91
 29177,99510.11,102743.58
 29186,99509.47,102743.59
 29195,99509.34,102743.11
 29203,99509.59,102743.58
 29211,99509.56,102743.19
 29220,99509.75,102743.64
 29228,99509.69,102743.75
 29237,99509.70,102743.19
 29245,99509.34,102743.56
 29254,99509.59,102743.28
 29262,99510.16,102743.31
 29270,99509.42,102743.64
 29279,99509.53,102743.77
 29287,99509.66,102743.89
 29296,99509.69,102743.39
 29304,99509.30,102744.31
 29313,99509.45,102743.23
 29320,99509.14,102743.48
 29330,99509.44,102743.55
 29338,99509.34,102743.41
 29346,99508.94,102743.09
 29355,99509.03,102743.36
 29363,99508.98,102743.56
 29371,99508.97,102743.50
 29380,99509.53,102743.38
 29387,99509.28,102743.81
 29396,99509.47,102743.91
 29404,99509.34,102743.58
 29413,99508.94,102743.42
 29421,99509.27,102743.52
 29430,99509.17,102744.00
 29438,99509.12,102743.59
 29447,99509.08,102743.20
 29455,99508.77,102743.42
 29463,99508.80,102743.20
 29473,99508.59,102743.16
 29481,99509.06,102743.64
 29489,99509.25,102743.70
 29497,99509.02,102742.83
 29506,99508.77,102743.20
 29515,99509.22,102743.31
 29523,99508.62,102743.50
 29532,99509.02,102743.72
 29540,99508.97,102743.53
 29548,99508.72,102743.39
 29557,99508.98,102743.36
 29565,99508.41,102743.33
 29574,99509.05,102743.42
 29582,99509.27,102743.23
 29591,99508.72,102743.09
 29598,99508.88,102742.92
 29608,99508.67,102742.81
 29616,99508.39,102743.28
 29624,99508.56,102743.17
 29633,99509.05,102743.27
 29641,99508.77,102743.02
 29649,99508.98,102743.61
 29658,99508.22,102742.84
 29666,99508.20,102743.19
 29675,99508.62,102743.20
 29683,99509.05,102743.20
 29691,99508.84,102742.66
 29699,99508.78,102743.41
 29709,99508.45,102742.92
 29717,99508.53,102742.98
 29725,99508.14,102742.88
 29734,99508.12,102743.27
 29742,99508.20,102742.91
 29750,99508.30,102743.03
 29759,99508.50,102743.08
 29767,99508.19,102743.11
 29776,99508.14,102743.30
 29785,99508.66,102742.86
 29792,99508.64,102742.61
 29801,99508.09,102743.27
 29809,99507.95,102743.11
 29818,99508.45,102743.56
 29827,99508.36,102743.39
 29835,99508.06,102743.22
 29843,99508.53,102743.05
 29852,99508.31,102742.61
 29860,99508.39,102743.05
 29869,99507.94,102742.86
 29877,99507.97,102743.33
 29886,99508.47,102743.28
 29894,99508.12,102743.02
 29903,99508.06,102742.88
 29911,99507.98,102742.97
 29919,99508.03,102743.05
 29928,99507.88,102743.33
 29936,99507.97,102743.19
 29944,99508.50,102742.86
 29953,99507.94,102743.06
 29961,99508.00,102742.41
 29970,99508.09,102742.30
 29978,99508.14,102743.00
 29986,99508.16,102743.48
 29995,99508.11,102742.69
 30003,99507.86,102743.19
 30012,99508.06,102743.03
 30020,99508.06,102743.02
 30029,99507.86,102743.12
 30037,99507.59,102743.03
 30045,99507.81,102742.81
 30054,99507.67,102743.09
 30063,99507.56,102743.25
 30070,99507.55,102742.28
 30079,99508.25,102742.91
 30087,99507.73,102743.16
 30096,99507.80,102743.03
 30104,99507.25,102743.12
 30113,99508.03,102742.44
 30121,99507.62,102743.33
 30130,99507.59,102742.64
 30138,99507.70,102743.12
 30147,99507.69,102743.33
 30156,99507.34,102742.70
 30163,99507.20,102743.08
 30172,99507.80,102742.44
 30180,99507.22,102742.56
 30189,99507.39,102742.64
 30197,99506.98,102743.14
 30206,99507.28,102742.88
 30214,99507.55,102742.72
 30223,99507.20,102742.69
 30231,99507.09,102742.47
 30240,99507.08,102742.53
 30248,99507.64,102742.41
 30257,99506.80,102742.62
 30265,99507.19,102743.06
 30274,99507.23,102742.45
 30281,99507.44,102742.58
 30290,99507.11,102742.75
 30299,99507.42,102742.94
 30307,99507.62,102742.67
 30316,99507.22,102742.47
 30324,99507.30,102742.48
 30332,99507.66,102742.97
 30341,99507.23,102742.77
 30349,99507.44,102742.72
 30358,99507.66,102742.97
 30366,99507.31,102742.80
 30374,99507.12,102742.73
 30383,99506.88,102743.03
 30391,99507.20,102742.48
 30400,99507.27,102743.11
 30408,99507.17,102742.62
 30416,99506.78,102742.56
 30425,99507.34,102742.47
 30433,99507.22,102742.31
 30441,99507.56,102743.14
 30451,99506.78,102742.50
 30458,99507.22,102743.33
 30467,99506.95,102742.50
 30476,99507.12,102742.34
 30485,99507.08,102742.52
 30492,99506.70,102742.17
 30501,99507.14,102742.45
 30509,99506.89,102742.72
 30518,99507.38,102741.98
 30526,99507.28,102742.39
 30535,99506.75,102742.81
 30543,99506.77,102742.55
 30551,99506.91,102742.30
 30560,99506.67,102742.70
 30569,99507.09,102742.23
 30577,99506.78,102742.53
 30586,99506.61,102742.44
 30594,99507.03,102742.14
 30602,99506.70,102742.88
 30611,99506.62,102742.34
 30619,99506.80,102742.80
 30627,99506.70,102742.42
 30636,99506.98,102742.22
 30644,99506.59,102742.45
 30653,99506.89,102742.66
 30661,99507.14,102742.36
 30669,99506.69,102742.42
 30678,99506.66,102742.42
 30686,99506.83,102742.55
 30695,99506.11,102742.33
 30703,99506.80,102742.94
 30711,99506.58,102742.38
 30720,99506.67,102742.77
 30729,99507.08,102742.42
 30737,99506.80,102742.31
 30745,99506.25,102742.91
 30753,99506.75,102742.09
 30762,99506.73,102742.47
 30771,99506.45,102741.94
 30779,99506.58,102742.53
 30787,99506.48,102742.89
 30796,99506.98,102742.55
 30804,99506.64,102742.61
 30812,99506.27,102742.34
 30821,99506.88,102742.08
 30829,99506.70,102742.00
 30838,99506.30,102742.81
 30846,99506.80,102742.72
 30855,99506.30,102742.72
 30863,99506.09,102742.28
 30872,99506.52,102742.38
 30881,99506.08,102742.52
 30888,99506.39,102742.03
 30897,99506.36,102742.55
 30906,99506.14,102742.58
 30914,99505.97,102742.31
 30922,99506.38,102742.48
 30931,99506.03,102742.89
 30939,99506.02,102742.08
 30948,99506.39,102742.12
 30956,99506.58,102742.41
 30965,99506.11,102742.25
 30973,99506.45,102741.94
 30982,99506.42,102742.17
 30990,99506.44,102742.19
 30998,99505.83,102742.52
 31006,99505.80,102742.09
 31015,99506.00,102742.36
 31024,99505.89,102742.30
 31032,99506.12,102742.30
 31041,99506.59,102741.94
 31049,99506.36,102741.94
 31057,99506.36,102742.56
 31066,99505.88,102742.09
 31074,99505.88,102742.36
 31083,99505.73,102742.48
 31092,99505.88,102741.91
 31100,99505.55,102742.42
 31109,99506.11,102742.97
 31118,99506.05,102742.52
 31126,99506.28,102741.86
 31134,99505.83,102742.41
 31143,99505.83,102741.66
 31152,99505.91,102742.47
 31159,99506.23,102742.30
 31169,99505.78,102742.50
 31176,99506.22,102741.89
 31184,99506.84,102742.55
 31193,99505.88,102742.31
 31201,99506.12,102742.39
 31210,99506.02,102741.97
 31218,99506.12,102742.09
 31227,99506.25,102742.05
 31235,99505.67,102742.34
 31243,99505.77,102742.19
 31252,99505.81,102741.92
 31259,99505.69,102741.83
 31268,99505.72,102742.27
 31277,99505.62,102742.11
 31285,99506.06,102742.06
 31294,99505.92,102742.00
 31301,99505.25,102742.23
 31311,99505.94,102741.75
 31319,99505.50,102742.16
 31327,99505.64,102742.20
 31335,99505.95,102742.16
 31344,99506.44,102742.03
 31353,99505.81,102742.45
 31360,99505.48,102741.44
 31369,99505.42,102741.97
 31378,99505.95,102742.30
 31386,99506.06,102741.81
 31395,99505.73,102741.80
 31403,99505.55,102742.27
 31411,99505.89,102741.97
 31420,99505.52,102742.03
 31429,99505.23,102742.05
 31436,99505.72,102741.81
 31445,99505.86,102742.19
 31454,99506.12,102742.55
 31462,99505.61,102741.81
 31470,99506.33,102742.00
 31479,99505.91,102742.11
 31488,99505.88,102742.30
 31496,99505.47,102742.03
 31504,99505.56,102742.34
 31512,99506.09,102742.05
 31521,99505.98,102742.33
 31529,99506.14,102742.11
 31538,99505.39,102742.36
 31546,99505.50,102742.05
 31555,99505.61,102742.12
 31563,99505.55,102741.83
 31572,99505.41,102741.89
 31580,99505.62,102742.23
 31588,99505.33,102742.00
 31597,99505.64,102741.75
 31606,99505.30,102742.02
 31613,99505.73,102742.03
 31622,99504.98,102742.19
 31631,99505.75,102741.84
 31640,99505.70,102741.97
 31647,99505.17,102741.89
 31656,99505.16,102742.39
 31664,99505.25,102741.94
 31672,99505.91,102742.39
 31681,99505.38,102742.00
 31690,99506.05,102742.41
 31698,99506.44,102742.73
 31707,99506.12,102742.59
 31715,99506.62,102742.89
 31723,99506.81,102743.00
 31732,99506.94,102743.03
 31741,99507.36,102743.66
 31748,99507.62,102742.72
 31757,99508.00,102743.70
 31766,99507.80,102743.22
 31774,99507.84,102743.09
 31783,99508.08,102743.59
 31791,99508.05,102743.28
 31799,99507.73,102743.58
 31808,99507.72,102743.98
 31816,99507.66,102743.70
 31826,99508.03,102743.44
 31832,99508.00,102743.52
 31841,99508.36,102743.27
 31850,99508.20,102743.67
 31858,99507.86,102743.03
 31867,99507.45,102743.38
 31875,99507.78,102743.06
 31883,99507.89,102743.55
 31892,99507.33,102742.77
 31900,99507.42,102742.94
 31908,99507.25,102742.94
 31917,99506.75,102742.69
 31926,99506.84,102742.97
 31934,99506.50,102742.27
 31942,99506.89,102742.48
 31951,99506.19,102742.33
 31959,99506.34,102742.41
 31968,99506.28,102741.97
 31976,99506.02,102742.08
 31985,99505.72,102742.12
 31994,99505.81,102742.58
 32001,99506.28,102742.23
 32010,99506.16,102742.95
 32018,99506.28,102742.22
 32027,99505.84,102742.03
 32035,99506.16,102742.09
 32044,99506.27,102741.48
 32052,99506.00,102741.94
 32061,99505.77,102741.66
 32069,99506.16,102742.17
 32077,99505.67,102741.75
 32086,99505.95,102741.70
 32094,99505.83,102741.72
 32103,99506.03,102741.97
 32111,99505.77,102741.91
 32120,99505.94,102742.28
 32128,99506.27,102742.64
 32137,99506.73,102742.42
 32145,99507.05,102742.86
 32153,99507.45,102742.67
 32162,99507.52,102743.45
 32170,99508.20,102743.62
 32179,99508.62,102743.98
 32188,99508.11,102743.86
 32196,99508.66,102744.27
 32204,99509.16,102743.92
 32212,99509.03,102743.45
 32221,99509.09,102744.06
 32229,99509.58,102744.00
 32238,99509.58,102743.80
 32247,99509.64,102744.05
 32255,99509.41,102743.61
 32263,99509.44,102744.22
 32271,99509.70,102744.17
 32279,99509.17,102743.64
 32289,99508.92,102744.00
 32296,99509.08,102743.56
 32305,99508.91,102743.95
 32314,99509.42,102743.92
 32322,99509.02,102743.47
 32330,99508.62,102743.38
 32339,99508.34,102742.62
 32347,99507.70,102742.98
 32356,99507.56,102742.83
 32364,99507.27,102742.72
 32373,99507.41,102742.86
 32380,99507.19,102742.53
 32389,99506.42,102742.00
 32398,99506.34,102742.73
 32406,99506.47,102742.52
 32415,99506.91,102741.84
 32423,99506.58,102741.62
 32432,99506.33,102741.84
 32440,99506.44,102741.91
 32449,99506.27,102741.95
 32456,99506.80,102742.09
 32466,99506.83,102741.91
 32474,99507.05,102742.28
 32482,99506.28,102742.30
 32491,99507.59,102742.27
 32499,99507.08,102742.44
 32508,99508.20,102742.55
 32516,99508.30,102742.97
 32524,99508.91,102743.55
 32532,99508.66,102743.09
 32541,99509.23,102743.56
 32549,99509.73,102743.30
 32558,99510.12,102744.09
 32567,99510.08,102743.72
 32575,99510.23,102743.94
 32583,99510.17,102744.38
 32592,99511.02,102744.39
 32600,99510.84,102744.19
 32609,99510.78,102743.98
 32617,99509.97,102743.92
 32625,99510.77,102744.17
 32634,99510.58,102744.31
 32642,99510.62,102743.64
 32651,99510.02,102743.61
 32660,99510.23,102743.86
 32668,99510.11,102743.94
 32676,99509.80,102744.38
 32685,99509.69,102743.70
 32692,99509.48,102743.38
 32702,99509.25,102743.47
 32710,99508.83,102743.42
 32718,99508.77,102743.58
 32727,99508.55,102743.16
 32736,99508.53,102742.92
 32749,99507.89,102742.27
 32754,99508.34,102742.55
 32763,99507.84,102742.83
 32771,99507.53,102742.56
 32780,99507.33,102742.78
 32788,99506.31,102742.09
 32797,99507.20,102742.03
 32804,99507.09,102742.06
 32813,99507.38,102741.75
 32821,99506.81,102741.75
 32830,99506.81,102742.11
 32838,99506.50,102742.03
 32847,99506.91,102742.27
 32855,99506.78,102742.34
 32864,99507.47,102742.64
 32872,99507.25,102742.56
 32880,99507.61,102742.44
 32889,99507.89,102742.48
 32897,99508.23,102742.38
 32906,99507.73,102743.12
 32914,99507.75,102743.20
 32923,99508.59,102743.52
 32930,99509.67,102743.33
 32939,99509.34,102743.22
 32948,99509.70,102744.06
 32956,99510.14,102743.52
 32964,99510.20,102743.77
 32973,99510.23,102743.72
 32982,99510.19,102743.75
 32989,99510.06,102744.02
 32998,99510.44,102744.03
 33006,99510.33,102743.88
 33015,99510.16,102743.52
 33024,99510.50,102744.31
 33031,99510.25,102743.94
 33040,99510.39,102743.80
 33048,99509.81,102744.20
 33057,99509.95,102743.33
 33065,99509.86,102743.34
 33074,99509.31,102743.00
 33082,99509.31,102743.28
 33090,99509.44,102743.31
 33099,99508.94,102743.53
 33107,99508.81,102743.41
 33116,99508.34,102742.55
 33124,99508.45,102743.06
 33132,99507.86,102742.38
 33141,99508.38,102742.56
 33149,99508.62,102742.05
 33158,99507.80,102742.80
 33165,99508.03,102742.05
 33175,99507.72,102742.17
 33183,99507.52,102741.94
 33191,99507.70,102742.58
 33200,99507.64,102742.28
 33207,99507.66,102742.16
 33216,99507.73,102742.47
 33225,99508.19,102741.92
 33234,99508.44,102742.69
 33242,99508.00,102742.25
 33250,99508.16,102742.05
 33259,99508.36,102742.92
 33266,99508.89,102742.17
 33275,99508.47,102742.84
 33283,99508.97,102742.55
 33292,99509.11,102742.11
 33300,99508.81,102742.97
 33309,99509.58,102742.88
 33317,99508.98,102742.33
 33325,99509.75,102743.06
 33334,99509.36,102742.52
 33342,99509.94,102742.86
 33351,99509.55,102742.72
 33359,99509.86,102743.31
 33368,99509.39,102743.08
 33376,99508.84,102742.53
 33384,99509.53,102742.94
 33393,99509.44,102742.62
 33401,99509.45,102742.58
 33410,99509.16,102743.34
 33418,99509.34,102742.91
 33427,99508.91,102743.25
 33434,99508.53,102742.59
 33443,99508.59,102742.72
 33451,99508.16,102742.48
 33460,99508.23,102742.39
 33469,99507.89,102742.55
 33477,99507.94,102742.19
 33486,99507.50,102741.81
 33494,99507.39,102742.06
 33503,99508.11,102742.03
 33510,99507.56,102742.19
 33519,99506.94,102742.27
 33528,99507.08,102741.83
 33536,99507.36,102742.38
 33545,99506.73,102741.86
 33552,99507.30,102742.22
 33561,99506.89,102742.03
 33570,99506.95,102742.00
 33578,99507.33,102741.95
 33587,99507.56,102742.09
 33595,99506.50,102741.73
 33604,99506.72,102741.61
 33612,99507.20,102741.91
 33621,99506.91,102742.31
 33629,99506.94,102741.86
 33637,99507.33,102742.03
 33646,99507.80,102742.06
 33654,99508.34,102742.53
 33662,99508.14,102742.41
 33671,99508.28,102742.62
 33679,99508.61,102742.52
 33688,99508.89,102742.78
 33696,99509.14,102742.67
 33705,99509.61,102743.16
 33713,99509.34,102743.28
 33722,99509.92,102743.06
 33730,99510.17,102743.16
 33738,99510.02,102743.52
 33747,99509.86,102743.06
 33755,99510.09,102743.03
 33764,99510.03,102743.09
 33773,99509.75,102742.91
 33780,99510.41,102742.95
 33789,99509.69,102743.12
 33797,99509.73,102743.19
 33805,99509.97,102742.83
 33814,99509.72,102743.08
 33822,99509.25,102742.84
 33832,99509.89,102742.95
 33840,99508.45,102742.66
 33848,99508.62,102742.89
 33857,99508.34,102742.72
 33864,99508.02,102742.41
 33873,99508.02,102742.25
 33881,99507.62,102742.25
 33890,99506.94,102742.34
 33899,99507.44,102741.88
 33907,99507.27,102742.06
 33916,99507.58,102741.81
 33924,99507.27,102742.16
 33933,99507.42,102742.06
 33941,99507.05,102742.00
 33949,99506.75,102741.70
 33957,99506.70,102741.73
 33966,99506.67,102741.67
 33974,99507.48,102741.39
 33983,99507.41,102741.75
 33991,99507.14,102741.83
 34000,99507.95,102741.64
 34008,99507.67,102741.75
 34016,99507.98,102742.42
 34025,99508.23,102742.25
 34033,99508.42,102741.83
 34042,99508.84,102742.30
 34050,99509.02,102742.38
 34059,99509.16,102742.75
 34068,99509.03,102742.47
 34076,99509.48,102742.94
 34085,99509.73,102742.83
 34093,99509.86,102742.89
 34101,99509.25,102742.69
 34109,99509.70,102742.59
 34118,99509.66,102742.75
 34126,99509.33,102743.16
 34134,99509.25,102743.06
 34143,99509.72,102742.45
 34152,99509.31,102742.31
 34160,99509.31,102742.92
 34169,99509.00,102742.67
 34176,99508.84,102742.72
 34185,99508.81,102742.20
 34194,99508.89,102742.47
 34202,99508.83,102742.33
 34211,99508.59,102742.25
 34219,99508.52,102741.84
 34228,99508.09,102741.92
 34236,99507.97,102742.11
 34245,99508.02,102742.20
 34253,99508.00,102741.73
 34261,99507.73,102741.62
 34270,99507.50,102741.69
 34278,99507.23,102742.09
 34287,99507.28,102741.70
 34295,99507.00,102741.42
 34303,99506.92,102741.92
 34312,99506.64,102741.34
 34320,99506.42,102741.03
 34329,99506.77,102741.91
 34337,99506.25,102741.42
 34346,99506.62,102741.45
 34354,99506.16,102741.39
 34362,99506.20,102740.89
 34371,99506.22,102741.16
 34379,99505.88,102740.95
 34388,99505.83,102741.19
 34396,99505.81,102740.69
 34404,99505.50,102741.44
 34413,99505.55,102740.77
 34421,99505.94,102741.30
 34429,99505.48,102740.97
 34438,99505.78,102740.94
 34447,99505.72,102741.22
 34455,99505.19,102740.53
 34463,99506.22,102740.88
 34471,99505.25,102740.91
 34480,99505.42,102740.64
 34488,99505.14,102741.00
 34497,99505.06,102740.67
 34506,99505.33,102741.16
 34514,99505.77,102740.64
 34522,99505.27,102740.88
 34531,99505.59,102740.98
 34539,99505.61,102741.08
 34548,99505.84,102740.81
 34556,99505.16,102740.83
 34565,99504.70,102740.70
 34573,99504.47,102740.91
 34582,99504.88,102741.41
 34590,99505.50,102740.92
 34599,99505.20,102740.92
 34607,99504.94,102740.41
 34615,99504.92,102741.00
 34624,99504.92,102740.20
 34632,99504.91,102740.80
 34640,99504.77,102740.50
 34649,99504.88,102740.75
 34657,99504.80,102740.91
 34666,99504.50,102740.31
 34675,99504.91,102740.45
 34682,99505.62,102740.11
 34692,99504.42,102741.20
 34699,99505.20,102740.72
 34708,99504.77,102740.41
 34716,99504.50,102740.38
 34725,99505.00,102740.20
 34733,99504.98,102740.28
 34742,99504.67,102740.83
 34751,99504.94,102740.61
 34758,99504.50,102740.83
 34767,99504.19,102741.05
 34775,99504.03,102741.00
 34784,99504.61,102740.47
 34792,99503.89,102740.98
 34801,99503.91,102740.52
 34810,99504.38,102740.31
 34818,99503.92,102740.17
 34825,99504.42,102740.50
 34835,99503.86,102740.48
 34842,99504.16,102740.48
 34851,99503.69,102740.06
 34859,99504.22,102740.67
 34868,99503.95,102740.20
 34877,99504.17,102740.55
 34885,99503.69,102739.86
 34893,99503.91,102740.45
 34902,99504.00,102740.42
 34910,99504.02,102740.48
 34918,99504.05,102740.42
 34927,99503.66,102740.09
 34936,99503.70,102740.08
 34944,99503.64,102740.34
 34953,99503.22,102740.00
 34961,99503.48,102740.23
 34969,99503.44,102740.30
 34978,99503.14,102740.17
 34986,99503.34,102740.50
 34995,99503.75,102740.30
 35003,99503.75,102739.80
 35012,99503.52,102740.41
 35020,99503.53,102740.02
 35028,99503.66,102739.83
 35037,99503.14,102739.88
 35046,99502.98,102739.73
 35054,99503.19,102740.38
 35062,99503.44,102739.80
 35071,99502.91,102739.42
 35079,99502.84,102739.80
 35088,99503.23,102739.67
 35096,99503.06,102739.86
 35104,99502.94,102739.42
 35112,99503.03,102739.69
 35121,99502.98,102739.94
 35130,99503.16,102740.05
 35138,99502.89,102739.61
 35147,99502.69,102739.75
 35154,99502.83,102739.75
 35164,99502.97,102739.72
 35173,99502.36,102739.41
 35181,99502.14,102739.69
 35189,99502.39,102739.45
 35197,99502.84,102739.95
 35206,99502.86,102739.27
 35214,99502.19,102739.55
 35223,99502.47,102740.16
 35231,99502.03,102739.80
 35240,99502.39,102739.95
 35248,99502.06,102739.33
 35257,99502.64,102739.33
 35264,99502.69,102739.27
 35274,99502.41,102739.78
 35282,99501.95,102739.52
 35290,99502.02,102739.62
 35299,99502.81,102739.88
 35307,99502.23,102738.94
 35315,99502.05,102739.11
 35323,99502.12,102739.75
 35333,99502.05,102739.25
 35341,99502.45,102739.39
 35349,99501.92,102739.58
 35358,99502.06,102740.03
 35366,99501.89,102739.22
 35375,99501.88,102739.56
 35382,99501.52,102739.55
 35391,99502.08,102739.30
 35399,99501.64,102739.55
 35407,99501.38,102739.38
 35416,99500.98,102739.48
 35425,99502.00,102739.20
 35433,99501.92,102739.42
 35441,99501.39,102739.08
 35450,99501.83,102739.53
 35459,99501.64,102739.31
 35466,99501.97,102739.25
 35475,99501.80,102739.28
 35483,99502.03,102739.34
 35492,99501.19,102739.62
 35500,99501.83,102739.67
 35509,99501.55,102739.52
 35517,99501.64,102739.67
 35526,99501.38,102739.67
 35534,99501.66,102739.56
 35542,99501.70,102739.48
 35551,99501.45,102739.56
 35560,99501.98,102739.39
 35568,99501.84,102739.59
 35577,99502.02,102739.86
 35584,99501.91,102739.94
 35593,99502.19,102739.39
 35602,99502.42,102739.98
 35610,99502.59,102739.83
 35619,99502.59,102740.11
 35627,99502.25,102739.89
 35636,99502.44,102739.92
 35644,99502.12,102740.03
 35652,99502.69,102740.53
 35661,99502.47,102739.89
 35669,99502.41,102740.50
 35678,99502.53,102740.41
 35686,99503.38,102740.08
 35695,99502.45,102740.41
 35703,99502.70,102740.44
 35711,99502.50,102740.34
 35719,99503.05,102740.36
 35728,99502.84,102740.36
 35737,99503.34,102740.08
 35745,99502.66,102740.52
 35753,99503.05,102740.34
 35762,99503.20,102740.47
 35770,99502.59,102740.27
 35779,99503.19,102740.38
 35787,99503.14,102740.11
 35796,99502.59,102740.52
 35804,99503.06,102740.39
 35813,99503.16,102739.95
 35821,99503.08,102740.36
 35830,99503.19,102740.23
 35838,99502.84,102740.81
 35847,99503.00,102740.78
 35854,99502.73,102740.00
 35863,99502.50,102740.81
 35871,99503.09,102740.66
 35879,99502.64,102740.11
 35888,99502.92,102740.98
 35896,99502.98,102740.22
 35905,99502.73,102740.03
 35913,99502.80,102740.48
 35922,99502.81,102740.67
 35930,99503.06,102740.66
 35939,99502.44,102740.59
 35948,99502.62,102740.47
 35956,99503.12,102740.17
 35964,99502.78,102740.27
 35973,99502.52,102740.39
 35981,99502.67,102740.33
 35990,99503.42,102740.39
 35998,99502.97,102739.98
 36006,99503.09,102740.20
 36015,99502.95,102740.45
 36023,99503.48,102740.55
 36032,99503.17,102740.78
 36040,99502.69,102740.31
 36048,99502.78,102740.38
 36057,99502.72,102740.47
 36065,99503.38,102740.67
 36074,99502.94,102740.31
 36082,99503.02,102740.03
 36091,99502.56,102740.44
 36099,99502.69,102740.41
 36107,99503.72,102740.75
 36116,99502.80,102740.58
 36125,99503.12,102740.44
 36132,99503.30,102740.45
 36141,99502.50,102741.02
 36149,99502.69,102740.25
 36158,99503.27,102739.72
 36166,99502.81,102740.53
 36175,99503.34,102740.61
 36183,99503.25,102740.64
 36192,99503.02,102740.50
 36201,99503.45,102740.23
 36209,99503.64,102740.55
 36218,99502.95,102740.72
 36226,99503.53,102740.70
 36234,99502.81,102740.34
 36243,99503.03,102740.64
 36251,99503.31,102740.42
 36259,99503.44,102740.27
 36268,99503.23,102740.42
 36276,99503.36,102740.58
 36285,99503.23,102740.80
 36293,99502.67,102740.89
 36302,99503.33,102740.53
 36310,99503.42,102740.45
 36319,99502.92,102740.73
 36327,99502.97,102740.41
 36336,99503.30,102740.88
 36343,99503.27,102740.62
 36352,99502.86,102740.23
 36360,99503.52,102740.84
 36369,99503.25,102740.47
 36377,99503.14,102740.78
 36386,99502.78,102740.25
 36394,99503.34,102740.67
 36403,99503.64,102740.66
 36411,99503.05,102740.28
 36420,99502.92,102740.88
 36428,99502.95,102741.12
 36436,99503.45,102740.70
 36445,99502.98,102740.61
 36453,99503.38,102740.69
 36461,99502.84,102740.77
 36470,99503.27,102740.56
 36479,99502.64,102740.80
 36487,99503.38,102740.73
 36496,99503.23,102740.80
 36504,99503.53,102740.95
 36512,99503.06,102740.34
 36521,99503.52,102740.62
 36529,99502.72,102740.66
 36537,99503.42,102740.81
 36546,99503.45,102740.08
 36554,99503.17,102740.77
 36563,99503.36,102740.80
 36571,99502.77,102740.91
 36580,99503.30,102740.72
 36588,99502.91,102741.02
 36597,99503.45,102740.62
 36604,99503.27,102740.61
 36613,99503.08,102740.70
 36621,99502.78,102741.00
 36630,99503.02,102740.20
 36639,99503.02,102740.52
 36647,99503.17,102741.30
 36655,99502.84,102741.02
 36664,99503.20,102740.97
 36673,99503.45,102740.89
 36681,99503.42,102740.23
 36689,99503.11,102740.56
 36698,99502.95,102740.53
 36707,99503.02,102740.70
 36714,99503.27,102741.00
 36723,99503.36,102740.78
 36731,99503.08,102740.78
 36742,99503.58,102740.53
 36748,99503.69,102741.02
 36756,99503.02,102740.91
 36765,99503.30,102740.50
 36774,99503.11,102740.83
 36782,99503.12,102740.91
 36790,99503.44,102740.61
 36799,99503.38,102740.42
 36807,99503.66,102740.72
 36816,99503.25,102740.08
 36824,99503.22,102740.66
 36833,99503.39,102740.58
 36842,99503.70,102740.34
 36849,99503.59,102740.67
 36858,99503.30,102740.94
 36866,99503.36,102740.77
 36874,99503.56,102740.61
 36883,99503.25,102740.84
 36891,99503.36,102740.62
 36900,99503.20,102740.73
 36908,99503.14,102740.62
 36917,99503.72,102740.38
 36925,99503.17,102740.75
 36934,99503.33,102740.50
 36943,99503.77,102740.81
 36950,99503.06,102740.86
 36959,99503.09,102740.38
 36968,99503.48,102740.67
 36976,99503.14,102740.47
 36984,99503.17,102741.12
 36993,99503.20,102740.80
 37002,99503.45,102740.47
 37010,99504.12,102740.88
 37019,99503.06,102740.89
 37027,99503.34,102740.58
 37036,99502.94,102740.62
 37044,99503.45,102740.67
 37052,99503.52,102740.52
 37061,99503.36,102740.84
 37069,99503.58,102740.59
 37077,99503.33,102740.50
 37086,99503.09,102740.69
 37094,99503.33,102740.44
 37102,99503.19,102740.70
 37111,99503.89,102740.47
 37119,99503.52,102740.98
 37128,99503.70,102740.48
 37137,99503.66,102740.38
 37144,99503.50,102740.38
 37153,99503.39,102740.19
 37161,99503.58,102740.55
 37170,99503.81,102740.50
 37179,99504.03,102741.30
 37187,99503.20,102740.69
 37196,99503.66,102740.73
 37204,99503.61,102740.66
 37212,99503.38,102740.72
 37221,99503.69,102740.38
 37229,99503.72,102740.69
 37238,99503.36,102740.86
 37246,99503.47,102740.30
 37255,99503.38,102740.64
 37263,99503.16,102740.52
 37272,99503.38,102740.53
 37280,99503.70,102740.50
 37288,99503.55,102741.06
 37297,99503.75,102740.52
 37305,99503.70,102740.61
 37315,99503.97,102740.97
 37322,99503.69,102740.64
 37330,99503.36,102740.58
 37339,99503.34,102741.06
 37347,99503.59,102740.77
 37356,99504.05,102740.94
 37364,99503.70,102741.02
 37372,99503.97,102741.25
 37381,99503.81,102740.92
 37389,99503.66,102740.25
 37398,99503.34,102740.41
 37406,99503.75,102740.56
 37415,99503.94,102740.86
 37423,99503.36,102740.83
 37431,99503.59,102740.86
 37440,99504.11,102740.73
 37448,99503.95,102740.66
 37457,99503.39,102740.91
 37465,99504.03,102740.55
 37474,99504.20,102740.84
 37481,99503.84,102741.28
 37490,99504.00,102740.36
 37498,99504.05,102741.03
 37507,99503.58,102740.67
 37515,99503.97,102740.67
 37524,99503.95,102740.52
 37533,99503.73,102740.56
 37541,99503.88,102741.09
 37550,99504.08,102740.31
 37558,99504.45,102740.44
 37566,99504.09,102740.67
 37575,99503.66,102740.66
 37583,99504.28,102740.94
 37592,99503.27,102740.62
 37599,99504.36,102740.83
 37608,99504.12,102740.88
 37617,99504.75,102740.89
 37625,99503.78,102741.08
 37633,99504.20,102740.91
 37642,99504.50,102740.62
 37650,99504.16,102740.92
 37659,99504.55,102740.78
 37667,99504.09,102740.02
 37676,99504.28,102741.44
 37684,99504.28,102740.83
 37692,99504.42,102741.19
 37701,99504.03,102740.98
 37710,99504.66,102740.91
 37718,99504.83,102740.77
 37726,99504.03,102741.22
 37735,99504.34,102740.53
 37743,99504.41,102741.00
 37752,99504.41,102740.83
 37760,99504.81,102740.62
 37768,99504.41,102740.95
 37777,99504.33,102741.00
 37785,99504.36,102741.05
 37794,99505.34,102741.14
 37803,99503.98,102741.00
 37810,99505.22,102740.73
 37821,99504.94,102740.80
 37827,99505.00,102740.56
 37836,99505.06,102741.34
 37844,99505.22,102740.70
 37853,99505.59,102741.09
 37862,99506.12,102741.11
 37869,99506.00,102740.91
 37878,99505.66,102741.83
 37887,99506.00,102741.44
 37895,99506.53,102741.70
 37903,99506.78,102741.48
 37911,99507.19,102741.97
 37920,99506.67,102741.69
 37929,99507.00,102741.23
 37937,99507.44,102741.89
 37946,99507.62,102741.70
 37954,99508.00,102741.89
 37962,99507.53,102742.48
 37971,99508.00,102742.22
 37979,99508.55,102742.61
 37988,99508.34,102741.78
 37997,99509.02,102742.33
 38004,99509.06,102742.55
 38013,99509.30,102742.34
 38021,99509.08,102742.56
 38030,99509.62,102742.78
 38039,99509.77,102742.59
 38046,99509.55,102742.83
 38055,99509.98,102742.41
 38063,99509.64,102742.94
 38072,99510.39,102742.50
 38081,99510.19,102742.94
 38089,99510.06,102743.03
 38097,99510.12,102742.28
 38106,99510.64,102742.77
 38114,99510.84,102742.83
 38122,99510.50,102742.88
 38131,99510.83,102743.38
 38140,99511.11,102742.91
 38148,99510.95,102742.39
 38156,99511.41,102742.88
 38165,99511.66,102742.78
 38173,99510.91,102742.72
 38181,99511.12,102742.75
 38190,99511.14,102742.94
 38199,99511.27,102743.12
 38206,99511.66,102742.80
 38215,99511.53,102742.59
 38224,99511.53,102743.06
 38232,99511.67,102742.84
 38240,99511.56,102742.56
 38249,99511.69,102743.22
 38258,99511.47,102742.73
 38267,99512.02,102742.59
 38274,99511.64,102743.23
 38283,99511.55,102742.92
 38291,99511.52,102743.03
 38299,99512.20,102742.78
 38308,99512.05,102743.22
 38317,99512.30,102743.09
 38325,99512.53,102743.70
 38333,99512.45,102743.25
 38341,99511.97,102743.12
 38350,99511.92,102742.81
 38359,99512.20,102742.78
 38367,99512.02,102743.48
 38376,99511.77,102742.59
 38383,99512.48,102742.89
 38392,99512.36,102742.92
 38401,99511.89,102742.94
 38410,99512.41,102743.38
 38417,99512.67,102743.12
 38426,99511.83,102742.75
 38435,99512.58,102742.70
 38443,99512.14,102742.92
 38452,99512.47,102742.86
 38459,99512.77,102742.91
 38468,99512.64,102742.73
 38477,99513.03,102743.53
 38485,99513.17,102743.16
 38493,99512.83,102743.36
 38502,99512.89,102742.73
 38511,99512.88,102742.86
 38519,99512.92,102743.23
 38527,99512.92,102743.59
 38536,99512.81,102743.48
 38545,99513.27,102743.39
 38552,99513.48,102743.22
 38561,99513.27,102743.56
 38569,99512.97,102743.20
 38578,99513.31,102743.69
 38586,99513.59,102743.12
 38595,99512.89,102743.89
 38603,99513.16,102743.20
 38612,99513.30,102742.91
 38620,99513.19,102742.94
 38629,99513.30,102743.16
 38636,99514.05,102743.72
 38645,99513.41,102743.61
 38653,99513.84,102743.19
 38662,99513.77,102743.45
 38670,99513.95,102743.02
 38679,99513.62,102743.73
 38687,99513.88,102743.39
 38696,99513.86,102743.20
 38704,99514.08,102743.72
 38713,99514.27,102743.34
 38721,99514.00,102742.73
 38729,99513.86,102743.62
 38738,99513.88,102743.28
 38746,99513.84,102743.36
 38755,99513.53,102743.39
 38763,99513.84,102743.45
 38772,99513.84,102743.31
 38780,99513.86,102743.25
 38789,99513.52,102743.73
 38797,99514.45,102743.55
 38805,99514.62,102743.86
 38814,99514.48,102743.33
 38822,99514.12,102743.33
 38830,99514.67,102742.89
 38839,99513.91,102743.02
 38848,99513.92,102743.59
 38856,99514.75,102743.30
 38865,99514.62,102744.00
 38873,99514.12,102743.80
 38882,99514.66,102743.59
 38890,99514.20,102743.44
 38898,99514.06,102743.41
 38906,99514.78,102743.20
 38915,99514.66,102743.69
 38923,99514.59,102743.62
 38932,99514.30,102743.77
 38940,99514.92,102744.08
 38949,99514.69,102743.17
 38957,99514.67,102743.39
 38966,99514.28,102743.70
 38975,99514.95,102743.30
 38982,99514.92,102743.45
 38991,99515.06,102744.08
 39000,99515.08,102743.64
 39008,99514.91,102743.53
 39016,99515.48,102743.59
 39024,99515.45,102744.30
 39033,99515.81,102743.73
 39041,99515.31,102743.70
 39050,99515.77,102743.69
 39058,99515.69,102743.94
 39067,99515.69,102743.70
 39075,99516.30,102743.72
 39083,99515.95,102744.12
 39092,99516.50,102744.53
 39101,99516.28,102743.62
 39109,99516.64,102743.89
 39117,99517.42,102744.03
 39126,99516.92,102743.95
 39134,99516.61,102744.17
 39143,99516.95,102744.25
 39151,99517.86,102744.11
 39159,99517.53,102744.77
 39168,99517.59,102744.27
 39177,99516.67,102744.38
 39184,99517.61,102744.38
 39193,99517.80,102744.38
 39202,99517.58,102744.12
 39210,99517.55,102744.12
 39219,99517.89,102744.56
 39228,99517.73,102744.25
 39236,99518.03,102744.28
 39245,99518.20,102744.56
 39253,99518.06,102744.73
 39262,99518.38,102744.53
 39270,99518.25,102744.72
 39278,99518.17,102744.50
 39288,99518.77,102744.64
 39295,99518.64,102745.03
 39303,99518.75,102744.36
 39312,99518.56,102744.45
 39320,99518.33,102744.42
 39328,99518.69,102744.91
 39337,99518.20,102744.48
 39345,99518.89,102744.98
 39354,99518.72,102744.72
 39362,99518.70,102745.05
 39371,99518.47,102744.58
 39379,99518.73,102744.75
 39387,99518.92,102744.64
 39396,99518.83,102744.88
 39404,99518.81,102744.66
 39413,99518.62,102744.77
 39421,99518.30,102744.70
 39430,99518.75,102744.77
 39438,99518.78,102745.09
 39446,99518.97,102745.05
 39455,99519.19,102744.69
 39463,99519.33,102745.22
 39471,99519.22,102745.02
 39480,99519.47,102744.95
 39488,99519.47,102744.70
 39496,99519.52,102744.56
 39505,99519.39,102744.97
 39514,99520.02,102745.09
 39523,99519.98,102744.88
 39530,99519.75,102745.22
 39539,99519.23,102744.95
 39547,99520.20,102745.45
 39556,99520.20,102744.77
 39564,99520.12,102744.94
 39573,99520.09,102744.81
 39581,99520.09,102744.95
 39590,99520.56,102745.09
 39598,99520.14,102745.27
 39606,99521.02,102745.31
 39614,99520.78,102745.41
 39623,99520.97,102745.23
 39632,99520.30,102744.81
 39640,99521.03,102745.22
 39649,99521.00,102744.98
 39657,99521.27,102745.09
 39666,99520.89,102745.44
 39674,99521.64,102745.28
 39682,99521.44,102745.34
 39691,99521.55,102745.27
 39699,99521.38,102745.41
 39708,99521.53,102745.41
 39716,99521.72,102745.88
 39725,99521.84,102745.44
 39733,99521.22,102745.61
 39741,99522.34,102745.20
 39750,99521.86,102745.12
 39758,99522.67,102744.98
 39766,99522.03,102745.44
 39775,99522.50,102745.58
 39784,99522.16,102745.64
 39791,99522.59,102745.48
 39800,99522.55,102745.41
 39808,99522.72,102745.45
 39818,99522.88,102745.47
 39826,99521.94,102745.77
 39835,99522.72,102745.38
 39842,99522.28,102744.84
 39850,99522.50,102745.97
 39859,99522.64,102745.77
 39868,99522.95,102745.59
 39876,99523.03,102745.61
 39885,99522.92,102745.39
 39893,99522.94,102745.31
 39902,99523.33,102745.94
 39910,99523.08,102744.92
 39919,99523.34,102745.67
 39927,99523.14,102745.47
 39936,99523.42,102745.66
 39944,99523.48,102745.67
 39952,99522.81,102745.89
 39960,99523.59,102745.39
 39969,99523.50,102745.53
 39977,99524.03,102745.89
 39986,99523.81,102745.52
 39994,99523.64,102745.78
 40002,99524.12,102745.33
 40011,99523.69,102745.64
 40019,99523.61,102745.81
 40028,99523.94,102745.72
 40037,99523.75,102745.69
 40045,99523.81,102745.89
 40054,99524.33,102745.52
 40062,99523.80,102745.61
 40070,99523.86,102745.52
 40079,99524.38,102745.67
 40087,99524.00,102745.42
 40096,99523.25,102745.11
 40104,99524.11,102745.39
 40113,99524.11,102745.55
 40121,99524.56,102745.59
 40130,99524.20,102745.44
 40137,99524.33,102745.59
 40146,99524.70,102745.70
 40154,99524.88,102745.53
 40163,99524.73,102745.48
 40171,99524.80,102745.67
 40179,99525.23,102745.70
 40188,99524.17,102745.80
 40196,99525.03,102745.39
 40205,99524.95,102745.62
 40214,99525.03,102745.38
 40222,99524.95,102745.69
 40230,99525.25,102745.80
 40239,99525.33,102746.39
 40247,99525.45,102746.00
 40256,99525.20,102746.25
 40264,99525.97,102746.00
 40273,99525.61,102745.59
 40281,99525.92,102745.80
 40289,99526.41,102746.08
 40297,99526.14,102746.02
 40306,99526.03,102746.34
 40315,99526.31,102746.25
 40323,99526.33,102745.83
 40332,99526.52,102746.12
 40339,99526.92,102746.12
 40349,99527.27,102746.20
 40356,99527.34,102746.27
 40365,99526.92,102745.72
 40373,99526.98,102745.88
 40382,99526.84,102746.05
 40390,99526.75,102746.25
 40399,99527.47,102746.59
 40407,99527.50,102746.16
 40416,99527.59,102746.02
 40425,99527.77,102745.77
 40433,99527.58,102746.42
 40442,99527.73,102746.45
 40450,99527.89,102746.17
 40457,99527.95,102746.05
 40466,99528.41,102746.47
 40475,99528.19,102746.84
 40483,99528.33,102745.98
 40491,99528.77,102746.83
 40500,99528.19,102746.27
 40509,99528.14,102746.23
 40517,99528.98,102746.03
 40526,99529.03,102746.38
 40534,99528.67,102746.20
 40542,99528.89,102746.31
 40551,99528.91,102746.69
 40560,99528.47,102746.41
 40568,99529.31,102746.19
 40576,99528.91,102747.17
 40585,99529.44,102746.42
 40593,99529.41,102747.12
 40601,99529.31,102746.44
 40610,99529.34,102746.44
 40618,99529.81,102746.77
 40627,99529.97,102746.67
 40635,99530.22,102746.92
 40644,99529.92,102746.19
 40651,99529.67,102747.09
 40661,99530.11,102747.02
 40668,99530.33,102746.84
 40677,99530.00,102746.50
 40685,99530.06,102746.89
 40695,99530.75,102746.83
 40702,99530.48,102747.16
 40710,99530.78,102746.84
 40719,99530.36,102746.78
 40728,99530.34,102746.70
 40737,99530.19,102747.36
 40744,99530.80,102747.22
 40753,99530.84,102746.67
 40761,99531.16,102747.03
 40770,99531.12,102747.14
 40778,99531.80,102747.14
 40787,99531.22,102747.42
 40796,99531.75,102746.69
 40804,99531.09,102747.50
 40812,99531.67,102747.09
 40820,99531.64,102746.97
 40829,99531.81,102746.86
 40837,99532.08,102747.02
 40846,99531.55,102747.00
 40854,99531.83,102746.94
 40863,99531.66,102747.03
 40871,99531.56,102747.22
 40880,99531.86,102747.03
 40888,99532.17,102747.20
 40896,99532.34,102746.78
 40905,99532.33,102746.86
 40913,99532.12,102746.94
 40922,99532.69,102746.66
 40930,99532.41,102746.92
 40939,99532.50,102747.23
 40947,99532.34,102747.27
 40956,99531.94,102747.31
 40964,99532.59,102747.27
 40973,99533.05,102747.27
 40980,99532.91,102747.06
 40989,99532.72,102747.00
 40998,99532.61,102747.09
 41006,99532.62,102747.00
 41014,99532.62,102747.20
 41023,99532.47,102746.97
 41031,99532.80,102746.95
 41039,99533.12,102747.06
 41048,99533.27,102747.33
 41057,99533.31,102747.03
 41065,99533.27,102747.66
 41074,99533.19,102746.72
 41082,99532.94,102747.00
 41090,99533.92,102746.70
 41099,99533.70,102747.53
 41107,99533.50,102747.30
 41116,99533.50,102747.11
 41124,99533.97,102747.12
 41133,99533.91,102746.88
 41141,99533.81,102747.67
 41149,99533.84,102747.02
 41158,99534.02,102747.17
 41167,99533.52,102747.38
 41174,99533.62,102747.25
 41184,99534.31,102747.22
 41192,99534.08,102747.22
 41199,99534.34,102747.30
 41209,99534.23,102747.44
 41216,99534.14,102747.64
 41226,99534.66,102747.69
 41233,99534.16,102747.53
 41243,99534.09,102747.53
 41252,99534.30,102747.81
 41260,99534.55,102747.61
 41269,99534.59,102747.58
 41277,99534.77,102747.77
 41286,99534.25,102747.55
 41294,99534.89,102747.73
 41302,99534.72,102747.20
 41310,99535.02,102747.14
 41318,99535.16,102747.84
 41327,99534.78,102747.55
 41335,99534.91,102747.38
 41344,99535.02,102747.45
 41352,99535.67,102747.91
 41361,99535.33,102747.42
 41369,99534.97,102747.67
 41377,99535.30,102747.53
 41386,99535.23,102747.48
 41394,99534.95,102747.44
 41403,99534.94,102747.73
 41411,99535.72,102747.41
 41420,99535.38,102747.59
 41428,99535.06,102747.45
 41437,99536.14,102747.38
 41445,99535.66,102747.83
 41453,99535.50,102747.22
 41462,99535.86,102747.62
 41470,99536.06,102747.86
 41478,99535.69,102747.47
 41487,99535.78,102747.44
 41494,99535.80,102747.77
 41503,99536.14,102747.56
 41512,99536.27,102747.69
 41520,99536.48,102747.84
 41529,99536.36,102748.03
 41537,99536.14,102747.44
 41546,99536.50,102747.75
 41553,99536.52,102747.69
 41563,99536.19,102748.06
 41571,99536.64,102747.88
 41580,99536.50,102747.25
 41588,99536.48,102747.45
 41597,99536.69,102747.64
 41605,99536.44,102747.77
 41614,99536.56,102747.48
 41622,99536.91,102748.08
 41630,99536.62,102747.94
 41639,99536.70,102748.06
 41647,99536.61,102747.67
 41655,99537.19,102747.50
 41664,99536.95,102747.66
 41672,99536.67,102747.34
 41681,99537.39,102748.36
 41689,99536.98,102748.06
 41698,99537.36,102748.19
 41706,99536.75,102747.88
 41715,99537.53,102748.06
 41723,99537.09,102747.58
 41731,99537.09,102748.09
 41741,99537.33,102747.89
 41748,99537.81,102748.03
 41757,99537.78,102748.05
 41764,99537.77,102748.19
 41773,99537.56,102747.98
 41782,99537.55,102748.23
 41790,99537.52,102747.59
 41799,99537.66,102747.95
 41806,99538.34,102747.61
 41816,99537.94,102748.05
 41823,99537.81,102748.17
 41832,99538.20,102748.42
 41840,99537.84,102747.78
 41849,99538.25,102748.06
 41857,99537.70,102748.06
 41866,99538.23,102748.16
 41875,99538.41,102747.84
 41883,99538.09,102748.02
 41891,99538.55,102747.98
 41900,99537.94,102747.95
 41908,99538.56,102748.22
 41916,99538.94,102748.45
 41925,99538.30,102747.72
 41933,99538.61,102748.28
 41942,99538.50,102748.38
 41950,99538.59,102747.86
 41958,99539.02,102747.75
 41967,99539.05,102748.17
 41976,99539.17,102748.89
 41984,99539.36,102748.27
 41993,99538.97,102748.41
 42001,99539.08,102748.42
 42010,99538.77,102748.33
 42018,99539.25,102748.19
 42026,99539.11,102748.12
 42034,99539.44,102748.34
 42043,99539.36,102748.36
 42052,99539.44,102748.41
 42060,99539.56,102748.39
 42069,99539.59,102748.69
 42076,99539.70,102748.75
 42085,99540.09,102748.42
 42094,99539.53,102748.55
 42102,99540.06,102748.59
 42110,99540.41,102748.59
 42119,99539.81,102748.19
 42127,99539.80,102748.61
 42135,99540.20,102748.06
 42144,99540.03,102748.09
 42153,99540.59,102747.83
 42161,99540.06,102748.58
 42169,99539.84,102748.52
 42178,99540.39,102748.62
 42186,99540.33,102748.05
 42195,99540.38,102748.27
 42203,99540.94,102748.67
 42212,99540.73,102748.48
 42220,99540.97,102748.83
 42229,99540.92,102748.78
 42237,99540.83,102748.61
 42246,99541.09,102748.45
 42254,99541.02,102748.55
 42263,99541.00,102748.48
 42270,99541.19,102748.84
 42279,99540.94,102749.00
 42288,99540.69,102748.48
 42296,99541.23,102749.00
 42304,99541.08,102749.16
 42313,99541.03,102749.06
 42321,99541.14,102748.95
 42330,99541.53,102748.86
 42338,99541.44,102748.75
 42347,99541.47,102748.38
 42355,99541.59,102749.03
 42363,99541.53,102749.19
 42372,99541.89,102748.80
 42381,99542.22,102749.05
 42388,99542.22,102749.16
 42397,99541.64,102748.94
 42406,99541.75,102748.94
 42414,99542.08,102748.83
 42423,99541.91,102748.66
 42431,99541.94,102749.08
 42439,99542.33,102749.02
 42448,99542.14,102749.61
 42457,99542.38,102749.17
 42465,99542.11,102749.41
 42472,99542.12,102748.55
 42481,99542.62,102748.77
 42490,99542.73,102749.47
 42498,99542.55,102748.69
 42507,99542.19,102748.98
 42515,99542.27,102749.41
 42524,99542.48,102748.80
 42533,99542.38,102748.66
 42541,99542.89,102748.98
 42549,99542.75,102749.03
 42558,99543.30,102748.86
 42566,99542.89,102749.47
 42575,99542.77,102749.00
 42582,99543.02,102748.72
 42591,99543.38,102748.92
 42600,99543.22,102749.09
 42608,99543.25,102748.78
 42616,99542.92,102749.27
 42625,99543.12,102749.67
 42634,99543.27,102749.16
 42641,99542.92,102749.23
 42650,99543.03,102749.39
 42658,99543.55,102749.59
 42667,99543.44,102749.34
 42675,99543.92,102749.50
 42684,99543.59,102749.27
 42692,99543.92,102749.22
 42701,99543.77,102749.27
 42709,99543.77,102749.62
 42718,99543.78,102749.70
 42726,99544.05,102749.48
 42736,99543.75,102749.30
 42743,99543.73,102749.08
 42751,99544.09,102748.84
 42760,99544.45,102749.33
 42768,99544.36,102749.19
 42777,99543.89,102749.31
 42786,99543.97,102749.44
 42793,99544.44,102749.34
 42802,99544.02,102749.42
 42810,99543.81,102749.47
 42818,99544.31,102749.12
 42827,99544.09,102749.70
 42835,99544.00,102749.23
 42844,99544.48,102749.77
 42852,99544.42,102749.48
 42861,99544.47,102749.88
 42870,99544.58,102749.42
 42877,99544.73,102749.55
 42886,99544.97,102749.41
 42895,99544.61,102749.69
 42903,99544.39,102749.55
 42912,99544.91,102750.00
 42920,99544.81,102749.47
 42929,99544.98,102749.66
 42937,99544.75,102749.55
 42946,99545.08,102749.69
 42953,99544.83,102749.58
 42962,99544.81,102749.64
 42970,99544.95,102749.70
 42979,99545.02,102749.11
 42987,99544.95,102749.17
 42996,99544.95,102749.22
 43004,99545.00,102749.86
 43013,99545.05,102749.17
 43022,99545.56,102749.77
 43030,99545.41,102749.70
 43038,99545.42,102749.64
 43046,99545.41,102749.30
 43055,99545.58,102749.88
 43063,99545.62,102749.61
 43072,99545.02,102749.69
 43080,99545.56,102749.27
 43088,99546.20,102749.52
 43097,99545.42,102749.58
 43105,99545.67,102749.44
 43114,99545.77,102749.55
 43122,99545.58,102749.81
 43131,99545.75,102749.84
 43139,99545.95,102749.73
 43147,99546.25,102749.11
 43156,99545.31,102749.64
 43165,99546.11,102749.44
 43173,99546.05,102749.58
 43182,99545.77,102749.80
 43189,99545.97,102749.83
 43199,99545.62,102749.75
 43207,99546.06,102749.72
 43214,99546.23,102749.53
 43224,99546.03,102749.62
 43231,99546.19,102749.92
 43240,99546.22,102749.72
 43249,99546.44,102749.62
 43257,99545.84,102749.88
 43266,99546.45,102749.34
 43274,99546.53,102749.42
 43283,99546.30,102749.52
 43291,99546.19,102749.23
 43300,99546.22,102749.56
 43309,99546.16,102749.45
 43316,99546.56,102749.58
 43326,99546.09,102749.55
 43334,99546.52,102749.50
 43342,99546.25,102749.64
 43351,99546.30,102749.56
 43359,99546.97,102749.86
 43368,99546.34,102749.36
 43376,99546.48,102749.89
 43385,99547.45,102749.91
 43393,99546.61,102749.94
 43401,99546.72,102750.14
 43410,99546.86,102749.84
 43418,99546.81,102750.36
 43426,99546.97,102749.64
 43435,99546.97,102750.02
 43443,99546.64,102749.50
 43452,99546.89,102750.05
 43460,99547.14,102749.84
 43469,99547.05,102749.78
 43476,99547.55,102750.22
 43485,99546.86,102749.52
 43493,99547.23,102749.70
 43502,99547.33,102750.06
 43510,99547.61,102749.64
 43519,99547.50,102749.64
 43527,99547.23,102750.33
 43535,99547.66,102750.23
 43544,99547.53,102749.48
 43552,99547.38,102749.98
 43561,99547.58,102750.06
 43569,99547.02,102749.88
 43577,99547.42,102749.45
 43586,99547.72,102749.58
 43595,99547.47,102750.08
 43603,99547.94,102749.94
 43612,99547.55,102750.11
 43619,99547.70,102750.08
 43628,99548.25,102750.31
 43636,99547.91,102749.91
 43645,99547.48,102749.97
 43653,99548.22,102749.28
 43662,99547.95,102749.98
 43670,99548.34,102750.25
 43679,99547.83,102750.03
 43687,99547.88,102749.89
 43696,99547.94,102749.53
 43704,99548.09,102749.94
 43712,99548.50,102749.81
 43721,99548.25,102750.09
 43730,99548.38,102749.88
 43738,99548.17,102749.75
 43746,99547.94,102749.81
 43755,99548.31,102749.70
 43763,99548.17,102749.62
 43771,99547.84,102749.86
 43780,99547.55,102749.45
 43788,99548.34,102749.67
 43797,99548.69,102749.86
 43806,99547.89,102750.25
 43814,99548.27,102749.95
 43822,99548.22,102749.97
 43831,99548.55,102749.91
 43839,99548.53,102749.92
 43847,99548.34,102749.89
 43856,99548.08,102750.06
 43865,99548.50,102750.03
 43872,99547.84,102749.92
 43881,99548.77,102749.55
 43890,99548.23,102749.64
 43898,99548.05,102749.73
 43906,99548.83,102749.30
 43915,99548.52,102749.94
 43923,99548.25,102749.62
 43932,99548.25,102749.81
 43940,99548.95,102749.67
 43949,99548.44,102749.09
 43957,99548.16,102749.20
 43966,99548.36,102749.17
 43973,99548.09,102749.58
 43982,99548.17,102749.22
 43991,99547.81,102749.20
 43999,99547.61,102749.08
 44007,99547.20,102749.02
 44016,99547.05,102749.34
 44024,99547.09,102749.33
 44033,99546.80,102749.02
 44041,99546.05,102748.56
 44050,99546.44,102748.19
 44058,99546.30,102748.30
 44067,99545.92,102748.72
 44075,99545.20,102748.47
 44084,99545.56,102748.31
 44091,99545.20,102748.47
 44100,99544.75,102747.86
 44109,99544.78,102748.06
 44118,99544.75,102748.03
 44125,99544.12,102747.45
 44133,99544.41,102747.20
 44142,99543.83,102748.30
 44151,99543.27,102747.30
 44159,99543.98,102747.38
 44169,99542.80,102746.69
 44177,99542.61,102747.33
 44185,99542.44,102747.31
 44192,99542.61,102747.22
 44201,99542.67,102746.83
 44210,99542.41,102746.19
 44218,99541.84,102746.83
 44227,99542.06,102746.67
 44235,99541.95,102746.52
 44244,99542.03,102746.31
 44252,99540.88,102746.89
 44261,99541.38,102746.00
 44269,99541.31,102746.09
 44278,99541.00,102745.92
 44286,99540.56,102745.83
 44295,99540.61,102745.92
 44302,99540.31,102745.86
 44311,99539.80,102745.75
 44319,99540.14,102745.75
 44328,99539.78,102745.84
 44336,99539.69,102745.83
 44345,99539.73,102745.92
 44353,99539.38,102745.58
 44361,99539.11,102745.86
 44370,99539.02,102745.55
 44378,99539.17,102745.55
 44387,99538.92,102745.17
 44395,99539.16,102745.34
 44403,99538.41,102745.48
 44412,99538.44,102744.98
 44420,99538.73,102745.44
 44429,99538.39,102745.03
 44438,99537.89,102745.00
 44446,99538.27,102745.08
 44454,99537.94,102745.08
 44463,99537.47,102745.36
 44471,99537.88,102745.00
 44480,99537.53,102745.36
 44488,99537.62,102744.53
 44497,99537.33,102745.03
 44505,99537.17,102744.64
 44513,99536.86,102744.27
 44522,99537.39,102745.08
 44531,99537.12,102743.92
 44538,99536.58,102744.47
 44547,99537.17,102745.02
 44555,99536.30,102744.66
 44564,99536.62,102744.17
 44572,99536.16,102744.59
 44581,99536.27,102744.25
 44589,99535.78,102744.16
 44598,99536.28,102744.30
 44606,99535.50,102744.00
 44614,99536.08,102744.14
 44623,99535.88,102744.12
 44631,99535.58,102744.23
 44640,99535.42,102743.72
 44648,99535.64,102743.86
 44657,99535.86,102743.75
 44665,99535.44,102744.06
 44673,99534.91,102743.94
 44682,99534.91,102743.56
 44691,99534.98,102744.44
 44699,99534.88,102743.72
 44708,99534.88,102743.47
 44715,99534.84,102743.69
 44724,99535.02,102743.80
 44732,99534.84,102744.09
 44741,99534.88,102743.50
 44749,99533.95,102743.44
 44758,99534.52,102743.38
 44767,99534.06,102743.28
 44774,99534.47,102743.14
 44783,99534.17,102743.33
 44791,99533.84,102743.75
 44800,99534.31,102743.56
 44808,99534.14,102743.09
 44817,99534.06,102743.31
 44825,99533.95,102743.61
 44834,99534.09,102743.30
 44842,99534.19,102743.41
 44850,99534.14,102742.95
 44859,99534.05,102742.89
 44868,99534.19,102743.33
 44876,99533.89,102743.06
 44884,99533.75,102743.25
 44893,99533.98,102743.05
 44901,99534.02,102743.47
 44909,99534.06,102743.17
 44918,99532.98,102743.33
 44926,99533.30,102743.14
 44935,99533.44,102742.58
 44943,99533.47,102742.67
 44952,99533.30,102743.05
 44960,99533.25,102743.25
 44969,99533.84,102742.98
 44977,99533.61,102743.03
 44986,99533.31,102743.20
 44994,99533.36,102742.97
 45003,99533.16,102743.14
 45010,99532.81,102742.20
 45020,99532.27,102742.47
 45028,99532.84,102742.64
 45036,99532.86,102742.98
 45044,99532.89,102743.28
 45052,99532.70,102743.22
 45061,99532.70,102742.75
 45070,99532.91,102743.20
 45078,99532.95,102742.64
 45087,99532.53,102742.59
 45095,99532.61,102742.88
 45104,99532.42,102742.52
 45112,99532.55,102742.56
 45120,99532.92,102742.56
 45129,99532.53,102742.50
 45137,99532.42,102742.44
 45146,99532.47,102742.70
 45154,99532.55,102742.48
 45163,99532.38,102742.55
 45171,99532.38,102742.89
 45180,99532.55,102742.83
 45188,99532.33,102742.67
 45197,99532.36,102742.47
 45204,99532.44,102743.00
 45213,99532.17,102742.61
 45221,99532.30,102742.81
 45230,99532.27,102742.41
 45239,99532.47,102742.72
 45247,99532.14,102742.53
 45255,99532.14,102742.94
 45264,99532.58,102742.61
 45272,99532.06,102742.38
 45281,99532.58,102742.53
 45289,99532.45,102742.89
 45298,99532.58,102742.25
 45306,99532.62,102742.66
 45315,99532.66,102742.84
 45323,99532.45,102742.56
 45331,99532.14,102742.30
 45340,99532.47,102742.77
 45348,99532.91,102743.05
 45357,99532.73,102743.19
 45366,99532.38,102742.75
 45374,99532.81,102742.77
 45383,99532.17,102742.42
 45391,99532.39,102742.33
 45401,99532.88,102742.70
 45408,99532.75,102742.50
 45416,99532.75,102742.58
 45425,99532.69,102742.77
 45433,99532.33,102742.28
 45442,99532.25,102742.50
 45450,99532.42,102742.59
 45458,99532.64,102742.72
 45467,99532.34,102742.64
 45475,99532.56,102742.42
 45483,99532.44,102742.86
 45492,99532.72,102743.11
 45500,99532.53,102742.30
 45508,99532.22,102742.20
 45517,99532.58,102742.66
 45525,99531.94,102742.69
 45534,99532.48,102742.97
 45543,99532.45,102742.36
 45550,99532.05,102742.30
 45559,99532.45,102742.28
 45567,99532.36,102742.39
 45576,99532.12,102742.39
 45585,99531.80,102742.34
 45592,99532.48,102742.16
 45601,99532.36,102742.47
 45609,99532.02,102742.77
 45618,99532.12,102742.30
 45626,99531.94,102742.25
 45635,99532.17,102742.59
 45643,99532.59,102741.86
 45652,99532.00,102742.55
 45660,99532.23,102742.27
 45669,99532.50,102742.36
 45677,99531.97,102741.97
 45686,99531.86,102742.28
 45693,99531.75,102743.14
 45702,99532.08,102742.23
 45711,99532.25,102741.98
 45719,99531.70,102742.44
 45727,99532.03,102742.06
 45736,99532.12,102741.62
 45744,99532.52,102742.09
 45753,99532.12,102742.55
 45762,99532.14,102742.19
 45769,99531.86,102742.06
 45778,99531.88,102742.34
 45787,99532.41,102741.64
 45794,99531.61,102742.17
 45803,99531.75,102741.88
 45811,99531.78,102742.44
 45820,99531.89,102742.39
 45829,99532.48,102742.22
 45837,99531.73,102742.47
 45845,99531.70,102742.33
 45854,99531.39,102742.09
 45862,99531.72,102742.42
 45871,99531.84,102742.16
 45880,99531.61,102742.31
 45887,99531.78,102742.02
 45896,99531.39,102741.61
 45904,99531.86,102741.80
 45913,99531.88,102742.16
 45922,99531.77,102742.19
 45930,99531.31,102742.08
 45938,99531.61,102742.03
 45946,99531.72,102742.00
 45955,99531.78,102741.59
 45964,99531.05,102741.77
 45972,99531.41,102741.48
 45981,99530.98,102741.86
 45989,99530.89,102742.22
 45998,99531.34,102742.16
 46005,99530.98,102741.59
 46014,99531.67,102741.78
 46022,99531.22,102741.78
 46031,99531.41,102741.78
 46039,99530.97,102741.61
 46048,99531.98,102741.36
 46056,99531.02,102741.70
 46065,99531.78,102741.61
 46074,99531.56,102741.50
 46081,99530.98,102742.50
 46089,99531.55,102742.34
 46098,99531.20,102741.11
 46107,99532.03,102741.84
 46115,99531.45,102741.73
 46123,99531.80,102742.19
 46132,99532.45,102741.97
 46140,99532.20,102742.58
 46149,99532.73,102742.03
 46158,99532.97,102742.19
 46166,99533.62,102742.55
 46174,99534.11,102742.94
 46183,99534.38,102743.00
 46192,99534.33,102743.17
 46199,99534.73,102743.31
 46208,99536.06,102743.69
 46216,99535.73,102743.64
 46225,99536.38,102743.58
 46233,99536.23,102743.47
 46242,99536.59,102742.83
 46250,99536.91,102743.81
 46259,99537.39,102743.88
 46267,99537.39,102744.20
 46275,99538.09,102744.12
 46283,99538.11,102744.19
 46292,99538.38,102744.70
 46301,99538.69,102744.48
 46309,99539.33,102744.05
 46318,99539.16,102744.52
 46326,99539.30,102744.77
 46335,99539.67,102744.61
 46343,99539.55,102744.53
 46351,99539.88,102744.28
 46360,99539.78,102744.53
 46368,99540.06,102744.41
 46376,99540.33,102744.75
 46385,99540.77,102744.94
 46393,99540.33,102745.08
 46402,99540.48,102744.88
 46410,99540.33,102744.62
 46419,99540.91,102745.16
 46427,99540.89,102744.80
 46436,99541.34,102744.67
 46444,99541.75,102745.22
 46453,99541.77,102745.08
 46461,99541.88,102745.16
 46470,99541.83,102745.19
 46477,99541.95,102745.58
 46487,99542.06,102744.91
 46494,99542.16,102745.70
 46503,99541.97,102745.19
 46511,99542.44,102744.98
 46520,99542.39,102745.80
 46529,99542.91,102745.34
 46536,99542.58,102745.44
 46545,99542.97,102745.19
 46553,99543.17,102745.89
 46562,99543.19,102745.67
 46571,99543.14,102745.77
 46580,99543.30,102745.70
 46587,99543.48,102745.39
 46595,99543.58,102745.55
 46604,99543.73,102745.73
 46613,99543.25,102745.88
 46622,99544.09,102745.66
 46629,99543.81,102745.62
 46638,99544.34,102746.17
 46647,99544.03,102745.62
 46654,99543.62,102745.78
 46663,99544.08,102745.98
 46672,99544.34,102746.12
 46680,99544.50,102746.27
 46688,99544.56,102745.91
 46697,99544.80,102745.67
 46705,99544.89,102746.50
 46713,99544.92,102746.53
 46722,99545.28,102745.80
 46731,99545.20,102746.73
 46740,99545.22,102746.31
 46747,99545.30,102746.25
 46756,99545.23,102746.02
 46765,99544.72,102746.47
 46773,99545.12,102745.73
 46781,99545.44,102746.20
 46790,99544.55,102746.42
 46798,99544.67,102746.50
 46806,99544.88,102746.30
 46815,99544.50,102746.19
 46823,99545.27,102746.33
 46832,99544.89,102746.33
 46841,99545.11,102746.45
 46849,99544.41,102746.45
 46858,99545.33,102746.42
 46865,99545.95,102745.86
 46874,99545.16,102746.64
 46882,99545.66,102746.52
 46891,99545.38,102746.47
 46899,99545.45,102746.91
 46908,99545.30,102746.66
 46916,99545.42,102746.48
 46925,99545.72,102746.92
 46933,99545.47,102746.53
 46942,99545.64,102746.86
 46949,99545.50,102746.81
 46958,99546.33,102746.91
 46967,99545.80,102746.61
 46976,99546.16,102746.62
 46983,99546.78,102746.16
 46992,99546.58,102746.83
 47000,99546.58,102746.70
 47009,99546.62,102746.81
 47018,99546.84,102746.75
 47026,99546.91,102746.70
 47034,99546.25,102746.78
 47043,99546.42,102746.66
 47051,99547.08,102747.22
 47060,99547.05,102747.09
 47067,99546.69,102746.81
 47077,99546.86,102746.70
 47084,99546.61,102746.56
 47093,99546.66,102746.80
 47101,99546.58,102746.77
 47111,99547.17,102747.08
 47118,99546.92,102746.94
 47127,99547.06,102746.77
 47135,99546.89,102746.50
 47144,99546.88,102746.58
 47153,99546.28,102746.33
 47161,99546.34,102746.44
 47169,99546.02,102745.88
 47178,99545.70,102746.27
 47186,99544.98,102746.25
 47195,99545.06,102745.91
 47204,99545.03,102746.06
 47211,99544.30,102746.02
 47219,99544.02,102745.59
 47228,99543.44,102745.58
 47236,99543.53,102745.19
 47246,99543.19,102745.30
 47254,99542.28,102745.09
 47262,99542.69,102745.12
 47270,99542.75,102744.77
 47279,99542.02,102744.72
 47288,99542.22,102744.36
 47295,99541.94,102744.05
 47304,99541.88,102744.75
 47312,99541.27,102744.20
 47321,99541.38,102744.31
 47330,99542.02,102743.97
 47338,99541.47,102743.97
 47346,99542.00,102744.53
 47355,99541.16,102744.02
 47363,99541.38,102743.75
 47372,99541.38,102744.11
 47380,99541.42,102744.31
 47389,99541.47,102743.83
 47397,99540.92,102743.77
 47406,99540.77,102743.78
 47415,99540.91,102743.59
 47423,99541.14,102743.94
 47432,99540.20,102743.62
 47440,99540.92,102743.78
 47448,99540.47,102743.97
 47457,99540.55,102743.48
 47465,99540.20,102743.36
 47473,99540.64,102743.31
 47481,99540.30,102742.91
 47491,99540.12,102743.89
 47498,99539.44,102742.86
 47507,99539.64,102742.97
 47515,99540.08,102743.25
 47523,99539.98,102742.72
 47532,99539.72,102742.77
 47540,99539.30,102743.31
 47549,99539.41,102742.66
 47557,99539.00,102742.44
 47566,99539.38,102742.62
 47574,99538.86,102742.84
 47583,99538.77,102742.97
 47590,99539.30,102742.38
 47600,99538.53,102742.84
 47608,99538.30,102742.12
 47616,99538.84,102742.58
 47625,99538.22,102742.36
 47633,99538.42,102742.50
 47641,99538.33,102742.08
 47649,99538.12,102742.38
 47658,99538.12,102742.77
 47667,99538.20,102742.31
 47675,99538.03,102742.44
 47684,99537.86,102742.33
 47691,99537.73,102742.00
 47700,99538.20,102742.02
 47708,99537.80,102742.05
 47717,99537.36,102741.98
 47725,99537.83,102742.09
 47734,99537.97,102741.83
 47743,99537.92,102742.27
 47751,99537.75,102742.48
 47759,99537.44,102742.31
 47767,99537.62,102741.75
 47776,99537.52,102741.89
 47784,99537.44,102741.95
 47793,99536.95,102741.69
 47802,99537.53,102741.77
 47809,99537.16,102741.62
 47819,99536.86,102742.02
 47826,99537.48,102741.94
 47836,99537.08,102741.75
 47844,99537.36,102741.27
 47852,99537.53,102741.44
 47861,99536.92,102742.20
 47869,99536.89,102741.86
 47878,99537.17,102741.56
 47886,99536.84,102741.44
 47895,99536.56,102741.80
 47902,99536.98,102741.52
 47912,99537.28,102742.06
 47919,99537.23,102741.22
 47928,99537.22,102741.17
 47936,99536.66,102741.58
 47945,99536.47,102741.22
 47953,99536.75,102741.12
 47962,99536.69,102741.42
 47970,99536.73,102741.28
 47979,99536.42,102741.38
 47987,99536.81,102741.14
 47996,99536.69,102741.45
 48004,99536.55,102741.27
 48013,99536.38,102741.45
 48020,99536.66,102741.31
 48029,99536.78,102741.25
 48037,99536.84,102741.34
 48046,99536.70,102741.14
 48054,99537.05,102741.33
 48063,99537.02,102741.39
 48071,99536.61,102740.97
 48080,99536.62,102741.94
 48088,99537.20,102741.47
 48097,99536.97,102741.91
 48105,99537.86,102741.67
 48113,99537.86,102741.95
 48122,99538.31,102742.00
 48131,99538.23,102741.62
 48139,99538.64,102741.48
 48148,99538.81,102741.83
 48156,99538.62,102742.23
 48165,99539.20,102741.95
 48173,99539.62,102742.53
 48181,99540.00,102742.55
 48189,99540.25,102742.61
 48198,99540.34,102742.52
 48207,99540.38,102742.56
 48215,99540.52,102743.16
 48222,99541.83,102742.78
 48231,99541.78,102743.27
 48239,99541.86,102743.30
 48248,99542.33,102743.91
 48256,99542.81,102743.28
 48265,99543.02,102743.45
 48273,99543.31,102743.89
 48282,99543.55,102743.95
 48290,99543.88,102743.78
 48299,99544.14,102743.94
 48307,99543.75,102743.94
 48315,99543.78,102743.78
 48325,99544.20,102744.19
 48333,99544.11,102744.34
 48341,99544.97,102744.55
 48350,99544.83,102744.22
 48358,99545.14,102744.50
 48367,99544.80,102744.52
 48375,99545.09,102744.94
 48383,99545.73,102744.77
 48392,99545.83,102744.45
 48400,99546.27,102744.61
 48409,99546.08,102744.89
 48417,99545.84,102745.25
 48425,99546.14,102745.28
 48434,99546.47,102745.45
 48442,99546.72,102745.14
 48450,99546.77,102745.80
 48459,99546.89,102745.67
 48468,99546.77,102745.41
 48477,99547.42,102745.80
 48484,99547.48,102745.59
 48493,99547.77,102745.38
 48501,99548.30,102746.28
 48510,99547.97,102744.97
 48518,99547.98,102745.77
 48527,99548.08,102746.16
 48534,99548.53,102745.72
 48543,99548.75,102746.06
 48552,99548.81,102746.27
 48560,99548.47,102746.00
 48569,99549.08,102746.55
 48577,99549.53,102746.81
 48585,99548.81,102746.77
 48594,99549.53,102746.50
 48603,99549.69,102747.06
 48611,99549.77,102746.61
 48620,99549.94,102747.02
 48627,99550.34,102746.84
 48637,99550.61,102747.38
 48644,99550.42,102747.12
 48653,99550.66,102747.06
 48662,99550.41,102747.02
 48670,99550.70,102747.33
 48678,99550.80,102747.34
 48687,99550.89,102746.94
 48695,99550.69,102747.19
 48704,99551.17,102747.34
 48712,99551.33,102747.53
 48721,99551.53,102747.75
 48729,99551.58,102747.36
 48738,99551.52,102747.28
 48745,99551.86,102747.83
 48754,99551.59,102748.05
 48762,99551.72,102747.80
 48771,99551.56,102748.20
 48780,99551.41,102747.59
 48788,99551.45,102747.72
 48796,99551.77,102748.42
 48805,99551.95,102748.08
 48813,99552.23,102747.70
 48822,99552.22,102748.08
 48830,99551.66,102748.38
 48839,99552.03,102748.30
 48847,99551.95,102747.81
 48856,99552.11,102748.39
 48863,99551.75,102748.55
 48872,99552.66,102748.62
 48881,99553.02,102747.95
 48890,99552.41,102748.47
 48897,99552.38,102748.08
 48906,99552.75,102748.16
 48915,99552.84,102748.38
 48922,99553.00,102748.45
 48932,99553.00,102748.42
 48939,99552.89,102748.69
 48948,99553.22,102748.34
 48956,99553.03,102748.58
 48965,99553.05,102748.05
 48973,99553.77,102748.27
 48982,99553.34,102748.66
 48991,99553.41,102748.22
 48998,99553.14,102748.11
 49007,99553.31,102748.45
 49015,99553.41,102748.48
 49023,99553.75,102748.23
 49032,99553.16,102748.59
 49041,99553.77,102748.70
 49049,99553.64,102748.77
 49058,99553.80,102748.92
 49067,99553.66,102748.09
 49074,99553.66,102748.48
 49083,99554.23,102749.19
 49091,99553.47,102748.91
 49100,99554.12,102748.56
 49108,99554.19,102748.59
 49117,99554.59,102748.70
 49125,99554.36,102748.69
 49134,99554.52,102748.58
 49142,99554.84,102748.83
 49151,99554.89,102748.47
 49159,99554.58,102749.08
 49167,99554.44,102748.59
 49175,99554.02,102748.39
 49184,99554.66,102748.72
 49192,99554.34,102748.56
 49201,99555.34,102748.61
 49210,99554.78,102749.03
 49218,99555.28,102748.22
 49227,99555.16,102748.70
 49235,99555.22,102749.16
 49243,99555.72,102749.28
 49252,99555.47,102749.36
 49261,99555.36,102748.91
 49269,99554.89,102748.88
 49276,99555.53,102748.84
 49285,99555.42,102748.47
 49294,99555.66,102749.25
 49302,99555.48,102749.08
 49311,99555.98,102749.56
 49319,99555.73,102748.98
 49328,99556.34,102749.48
 49336,99556.03,102749.05
 49345,99556.62,102749.20
 49352,99556.14,102748.98
 49361,99556.38,102749.09
 49370,99556.38,102749.41
 49378,99556.33,102749.25
 49386,99556.22,102749.41
 49395,99555.94,102748.62
 49404,99556.80,102749.09
 49412,99556.83,102749.72
 49421,99556.53,102749.17
 49429,99556.30,102749.31
 49438,99556.86,102749.00
 49446,99556.84,102749.55
 49455,99556.47,102749.28
 49463,99556.64,102749.45
 49472,99556.84,102749.45
 49480,99556.97,102749.16
 49488,99556.88,102749.03
 49496,99556.66,102749.30
 49506,99556.69,102748.91
 49513,99556.17,102749.14
 49523,99556.67,102748.98
 49530,99556.73,102749.03
 49539,99556.75,102749.22
 49548,99556.17,102748.89
 49556,99556.14,102749.06
 49564,99556.38,102749.02
 49573,99556.75,102749.08
 49581,99556.58,102748.56
 49589,99556.70,102748.67
 49597,99556.22,102749.09
 49606,99556.42,102748.59
 49614,99556.42,102749.02
 49622,99555.72,102748.22
 49631,99556.11,102748.22
 49639,99555.70,102747.86
 49648,99555.41,102748.44
 49656,99555.08,102748.08
 49665,99555.59,102747.72
 49674,99554.67,102747.69
 49681,99554.48,102747.09
 49690,99554.47,102747.56
 49699,99553.81,102747.20
 49706,99553.61,102746.67
 49716,99553.44,102746.73
 49724,99552.47,102746.88
 49732,99553.06,102746.75
 49741,99552.30,102746.59
 49749,99551.81,102746.53
 49757,99552.16,102746.11
 49765,99551.58,102746.03
 49775,99551.53,102746.27
 49782,99551.34,102745.86
 49791,99551.64,102746.06
 49800,99551.20,102745.64
 49808,99551.59,102745.17
 49817,99551.36,102745.59
 49825,99551.11,102745.66
 49834,99551.28,102745.47
 49841,99551.02,102745.05
 49851,99551.02,102744.77
 49859,99550.56,102745.03
 49867,99550.38,102744.92
 49876,99550.86,102744.94
 49884,99550.42,102744.47
 49893,99550.17,102744.92
 49901,99550.42,102744.91
 49910,99550.33,102744.61
 49918,99550.27,102745.08
 49926,99550.34,102744.39
 49934,99549.72,102744.53
 49942,99549.70,102744.34
 49951,99549.78,102744.19
 49961,99549.38,102744.31
 49968,99549.69,102744.05
 49977,99549.80,102744.19
 49985,99549.64,102744.12
 49993,99549.69,102743.78
 50002,99549.09,102744.33
 50010,99548.95,102743.78
 50019,99549.03,102744.73
 50028,99548.83,102744.28
 50036,99549.03,102744.12
 50045,99548.98,102744.12
 50052,99548.62,102743.36
 50061,99548.33,102743.58
 50073,99548.84,102744.11
 50079,99548.14,102743.67
 50087,99548.12,102743.55
 50095,99548.30,102743.64
 50104,99548.17,102743.72
 50111,99548.03,102743.36
 50120,99547.67,102743.36
 50129,99548.17,102743.67
 50138,99548.25,102743.47
 50146,99548.30,102743.17
 50154,99547.83,102744.17
 50163,99547.70,102743.81
 50171,99547.80,102743.47
 50179,99547.59,102743.00
 50188,99547.75,102743.38
 50196,99547.73,102742.98
 50204,99547.30,102743.27
 50212,99547.31,102742.58
 50221,99547.58,102743.12
 50230,99547.30,102743.06
 50238,99546.84,102742.53
 50246,99546.98,102742.67
 50255,99547.11,102742.66
 50263,99547.05,102742.67
 50272,99546.52,102742.31
 50280,99546.94,102742.98
 50289,99546.94,102742.88
 50297,99546.64,102742.47
 50305,99546.12,102742.70
 50314,99546.41,102742.22
 50322,99546.69,102742.44
 50331,99546.70,102742.62
 50339,99546.42,102742.31
 50348,99545.86,102741.94
 50356,99545.48,102741.78
 50365,99545.73,102741.91
 50373,99545.52,102741.72
 50382,99546.11,102742.11
 50390,99545.92,102741.62
 50399,99546.02,102741.62
 50406,99545.70,102741.77
 50415,99546.22,102741.95
 50423,99545.58,102741.56
 50432,99546.20,102741.55
 50441,99545.89,102741.72
 50449,99545.75,102741.98
 50458,99545.66,102741.75
 50466,99545.34,102741.02
 50475,99545.47,102741.70
 50483,99545.53,102741.52
 50491,99545.72,102741.52
 50499,99545.09,102741.52
 50508,99544.53,102741.09
 50516,99545.16,102741.42
 50525,99545.09,102741.28
 50533,99544.72,102741.41
 50542,99545.31,102741.31
 50550,99545.20,102741.34
 50559,99544.78,102741.12
 50567,99544.67,102740.86
 50576,99544.64,102740.58
 50583,99544.95,102740.83
 50592,99544.14,102741.47
 50601,99544.97,102741.05
 50609,99544.59,102740.66
 50617,99544.72,102740.89
 50626,99544.50,102741.05
 50634,99544.81,102740.69
 50643,99544.52,102740.80
 50651,99544.27,102740.70
 50660,99544.06,102741.03
 50668,99544.41,102740.28
 50677,99544.36,102740.39
 50685,99544.16,102740.67
 50694,99544.22,102740.44
 50702,99544.19,102740.52
 50710,99544.12,102740.38
 50719,99544.72,102739.95
 50727,99543.86,102740.36
 50736,99543.95,102740.66
 50744,99543.92,102740.03
 50752,99543.95,102740.56
 50761,99544.00,102740.45
 50769,99543.55,102740.45
 50778,99543.78,102739.78
 50786,99543.92,102740.48
 50795,99543.91,102739.86
 50804,99543.22,102740.67
 50812,99543.61,102739.77
 50820,99543.66,102740.30
 50828,99543.98,102739.95
 50837,99543.94,102740.17
 50845,99543.47,102739.84
 50854,99543.41,102739.89
 50862,99543.77,102740.47
 50871,99543.81,102739.47
 50879,99544.39,102740.28
 50888,99544.53,102740.16
 50895,99544.75,102740.62
 50904,99545.20,102740.97
 50912,99545.39,102741.19
 50921,99545.77,102741.06
 50929,99546.27,102741.77
 50938,99546.25,102741.84
 50947,99546.86,102742.12
 50955,99547.39,102741.83
 50963,99547.75,102742.20
 50972,99547.95,102742.42
 50980,99548.45,102742.38
 50989,99548.28,102742.28
 50996,99549.20,102742.55
 51005,99549.11,102742.92
 51013,99548.95,102742.94
 51022,99549.48,102743.05
 51030,99550.31,102742.92
 51040,99550.28,102743.77
 51047,99550.55,102743.61
 51056,99550.45,102743.58
 51064,99550.56,102743.03
 51073,99550.89,102743.62
 51081,99551.52,102743.53
 51089,99551.50,102743.44
 51098,99551.44,102743.28
 51106,99552.27,102743.98
 51115,99551.75,102743.88
 51123,99552.28,102743.84
 51131,99552.62,102743.95
 51140,99552.50,102744.48
 51149,99553.02,102743.92
 51157,99553.12,102743.81
 51166,99553.31,102744.53
 51174,99553.53,102744.70
 51183,99553.62,102744.66
 51190,99553.45,102744.25
 51199,99554.55,102744.23
 51207,99553.67,102744.62
 51216,99553.89,102744.28
 51225,99554.48,102744.86
 51233,99554.92,102745.17
 51241,99554.50,102744.52
 51250,99554.95,102745.00
 51258,99554.69,102744.69
 51267,99554.84,102744.72
 51275,99554.69,102744.44
 51284,99555.42,102744.80
 51292,99555.16,102744.78
 51301,99555.67,102744.84
 51309,99555.75,102745.62
 51317,99555.66,102744.77
 51325,99556.03,102745.25
 51334,99555.84,102745.14
 51342,99556.69,102745.34
 51351,99556.73,102744.92
 51359,99556.31,102745.19
 51368,99556.66,102745.31
 51376,99556.45,102745.70
 51384,99556.77,102746.17
 51393,99556.94,102745.59
 51401,99557.19,102745.83
 51411,99557.25,102745.75
 51418,99557.00,102745.75
 51426,99557.41,102745.52
 51435,99557.55,102745.14
 51443,99557.00,102745.36
 51453,99557.50,102745.91
 51462,99557.36,102745.36
 51469,99557.78,102745.78
 51479,99557.19,102745.22
 51487,99558.02,102745.75
 51495,99558.14,102746.08
 51503,99558.27,102745.67
 51512,99557.98,102745.89
 51520,99558.38,102745.78
 51529,99558.08,102745.62
 51537,99558.80,102745.91
 51546,99558.23,102745.72
 51554,99558.30,102746.02
 51563,99558.19,102745.44
 51571,99559.12,102746.12
 51580,99558.52,102746.08
 51587,99558.73,102746.02
 51596,99559.33,102745.67
 51604,99558.89,102746.05
 51613,99559.42,102746.03
 51621,99559.58,102746.08
 51630,99559.16,102745.91
 51638,99558.72,102746.05
 51647,99559.72,102745.39
 51654,99559.39,102746.09
 51663,99559.39,102746.41
 51672,99559.64,102746.05
 51681,99559.78,102746.22
 51688,99560.08,102746.19
 51697,99559.09,102746.23
 51706,99559.14,102745.81
 51713,99559.52,102746.48
 51722,99559.55,102746.16
 51730,99559.89,102746.09
 51739,99559.75,102746.56
 51748,99559.77,102746.08
 51755,99559.70,102746.48
 51764,99560.05,102746.53
 51772,99559.75,102746.31
 51781,99559.69,102746.89
 51789,99559.66,102746.36
 51799,99560.05,102747.14
 51807,99560.03,102746.61
 51814,99559.88,102746.45
 51823,99560.12,102746.30
 51832,99560.45,102746.44
 51840,99559.78,102746.38
 51848,99560.25,102746.67
 51857,99559.86,102746.58
 51865,99560.14,102746.02
 51874,99560.78,102746.56
 51882,99560.44,102746.66
 51891,99560.66,102746.34
 51899,99560.48,102746.45
 51908,99560.64,102746.34
 51916,99560.73,102746.59
 51924,99561.33,102746.39
 51933,99560.75,102746.80
 51941,99560.92,102746.22
 51950,99560.47,102746.30
 51958,99560.69,102746.27
 51967,99561.02,102746.70
 51975,99560.81,102746.06
 51983,99560.89,102747.28
 51992,99561.69,102746.73
 52000,99561.12,102746.89
 52008,99561.28,102746.67
 52018,99561.08,102746.78
 52025,99561.09,102746.38
 52034,99561.28,102746.22
 52042,99561.30,102746.72
 52051,99561.30,102746.45
 52059,99561.05,102746.27
 52068,99561.52,102746.55
 52077,99561.36,102746.81
 52084,99561.25,102747.03
 52093,99561.94,102746.38
 52102,99561.69,102746.58
 52110,99562.02,102746.58
 52118,99561.73,102746.91
 52127,99562.36,102746.70
 52135,99562.00,102746.77
 52144,99561.97,102747.25
 52152,99561.91,102746.38
 52161,99561.58,102747.00
 52169,99562.44,102746.64
 52177,99561.77,102746.19
 52186,99561.45,102746.80
 52195,99561.58,102746.70
 52202,99561.95,102746.44
 52211,99561.83,102746.77
 52220,99561.62,102746.38
 52227,99562.27,102746.89
 52236,99561.89,102746.45
 52245,99561.67,102746.27
 52253,99561.75,102746.61
 52261,99562.20,102746.75
 52270,99562.23,102746.16
 52279,99562.52,102746.88
 52287,99562.30,102746.58
 52296,99562.31,102747.39
 52304,99562.33,102746.30
 52312,99562.39,102746.33
 52320,99563.38,102746.22
 52329,99562.45,102746.09
 52338,99562.92,102746.44
 52346,99562.84,102746.58
 52355,99562.58,102746.34
 52363,99563.08,102746.45
 52371,99562.81,102746.86
 52380,99562.84,102746.89
 52388,99563.34,102746.70
 52396,99563.09,102746.81
 52405,99563.58,102747.02
 52413,99563.55,102746.84
 52422,99563.64,102746.77
 52431,99563.53,102747.08
 52439,99563.62,102747.00
 52448,99563.64,102746.98
 52455,99563.59,102746.75
 52464,99563.97,102747.16
 52472,99563.94,102747.30
 52481,99564.50,102747.31
 52489,99564.75,102747.67
 52498,99564.84,102747.70
 52507,99564.81,102747.47
 52515,99564.92,102747.45
 52523,99564.95,102747.16
 52531,99565.33,102747.38
 52540,99565.20,102746.94
 52548,99565.19,102747.53
 52557,99565.52,102747.38
 52566,99565.39,102747.75
 52574,99565.23,102747.30
 52582,99565.88,102747.53
 52591,99564.91,102747.23
 52598,99566.03,102747.36
 52607,99565.48,102747.27
 52616,99565.98,102747.50
 52624,99566.06,102747.27
 52633,99566.23,102747.58
 52642,99565.86,102747.22
 52650,99566.67,102747.31
 52658,99565.91,102747.80
 52667,99566.69,102747.64
 52675,99566.58,102748.02
 52683,99566.47,102747.78
 52692,99566.78,102747.70
 52700,99566.59,102747.33
 52708,99566.66,102747.78
 52717,99566.56,102747.62
 52725,99566.77,102747.78
 52733,99566.48,102748.08
 52742,99566.95,102747.98
 52751,99566.69,102747.81
 52759,99566.81,102747.88
 52768,99566.86,102747.80
 52776,99567.44,102748.52
 52784,99567.08,102747.89
 52793,99567.45,102747.91
 52802,99566.92,102748.20
 52810,99567.50,102748.38
 52818,99567.28,102747.48
 52826,99567.38,102747.77
 52835,99567.44,102748.12
 52843,99567.30,102747.86
 52852,99567.64,102748.03
 52860,99567.58,102748.27
 52869,99567.66,102747.81
 52877,99567.28,102747.84
 52885,99566.95,102747.95
 52894,99567.33,102747.81
 52902,99567.47,102747.92
 52911,99568.00,102747.48
 52919,99567.77,102747.27
 52927,99568.25,102747.73
 52936,99567.86,102747.94
 52944,99567.77,102747.58
 52953,99567.17,102748.09
 52962,99567.38,102747.56
 52970,99567.47,102747.69
 52979,99567.47,102747.61
 52987,99567.44,102747.86
 52996,99568.20,102747.44
 53003,99567.64,102747.31
 53012,99567.28,102747.27
 53020,99567.75,102747.19
 53029,99567.73,102747.73
 53037,99567.16,102747.36
 53045,99566.62,102746.77
 53055,99567.03,102747.34
 53062,99566.44,102747.08
 53071,99566.30,102746.41
 53080,99566.12,102746.31
 53087,99566.14,102746.77
 53096,99565.53,102745.97
 53104,99564.98,102746.16
 53113,99565.02,102746.12
 53122,99564.36,102745.78
 53130,99564.73,102746.08
 53138,99563.97,102745.42
 53147,99563.97,102745.58
 53156,99563.61,102745.38
 53164,99563.41,102745.12
 53172,99563.12,102744.47
 53181,99562.62,102744.69
 53189,99562.73,102744.78
 53198,99562.80,102744.92
 53206,99562.53,102744.36
 53215,99562.28,102744.56
 53223,99561.88,102744.62
 53232,99562.00,102744.05
 53239,99561.55,102744.44
 53248,99561.47,102744.23
 53256,99561.28,102744.39
 53265,99561.70,102744.59
 53273,99561.59,102744.30
 53282,99561.25,102744.48
 53290,99561.70,102744.53
 53298,99561.05,102743.94
 53307,99560.88,102744.05
 53317,99561.27,102744.12
 53324,99560.92,102744.09
 53332,99560.70,102743.81
 53341,99560.83,102743.45
 53350,99559.92,102744.17
 53358,99560.25,102743.48
 53366,99560.06,102744.39
 53374,99560.16,102743.66
 53383,99559.53,102743.34
 53391,99559.77,102743.47
 53400,99558.98,102743.20
 53408,99559.67,102743.59
 53417,99559.23,102743.06
 53425,99559.27,102743.34
 53433,99558.98,102743.08
 53442,99558.97,102742.89
 53451,99558.66,102742.84
 53459,99558.83,102743.19
 53468,99558.48,102742.89
 53477,99558.55,102743.22
 53485,99557.95,102742.92
 53494,99558.23,102742.94
 53502,99558.48,102743.02
 53510,99557.70,102742.34
 53519,99557.55,102742.42
 53528,99557.94,102742.19
 53535,99557.67,102742.36
 53544,99558.00,102742.53
 53552,99557.34,102742.44
 53560,99557.48,102742.36
 53569,99557.19,102742.20
 53577,99557.42,102741.64
 53586,99557.09,102742.27
 53595,99556.88,102742.19
 53602,99557.16,102742.27
 53611,99556.97,102742.02
 53620,99556.47,102741.94
 53628,99556.34,102741.69
 53636,99556.50,102742.30
 53644,99556.80,102741.42
 53653,99556.16,102741.86
 53661,99556.78,102741.77
 53670,99556.20,102741.56
 53679,99555.80,102741.70
 53686,99556.17,102741.42
 53695,99555.56,102740.98
 53703,99555.72,102741.53
 53711,99555.92,102741.12
 53720,99555.44,102741.20
 53729,99555.34,102741.41
 53737,99555.11,102741.55
 53745,99554.95,102741.61
 53754,99555.39,102741.16
 53763,99555.44,102740.64
 53770,99555.09,102741.03
 53779,99554.69,102740.95
 53788,99555.16,102740.66
 53796,99555.09,102740.81
 53805,99554.59,102741.16
 53813,99554.72,102740.83
 53822,99554.27,102741.05
 53830,99554.42,102740.73
 53838,99554.62,102740.89
 53846,99554.48,102740.92
 53855,99554.52,102740.75
 53863,99554.38,102740.41
 53872,99554.05,102740.66
 53880,99553.94,102740.86
 53889,99553.67,102740.80
 53898,99553.66,102740.08
 53906,99553.80,102741.03
 53915,99553.69,102740.61
 53923,99554.08,102740.19
 53931,99553.78,102740.64
 53939,99553.50,102740.28
 53948,99553.45,102740.47
 53956,99553.52,102740.86
 53965,99553.45,102740.12
 53973,99553.53,102740.48
 53982,99553.30,102739.92
 53990,99553.11,102740.19
 53998,99553.11,102740.16
 54007,99553.70,102739.88
 54015,99553.20,102740.23
 54023,99552.98,102740.28
 54032,99553.39,102740.05
 54040,99553.12,102740.12
 54049,99552.78,102740.06
 54058,99553.16,102739.75
 54066,99552.84,102740.12
 54074,99552.64,102740.33
 54083,99552.66,102739.77
 54091,99553.00,102739.75
 54100,99552.67,102739.95
 54109,99552.91,102740.12
 54116,99552.89,102740.02
 54125,99552.42,102739.94
 54133,99551.89,102739.61
 54142,99552.31,102740.11
 54150,99552.27,102740.06
 54159,99552.08,102739.80
 54167,99552.50,102740.12
 54176,99551.81,102739.89
 54184,99552.23,102740.25
 54193,99552.69,102739.64
 54201,99552.77,102739.52
 54210,99552.89,102740.16
 54218,99554.19,102739.77
 54226,99553.75,102740.34
 54235,99554.06,102740.72
 54243,99554.20,102740.44
 54251,99554.83,102740.73
 54260,99554.77,102741.23
 54268,99555.23,102740.73
 54277,99554.97,102741.09
 54285,99555.88,102741.05
 54294,99556.23,102741.23
 54302,99556.91,102741.08
 54311,99556.94,102741.28
 54319,99557.16,102741.52
 54328,99557.33,102741.89
 54335,99557.75,102741.59
 54344,99558.28,102741.78
 54352,99558.55,102741.61
 54361,99558.89,102741.73
 54369,99559.19,102742.31
 54378,99559.36,102741.94
 54386,99559.41,102741.86
 54394,99559.88,102742.42
 54404,99560.06,102742.50
 54411,99560.30,102742.03
 54420,99561.00,102742.34
 54428,99561.36,102742.44
 54437,99560.88,102742.56
 54446,99561.38,102743.05
 54454,99561.19,102742.94
 54463,99561.42,102742.84
 54471,99561.77,102742.84
 54480,99561.78,102743.00
 54487,99562.23,102742.98
 54496,99562.16,102743.02
 54505,99562.27,102743.39
 54512,99562.97,102742.72
 54521,99562.66,102742.80
 54529,99562.67,102743.23
 54538,99563.00,102743.03
 54546,99563.17,102742.83
 54555,99563.61,102742.72
 54563,99562.91,102742.94
 54572,99563.14,102742.91
 54581,99563.11,102743.47
 54588,99563.47,102743.34
 54597,99563.56,102743.19
 54605,99562.92,102742.92
 54614,99562.91,102743.33
 54623,99563.27,102743.20
 54631,99563.03,102743.03
 54640,99563.11,102743.30
 54648,99563.19,102743.44
 54656,99563.30,102744.00
 54665,99563.97,102743.44
 54672,99563.52,102743.84
 54681,99563.81,102743.08
 54690,99563.70,102743.27
 54699,99563.48,102743.66
 54706,99563.98,102743.48
 54716,99564.03,102743.50
 54723,99564.27,102743.55
 54732,99563.94,102743.41
 54742,99563.64,102743.88
 54748,99563.97,102744.06
 54757,99564.41,102744.31
 54766,99564.00,102743.88
 54774,99564.08,102743.69
 54782,99564.16,102743.98
 54791,99564.03,102743.95
 54800,99564.55,102743.73
 54808,99564.41,102744.39
 54816,99564.61,102744.45
 54825,99564.19,102743.89
 54833,99564.94,102743.73
 54842,99564.83,102743.84
 54850,99564.83,102744.16
 54859,99564.69,102744.28
 54867,99564.55,102744.53
 54876,99565.17,102744.05
 54884,99565.25,102743.75
 54892,99565.12,102743.91
 54901,99565.75,102743.91
 54909,99565.31,102744.17
 54918,99564.97,102744.66
 54926,99566.22,102744.39
 54935,99565.78,102744.22
 54942,99565.39,102744.55
 54951,99566.00,102744.33
 54959,99565.91,102744.42
 54968,99566.00,102744.31
 54976,99565.75,102744.44
 54985,99565.89,102744.61
 54994,99566.03,102744.84
 55001,99566.27,102744.48
 55010,99566.27,102744.38
 55019,99566.45,102744.44
 55027,99566.72,102744.23
 55035,99566.33,102744.67
 55044,99567.02,102744.22
 55053,99566.66,102745.17
 55061,99566.75,102744.72
 55069,99567.25,102744.88
 55078,99566.94,102744.48
 55086,99566.98,102744.34
 55094,99566.91,102744.62
 55103,99567.06,102744.56
 55111,99566.80,102744.52
 55120,99566.75,102744.92
 55128,99567.50,102744.38
 55137,99567.39,102744.78
 55145,99567.25,102744.55
 55154,99567.69,102744.52
 55162,99567.42,102744.66
 55171,99567.95,102744.45
 55179,99567.62,102745.14
 55188,99567.69,102745.02
 55195,99567.77,102745.16
 55204,99567.78,102744.73
 55213,99567.45,102744.42
 55221,99567.94,102744.64
 55230,99568.16,102744.92
 55238,99568.03,102744.67
 55246,99567.92,102744.56
 55255,99567.70,102744.97
 55263,99568.09,102744.80
 55272,99567.84,102744.39
 55280,99567.81,102744.27
 55289,99567.89,102744.72
 55296,99567.78,102744.56
 55305,99568.45,102745.25
 55313,99568.47,102744.41
 55322,99567.77,102745.06
 55330,99567.75,102744.70
 55339,99568.56,102744.45
 55347,99568.17,102744.73
 55356,99568.41,102744.33
 55365,99567.84,102744.30
 55373,99568.17,102744.06
 55381,99567.78,102744.38
 55390,99568.25,102744.34
 55398,99568.11,102744.31
 55407,99568.36,102744.34
 55415,99567.17,102744.53
 55424,99567.83,102744.55
 55431,99568.28,102743.83
 55440,99568.08,102744.09
 55448,99567.56,102744.27
 55457,99568.00,102744.00
 55466,99568.17,102743.88
 55474,99567.91,102743.88
 55483,99567.53,102743.58
 55492,99567.53,102744.02
 55500,99567.59,102744.00
 55508,99566.48,102744.03
 55517,99567.42,102743.62
 55525,99567.45,102743.70
 55534,99566.80,102743.59
 55542,99567.16,102743.55
 55551,99566.77,102743.50
 55559,99566.08,102743.36
 55568,99566.48,102742.92
 55575,99566.17,102743.27
 55584,99565.70,102742.94
 55593,99565.75,102742.33
 55602,99565.39,102742.59
 55609,99565.38,102742.94
 55618,99564.62,102742.92
 55626,99564.61,102742.81
 55635,99564.61,102742.45
 55642,99564.86,102742.23
 55651,99564.20,102742.92
 55659,99564.11,102742.73
 55668,99564.23,102742.73
 55677,99564.16,102742.91
 55685,99563.58,102742.80
 55694,99563.88,102742.36
 55701,99563.88,102743.03
 55710,99564.44,102743.09
 55719,99563.78,102742.91
 55727,99563.70,102742.69
 55735,99563.58,102742.56
 55744,99563.42,102742.30
 55752,99563.69,102742.28
 55761,99563.47,102742.62
 55769,99563.41,102742.47
 55778,99563.20,102742.36
 55785,99563.73,102742.41
 55794,99563.19,102742.27
 55803,99563.06,102742.30
 55811,99562.55,102741.88
 55820,99562.86,102742.48
 55828,99561.89,102741.95
 55836,99561.92,102741.97
 55844,99562.11,102742.33
 55853,99561.61,102741.84
 55862,99561.62,102741.94
 55871,99561.33,102741.20
 55878,99561.55,102742.17
 55887,99561.14,102741.42
 55895,99561.23,102741.56
 55904,99561.58,102741.64
 55912,99561.27,102741.77
 55920,99561.11,102741.81
 55929,99561.25,102741.36
 55938,99561.05,102741.73
 55946,99560.62,102741.08
 55955,99561.02,102741.58
 55963,99560.88,102741.67
 55971,99560.20,102741.73
 55980,99560.14,102741.67
 55988,99560.86,102741.39
 55997,99560.12,102741.31
 56005,99560.02,102741.05
 56014,99560.16,102741.36
 56021,99560.41,102740.91
 56030,99560.17,102740.73
 56039,99560.20,102741.02
 56047,99560.22,102741.23
 56055,99559.75,102740.91
 56064,99560.08,102740.89
 56073,99559.55,102741.23
 56081,99559.59,102740.88
 56089,99560.02,102741.08
 56097,99559.59,102740.77
 56107,99559.59,102741.06
 56115,99559.28,102740.81
 56123,99559.34,102740.89
 56132,99559.69,102741.17
 56140,99559.64,102740.97
 56149,99559.11,102740.95
 56156,99559.36,102740.83
 56165,99559.11,102740.86
 56173,99558.92,102740.77
 56182,99559.17,102741.03
 56190,99558.70,102741.33
 56198,99559.05,102741.05
 56208,99559.11,102741.22
 56216,99559.48,102741.33
 56225,99559.27,102741.06
 56233,99559.48,102741.27
 56241,99559.48,102740.97
 56250,99559.59,102740.89
 56258,99559.34,102740.98
 56266,99559.52,102741.30
 56274,99559.77,102740.75
 56283,99559.47,102741.20
 56292,99559.02,102740.80
 56300,99559.00,102741.22
 56308,99559.47,102741.41
 56317,99559.34,102741.03
 56326,99559.02,102740.84
 56334,99559.33,102740.98
 56343,99559.41,102740.66
 56351,99558.84,102741.34
 56360,99559.47,102740.81
 56367,99559.89,102741.69
 56376,99559.64,102741.36
 56384,99560.38,102740.98
 56393,99560.34,102741.94
 56401,99560.56,102741.39
 56410,99560.31,102741.59
 56419,99560.44,102741.53
 56427,99560.70,102741.80
 56435,99560.39,102742.12
 56444,99561.20,102742.39
 56452,99560.89,102741.66
 56460,99561.39,102742.06
 56469,99561.58,102742.61
 56477,99561.44,102742.55
 56487,99562.17,102741.80
 56494,99562.25,102742.47
 56503,99562.39,102742.45
 56510,99562.53,102742.38
 56520,99562.55,102742.53
 56527,99562.75,102742.31
 56536,99563.20,102743.00
 56544,99563.61,102742.89
 56553,99563.75,102742.91
 56562,99564.31,102742.88
 56570,99564.20,102742.88
 56578,99564.61,102742.84
 56586,99565.02,102743.06
 56595,99565.31,102743.14
 56603,99565.86,102742.98
 56612,99565.69,102743.08
 56620,99566.20,102743.25
 56629,99566.20,102743.56
 56637,99566.25,102743.70
 56646,99566.69,102743.67
 56654,99566.70,102744.02
 56663,99566.78,102743.72
 56671,99566.97,102744.11
 56680,99566.83,102743.59
 56687,99567.69,102744.41
 56696,99567.86,102743.89
 56705,99567.66,102743.92
 56714,99567.86,102744.36
 56722,99568.12,102744.02
 56730,99568.58,102744.25
 56739,99569.14,102744.66
 56747,99568.66,102744.30
 56756,99568.80,102744.34
 56764,99568.78,102744.30
 56772,99569.11,102743.91
 56781,99569.30,102744.20
 56789,99569.42,102745.03
 56798,99569.55,102744.72
 56806,99569.58,102744.72
 56814,99569.56,102744.19
 56823,99570.38,102744.34
 56831,99570.11,102744.98
 56840,99569.92,102744.78
 56848,99570.22,102745.14
 56857,99570.70,102744.36
 56865,99570.33,102744.52
 56873,99571.38,102745.00
 56882,99571.30,102745.03
 56890,99571.20,102744.66
 56899,99571.66,102745.14
 56907,99571.31,102744.83
 56916,99571.92,102745.02
 56924,99571.52,102744.97
 56933,99571.73,102745.31
 56941,99571.92,102744.59
 56950,99572.28,102745.31
 56958,99572.16,102745.28
 56966,99572.81,102745.47
 56975,99572.66,102745.20
 56983,99572.61,102745.64
 56991,99572.98,102745.25
 57001,99572.70,102745.38
 57008,99572.69,102746.06
 57017,99573.14,102745.45
 57025,99573.06,102745.70
 57034,99573.52,102745.75
 57042,99573.41,102746.09
 57051,99573.59,102745.81
 57059,99573.91,102745.67
 57068,99573.78,102745.92
 57076,99573.84,102746.41
 57085,99574.23,102746.00
 57093,99574.03,102745.78
 57101,99574.12,102746.09
 57109,99574.05,102745.97
 57118,99574.75,102745.98
 57126,99574.08,102746.06
 57135,99575.23,102746.31
 57143,99574.03,102745.88
 57152,99574.59,102746.28
 57160,99574.83,102746.11
 57169,99575.22,102745.84
 57177,99574.92,102746.02
 57185,99575.03,102745.84
 57194,99574.73,102745.84
 57202,99574.75,102746.44
 57211,99575.12,102746.27
 57220,99575.61,102745.98
 57227,99575.23,102746.33
 57236,99575.41,102745.98
 57245,99575.75,102745.86
 57253,99575.45,102745.94
 57262,99575.61,102746.19
 57269,99576.08,102746.25
 57278,99575.73,102746.69
 57286,99575.78,102746.78
 57295,99576.33,102746.36
 57303,99576.14,102746.33
 57312,99576.00,102746.27
 57320,99576.38,102746.58
 57329,99575.98,102745.72
 57337,99576.52,102746.41
 57346,99576.30,102745.88
 57354,99576.27,102746.48
 57363,99575.78,102746.50
 57371,99577.09,102746.48
 57379,99576.78,102746.36
 57388,99576.05,102746.38
 57397,99576.55,102746.38
 57404,99576.55,102746.42
 57413,99577.11,102746.56
 57422,99576.95,102746.23
 57430,99576.92,102746.72
 57438,99576.69,102746.62
 57447,99576.95,102746.03
 57455,99577.03,102746.17
 57464,99576.83,102746.12
 57472,99576.94,102746.38
 57480,99577.20,102746.61
 57489,99577.17,102746.62
 57497,99577.09,102746.47
 57506,99577.38,102746.59
 57515,99576.56,102746.36
 57523,99576.91,102746.36
 57531,99577.19,102746.44
 57540,99577.06,102746.62
 57547,99577.14,102746.36
 57557,99576.62,102746.05
 57564,99577.19,102746.05
 57573,99577.19,102746.34
 57581,99576.48,102746.34
 57590,99576.44,102745.58
 57599,99576.56,102745.44
 57608,99576.12,102745.61
 57616,99576.48,102745.61
 57625,99575.81,102745.64
 57633,99575.91,102745.22
 57642,99576.19,102745.48
 57650,99575.92,102745.05
 57658,99575.19,102744.70
 57667,99575.14,102745.20
 57674,99575.23,102745.03
 57683,99574.69,102744.67
 57692,99574.23,102744.69
 57700,99573.77,102744.06
 57708,99573.44,102744.06
 57717,99573.88,102744.22
 57725,99573.09,102743.91
 57734,99572.64,102743.55
 57742,99572.17,102743.66
 57751,99572.42,102743.53
 57759,99572.42,102743.34
 57767,99571.53,102743.47
 57776,99571.53,102743.36
 57784,99571.22,102743.50
 57793,99570.73,102743.02
 57800,99571.66,102743.56
 57809,99570.72,102743.06
 57818,99570.28,102743.25
 57826,99570.55,102742.94
 57835,99570.02,102742.95
 57843,99569.89,102743.00
 57851,99569.48,102742.62
 57859,99569.94,102742.95
 57868,99569.55,102742.80
 57877,99569.48,102742.69
 57885,99569.23,102742.86
 57893,99569.38,102742.31
 57902,99568.72,102742.33
 57910,99568.78,102742.98
 57919,99568.84,102742.27
 57927,99568.58,102742.53
 57936,99568.28,102742.72
 57944,99568.36,102742.45
 57953,99568.14,102742.06
 57961,99568.03,102742.02
 57969,99568.00,102741.66
 57978,99567.55,102742.25
 57986,99567.84,102742.44
 57995,99567.53,102741.75
 58003,99567.41,102741.92
 58012,99567.12,102742.03
 58020,99567.12,102742.03
 58029,99567.16,102741.78
 58037,99567.00,102741.73
 58045,99566.75,102742.14
 58054,99566.81,102741.94
 58063,99566.81,102741.86
 58071,99566.19,102742.05
 58079,99566.59,102741.41
 58088,99566.39,102741.77
 58096,99565.91,102741.98
 58104,99566.39,102741.59
 58112,99566.16,102741.38
 58121,99565.58,102741.42
 58129,99565.52,102741.58
 58138,99565.45,102741.22
 58146,99565.47,102741.17
 58155,99564.95,102741.22
 58163,99565.38,102741.33
 58172,99565.19,102741.27
 58181,99565.41,102741.55
 58189,99565.20,102741.34
 58197,99564.70,102741.20
 58206,99564.42,102740.78
 58214,99564.25,102741.14
 58222,99564.83,102740.77
 58231,99564.62,102740.92
 58239,99564.64,102741.23
 58248,99564.38,102741.12
 58256,99563.75,102740.56
 58265,99564.05,102740.97
 58273,99563.92,102740.75
 58282,99563.59,102740.75
 58289,99563.73,102740.47
 58298,99563.44,102740.73
 58307,99563.73,102740.30
 58315,99563.41,102740.52
 58324,99563.03,102740.59
 58332,99562.94,102740.03
 58341,99563.08,102740.36
 58349,99562.80,102740.52
 58358,99562.83,102740.08
 58366,99562.83,102740.84
 58374,99562.48,102740.27
 58383,99561.84,102740.61
 58391,99562.66,102740.53
 58400,99562.58,102740.73
 58408,99562.47,102739.98
 58416,99562.08,102740.33
 58425,99561.73,102740.48
 58433,99562.48,102740.17
 58442,99561.55,102740.30
 58450,99561.97,102740.09
 58459,99562.05,102740.06
 58467,99561.91,102739.58
 58476,99561.73,102739.95
 58484,99561.75,102739.75
 58492,99561.39,102740.39
 58501,99561.97,102739.88
 58510,99561.23,102739.72
 58517,99561.42,102739.77
 58526,99560.94,102739.77
 58535,99561.45,102739.73
 58542,99561.33,102739.84
 58551,99561.22,102739.89
 58559,99561.47,102739.94
 58568,99560.75,102739.97
 58576,99561.14,102739.70
 58585,99561.23,102739.50
 58593,99561.61,102739.53
 58602,99561.30,102739.55
 58610,99561.12,102739.61
 58619,99560.75,102739.67
 58627,99561.16,102740.00
 58636,99561.20,102739.83
 58644,99561.22,102739.86
 58653,99561.23,102740.30
 58660,99561.47,102739.88
 58669,99561.16,102739.95
 58677,99561.53,102740.08
 58686,99561.48,102739.91
 58694,99561.81,102739.84
 58703,99561.62,102740.38
 58712,99561.89,102740.33
 58719,99562.36,102740.47
 58728,99561.56,102740.45
 58737,99562.64,102740.12
 58745,99562.56,102740.70
 58754,99562.08,102740.59
 58762,99562.78,102740.62
 58771,99563.05,102741.16
 58779,99563.12,102741.12
 58787,99563.45,102740.59
 58795,99563.84,102741.03
 58804,99563.98,102740.67
 58812,99563.77,102741.39
 58821,99564.16,102741.27
 58830,99564.56,102741.78
 58838,99565.11,102741.31
 58846,99565.16,102741.92
 58855,99564.89,102741.77
 58863,99565.52,102741.52
 58871,99565.75,102742.11
 58880,99566.12,102741.83
 58888,99566.27,102741.80
 58897,99566.73,102742.31
 58905,99566.84,102741.81
 58914,99567.00,102742.33
 58922,99567.02,102742.48
 58931,99567.00,102742.45
 58939,99567.84,102742.41
 58948,99567.84,102742.28
 58956,99567.16,102742.39
 58964,99568.23,102742.56
 58973,99568.12,102742.70
 58981,99568.81,102743.05
 58990,99568.48,102743.09
 58998,99568.64,102743.05
 59007,99569.42,102742.84
 59016,99569.12,102743.09
 59023,99569.97,102743.11
 59032,99569.62,102742.95
 59040,99569.50,102743.52
 59049,99569.95,102743.14
 59057,99569.97,102743.67
 59066,99570.72,102743.80
 59074,99571.03,102743.56
 59082,99570.88,102743.70
 59091,99570.75,102743.69
 59099,99571.16,102743.69
 59108,99571.22,102743.81
 59116,99571.11,102743.86
 59124,99571.12,102743.72
 59133,99571.77,102744.08
 59141,99571.39,102743.81
 59150,99571.89,102743.58
 59158,99571.70,102744.34
 59167,99572.41,102744.34
 59175,99572.22,102744.25
 59183,99572.62,102744.05
 59192,99572.53,102744.22
 59201,99572.56,102744.34
 59210,99572.73,102744.33
 59217,99573.38,102743.75
 59226,99573.61,102744.20
 59234,99573.41,102744.48
 59242,99573.80,102743.86
 59251,99573.19,102744.98
 59259,99573.23,102744.11
 59268,99574.05,102744.38
 59276,99574.09,102744.69
 59284,99573.88,102744.64
 59294,99573.70,102744.34
 59302,99574.78,102744.34
 59311,99574.23,102744.75
 59319,99574.36,102744.73
 59327,99574.84,102744.59
 59335,99574.69,102744.33
 59344,99574.59,102744.56
 59352,99574.77,102744.31
 59361,99575.06,102744.64
 59369,99574.81,102744.09
 59378,99575.11,102744.42
 59385,99574.81,102744.80
 59395,99575.00,102744.20
 59402,99575.69,102744.98
 59411,99574.94,102744.81
 59419,99575.55,102744.83
 59428,99575.61,102744.55
 59436,99575.41,102744.78
 59445,99575.38,102744.41
 59453,99575.66,102744.47
 59462,99575.64,102745.02
 59471,99576.02,102743.86
 59479,99575.73,102745.27
 59488,99576.09,102744.36
 59495,99576.41,102745.14
 59504,99576.61,102744.55
 59513,99576.28,102744.94
 59521,99576.56,102744.67
 59529,99576.62,102744.92
 59538,99576.02,102744.67
 59546,99576.62,102744.95
 59555,99576.75,102745.38
 59563,99576.59,102744.86
 59572,99576.98,102744.80
 59581,99576.62,102745.06
 59590,99577.28,102745.50
 59597,99577.31,102744.81
 59606,99577.20,102745.20
 59615,99577.61,102744.69
 59623,99577.45,102744.89
 59631,99576.95,102744.52
 59639,99577.36,102744.88
 59648,99577.69,102744.80
 59657,99577.09,102745.27
 59665,99577.53,102745.11
 59673,99577.55,102745.45
 59682,99576.59,102744.89
 59690,99577.38,102745.16
 59698,99577.88,102744.59
 59707,99577.42,102744.62
 59715,99576.89,102744.56
 59723,99577.30,102744.86
 59732,99577.05,102744.64
 59741,99576.86,102744.84
 59749,99576.56,102744.69
 59757,99577.03,102744.33
 59766,99576.53,102744.83
 59774,99576.16,102744.59
 59783,99575.88,102744.31
 59791,99576.39,102743.92
 59799,99575.30,102743.86
 59807,99575.36,102743.94
 59816,99575.20,102744.06
 59824,99574.73,102743.69
 59833,99575.00,102743.39
 59841,99573.75,102743.20
 59850,99573.92,102743.70
 59858,99573.16,102743.16
 59866,99572.34,102743.16
 59875,99572.33,102742.41
 59883,99571.66,102742.20
 59891,99570.89,102742.14
 59900,99571.05,102742.48
 59909,99570.86,102741.77
 59917,99569.95,102741.77
 59925,99569.81,102741.62
 59934,99569.38,102741.47
 59942,99569.67,102741.27
 59951,99569.22,102741.70
 59959,99569.41,102741.56
 59968,99568.94,102741.77
 59977,99568.50,102741.39
 59985,99568.48,102740.97
 59993,99568.31,102740.89
 60002,99567.86,102741.52
 60010,99567.38,102741.02
 60018,99567.34,102740.92
 60027,99567.33,102740.97
 60035,99567.38,102740.89
 60044,99567.17,102740.94
 60052,99566.86,102740.83
 60061,99566.53,102740.73
 60069,99566.56,102740.52
 60077,99566.02,102740.75
 60086,99566.02,102740.17
 60094,99565.08,102740.02
 60103,99565.73,102740.31
 60111,99565.77,102740.19
 60119,99565.34,102739.89
 60128,99565.02,102740.23
 60136,99565.14,102739.80
 60144,99564.70,102739.94
 60153,99564.25,102739.97
 60161,99564.38,102739.72
 60170,99564.91,102740.05
 60178,99564.50,102740.05
 60187,99563.83,102740.02
 60196,99564.80,102739.56
 60204,99564.03,102739.72
 60213,99563.98,102739.52
 60221,99563.62,102739.89
 60229,99563.58,102739.30
 60238,99563.23,102739.69
 60246,99563.50,102739.52
 60254,99563.33,102739.33
 60263,99563.12,102738.84
 60271,99563.64,102739.09
 60279,99563.17,102739.00
 60288,99562.88,102739.50
 60297,99562.66,102738.92
 60305,99562.64,102738.95
 60314,99562.70,102739.00
 60322,99562.55,102739.41
 60331,99561.97,102739.25
 60339,99562.33,102738.83
 60347,99561.66,102739.19
 60356,99562.23,102739.25
 60364,99561.70,102738.50
 60372,99561.80,102738.75
 60381,99561.53,102738.77
 60389,99561.56,102738.80
 60398,99561.27,102739.16
 60406,99561.73,102738.77
 60414,99560.86,102738.69
 60423,99560.83,102738.62
 60431,99560.88,102738.94
 60440,99560.77,102738.80
 60448,99560.78,102739.66
 60457,99561.02,102739.06
 60465,99560.55,102739.28
 60473,99560.50,102739.30
 60482,99560.52,102739.12
 60490,99560.34,102738.98
 60499,99560.50,102739.39
 60507,99559.92,102739.23
 60516,99560.53,102739.47
 60524,99560.08,102738.73
 60533,99560.95,102739.30
 60541,99560.23,102739.41
 60550,99559.89,102739.25
 60557,99559.81,102739.00
 60566,99559.64,102738.88
 60575,99559.89,102739.78
 60583,99560.66,102739.03
 60592,99560.08,102739.53
 60600,99559.67,102739.67
 60608,99559.28,102739.20
 60617,99559.58,102739.61
 60625,99559.62,102739.31
 60634,99559.78,102739.78
 60642,99559.44,102739.19
 60650,99559.45,102739.31
 60659,99559.30,102739.61
 60667,99559.45,102739.70
 60676,99559.41,102739.80
 60684,99559.44,102740.17
 60693,99558.89,102739.89
 60702,99559.38,102739.86
 60710,99559.02,102740.47
 60718,99559.20,102739.83
 60727,99559.34,102740.02
 60735,99559.16,102740.23
 60743,99559.31,102740.39
 60752,99559.61,102740.27
 60760,99559.30,102740.19
 60769,99559.94,102741.33
 60777,99558.73,102740.86
 60785,99558.70,102740.56
 60794,99558.91,102740.97
 60802,99559.44,102741.38
 60811,99559.48,102741.08
 60819,99558.98,102741.31
 60828,99559.30,102742.12
 60836,99559.09,102741.55
 60845,99559.33,102742.00
 60853,99559.31,102742.36
 60861,99559.47,102742.56
 60870,99559.05,102742.89
 60878,99559.52,102742.98
 60887,99559.27,102743.05
 60895,99559.70,102743.33
 60904,99559.70,102743.66
 60911,99559.38,102743.30
 60920,99559.33,102743.88
 60929,99559.72,102744.09
 60937,99559.88,102744.41
 60946,99559.86,102744.70
 60954,99559.88,102744.22
 60963,99559.52,102745.00
 60971,99559.59,102744.83
 60980,99559.95,102745.66
 60988,99559.81,102745.38
 60996,99560.00,102745.80
 61005,99560.22,102745.78
 61013,99560.33,102745.66
 61022,99560.06,102746.08
 61030,99560.56,102745.83
 61038,99560.38,102746.11
 61047,99560.38,102746.45
 61055,99560.86,102746.64
 61063,99560.53,102746.66
 61072,99560.34,102746.94
 61081,99560.98,102747.31
 61089,99561.33,102747.12
 61098,99561.16,102746.77
 61106,99561.03,102747.34
 61114,99561.75,102747.55
 61123,99561.53,102747.44
 61131,99561.39,102747.73
 61140,99561.98,102747.48
 61148,99561.55,102747.94
 61156,99561.59,102747.58
 61165,99561.48,102748.31
 61173,99561.75,102748.52
 61182,99561.56,102747.89
 61190,99561.62,102748.36
 61199,99561.48,102748.88
 61208,99561.33,102748.61
 61215,99562.08,102748.77
 61224,99561.80,102748.59
 61232,99561.31,102748.44
 61241,99562.00,102748.80
 61249,99561.78,102748.88
 61258,99561.98,102749.09
 61267,99562.52,102749.16
 61274,99562.22,102749.16
 61283,99562.02,102749.16
 61291,99561.66,102749.34
 61300,99562.19,102749.86
 61308,99561.72,102749.38
 61317,99562.28,102749.91
 61325,99562.39,102749.97
 61333,99562.58,102749.81
 61343,99562.41,102749.98
 61350,99562.14,102750.38
 61359,99562.58,102750.22
 61367,99562.34,102750.17
 61376,99562.58,102750.52
 61384,99562.41,102750.98
 61392,99563.22,102750.80
 61401,99562.59,102750.97
 61409,99563.67,102751.12
 61418,99563.27,102750.97
 61426,99562.80,102751.30
 61435,99563.06,102751.23
 61443,99563.47,102751.66
 61452,99562.95,102751.73
 61460,99563.59,102751.41
 61469,99563.42,102751.72
 61477,99563.78,102751.72
 61485,99563.95,102751.95
 61494,99563.73,102751.80
 61502,99564.17,102752.78
 61511,99563.89,102752.25
 61519,99563.84,102752.59
 61527,99563.67,102752.67
 61536,99564.00,102752.97
 61544,99564.25,102752.78
 61553,99563.67,102752.44
 61561,99563.97,102752.94
 61570,99564.08,102753.38
 61578,99564.19,102752.91
 61587,99564.47,102753.31
 61595,99564.27,102753.84
 61603,99564.69,102753.38
 61612,99564.31,102753.50
 61621,99564.55,102753.59
 61630,99564.61,102753.94
 61638,99564.48,102753.84
 61647,99564.75,102754.11
 61655,99564.81,102754.11
 61664,99564.61,102753.92
 61671,99564.97,102754.25
 61680,99564.95,102754.22
 61689,99565.48,102754.59
 61696,99564.72,102754.45
 61705,99564.48,102754.17
 61713,99564.48,102754.69
 61722,99565.36,102754.55
 61731,99564.95,102754.25
 61739,99564.58,102754.22
 61747,99564.86,102754.52
 61755,99564.83,102754.25
 61764,99565.22,102754.38
 61772,99564.39,102754.39
 61781,99564.73,102754.12
 61790,99565.48,102754.22
 61798,99564.77,102754.38
 61808,99565.05,102754.08
 61816,99565.03,102754.00
 61823,99565.06,102754.78
 61832,99565.66,102754.12
 61839,99565.27,102754.66
 61848,99565.48,102754.16
 61857,99565.73,102754.22
 61864,99565.42,102754.41
 61873,99565.69,102754.25
 61881,99565.22,102754.30
 61890,99565.33,102753.98
 61899,99564.95,102754.14
 61907,99564.97,102754.14
 61915,99564.92,102753.80
 61923,99564.52,102753.77
 61932,99564.70,102753.72
 61940,99565.30,102753.83
 61949,99565.16,102753.14
 61957,99564.94,102753.11
 61966,99565.22,102753.19
 61975,99565.06,102752.75
 61982,99564.25,102752.39
 61991,99564.36,102752.06
 62000,99564.72,102751.61
 62008,99564.83,102751.55
 62017,99563.98,102751.14
 62025,99564.08,102750.59
 62034,99563.53,102749.45
 62042,99563.58,102750.05
 62050,99563.22,102749.69
 62058,99562.83,102749.78
 62067,99562.45,102749.25
 62076,99562.58,102748.50
 62084,99562.42,102748.36
 62093,99561.86,102748.55
 62100,99561.73,102748.16
 62110,99561.44,102747.89
 62117,99561.38,102747.83
 62126,99561.02,102747.97
 62135,99560.97,102747.66
 62143,99560.86,102747.45
 62151,99560.53,102746.92
 62160,99560.83,102747.47
 62168,99560.95,102746.83
 62177,99560.78,102746.94
 62185,99560.41,102747.38
 62194,99559.97,102747.38
 62202,99560.33,102746.80
 62210,99559.78,102746.33
 62219,99560.30,102746.59
 62228,99560.45,102746.12
 62235,99560.20,102746.22
 62244,99560.28,102746.52
 62253,99559.80,102746.17
 62261,99560.05,102746.00
 62270,99559.95,102745.84
 62278,99559.38,102746.59
 62287,99560.16,102745.69
 62295,99560.03,102746.17
 62304,99559.86,102745.66
 62311,99560.38,102745.77
 62320,99559.39,102745.86
 62329,99559.59,102745.86
 62337,99559.17,102745.59
 62345,99559.14,102745.52
 62354,99559.42,102745.05
 62362,99559.25,102745.69
 62371,99559.02,102745.31
 62379,99559.06,102745.34
 62388,99558.72,102744.67
 62396,99558.95,102745.66
 62404,99559.25,102744.97
 62413,99559.27,102744.95
 62421,99559.45,102744.73
 62429,99559.03,102745.17
 62438,99558.83,102744.72
 62447,99558.48,102744.72
 62455,99558.91,102745.00
 62464,99558.75,102744.31
 62472,99559.00,102744.55
 62480,99558.50,102744.61
 62489,99558.58,102744.05
 62497,99558.70,102743.69
 62505,99558.66,102744.31
 62514,99558.12,102744.02
 62522,99558.70,102744.27
 62531,99558.61,102744.34
 62539,99558.47,102744.30
 62548,99558.19,102743.92
 62556,99558.80,102743.91
 62565,99558.36,102743.94
 62573,99558.22,102743.83
 62582,99558.34,102743.94
 62590,99557.84,102744.34
 62598,99558.50,102743.89
 62606,99558.05,102743.66
 62616,99558.14,102743.39
 62624,99557.84,102743.56
 62632,99558.02,102743.70
 62641,99557.69,102743.61
 62648,99558.09,102743.47
 62657,99557.84,102743.69
 62666,99557.83,102743.09
 62674,99557.62,102743.48
 62683,99558.08,102743.39
 62691,99557.77,102743.30
 62700,99558.03,102743.22
 62708,99557.55,102743.48
 62717,99557.50,102743.47
 62724,99557.69,102743.41
 62733,99557.80,102743.42
 62742,99557.41,102743.61
 62750,99556.98,102743.34
 62758,99557.38,102743.41
 62767,99557.44,102742.92
 62775,99557.67,102743.30
 62784,99557.39,102743.27
 62792,99557.47,102743.16
 62801,99556.86,102742.73
 62810,99557.27,102743.34
 62817,99557.23,102743.34
 62825,99556.97,102743.53
 62834,99557.45,102743.02
 62843,99557.33,102744.11
 62852,99557.11,102743.52
 62860,99557.16,102743.56
 62868,99557.16,102743.81
 62877,99557.48,102743.45
 62885,99557.55,102743.73
 62893,99557.28,102744.39
 62902,99557.09,102744.16
 62910,99557.19,102744.44
 62918,99557.77,102744.83
 62927,99557.58,102744.91
 62935,99558.25,102744.78
 62944,99557.97,102745.28
 62953,99557.81,102744.97
 62960,99557.70,102745.70
 62969,99558.12,102745.53
 62978,99558.17,102745.55
 62987,99558.52,102746.44
 62995,99558.31,102746.25
 63003,99559.12,102746.62
 63011,99559.09,102746.25
 63020,99558.89,102746.42
 63028,99559.48,102746.69
 63037,99559.48,102747.05
 63045,99559.30,102747.30
 63054,99560.03,102747.70
 63061,99559.44,102747.67
 63071,99560.17,102747.86
 63079,99560.02,102747.97
 63088,99560.34,102748.02
 63096,99560.23,102747.98
 63104,99560.14,102748.12
 63113,99560.72,102748.00
 63121,99560.23,102748.61
 63130,99560.56,102748.47
 63138,99560.38,102748.78
 63146,99561.09,102749.19
 63155,99561.06,102748.52
 63164,99561.42,102748.58
 63171,99561.31,102749.38
 63181,99561.58,102749.19
 63188,99561.23,102748.77
 63197,99561.64,102749.42
 63205,99561.62,102749.61
 63214,99561.27,102749.34
 63223,99562.05,102749.66
 63230,99561.72,102749.70
 63239,99561.92,102749.73
 63247,99561.52,102749.64
 63256,99561.98,102749.33
 63265,99561.84,102750.11
 63272,99561.67,102750.30
 63281,99561.84,102750.08
 63289,99561.86,102749.62
 63298,99562.19,102749.70
 63306,99561.81,102750.23
 63315,99562.56,102750.06
 63323,99562.45,102750.55
 63332,99562.59,102749.81
 63340,99562.25,102750.17
 63349,99562.69,102750.61
 63357,99562.25,102750.09
 63366,99562.30,102750.00
 63373,99562.23,102750.45
 63383,99562.36,102750.16
 63390,99562.55,102750.27
 63399,99562.73,102750.38
 63408,99562.91,102751.00
 63416,99562.86,102750.52
 63424,99562.69,102750.88
 63433,99562.69,102750.72
 63441,99562.94,102750.91
 63450,99562.97,102750.25
 63458,99563.50,102750.48
 63467,99563.19,102750.66
 63476,99562.80,102750.78
 63484,99563.42,102750.78
 63492,99563.47,102750.45
 63501,99563.41,102751.05
 63509,99563.16,102751.77
 63518,99563.20,102751.14
 63525,99563.66,102751.38
 63534,99563.83,102751.09
 63543,99563.84,102751.42
 63551,99563.53,102751.53
 63559,99563.45,102750.98
 63568,99563.30,102751.41
 63576,99563.78,102751.56
 63585,99564.08,102751.23
 63593,99563.75,102751.47
 63602,99563.83,102751.64
 63610,99564.02,102751.41
 63619,99564.11,102751.92
 63627,99564.00,102751.92
 63636,99563.72,102752.05
 63644,99563.66,102752.05
 63653,99563.94,102751.98
 63662,99564.19,102751.83
 63670,99563.91,102751.52
 63679,99564.36,102751.30
 63686,99563.62,102751.39
 63695,99563.88,102751.31
 63704,99563.61,102751.69
 63712,99564.20,102751.58
 63720,99564.34,102751.42
 63729,99564.08,102751.03
 63737,99564.16,102751.48
 63745,99564.19,102751.31
 63754,99563.97,102751.45
 63762,99564.05,102751.25
 63770,99564.19,102750.89
 63779,99563.94,102751.31
 63787,99563.98,102751.30
 63796,99564.03,102751.19
 63804,99563.84,102751.44
 63813,99563.95,102751.80
 63821,99564.09,102751.53
 63829,99564.30,102751.66
 63838,99564.05,102750.98
 63846,99564.00,102751.44
 63855,99564.17,102751.70
 63863,99564.31,102751.31
 63871,99563.92,102751.16
 63880,99563.94,102751.11
 63888,99563.97,102750.97
 63897,99564.02,102751.42
 63905,99563.48,102751.02
 63914,99563.95,102751.16
 63922,99564.03,102751.34
 63931,99563.42,102750.92
 63939,99563.80,102751.05
 63948,99563.62,102751.16
 63956,99563.69,102750.81
 63965,99563.45,102750.88
 63972,99563.25,102751.06
 63981,99563.47,102750.97
 63990,99563.41,102751.12
 63998,99563.38,102750.92
 64006,99563.38,102750.73
 64015,99562.77,102751.06
 64023,99563.03,102750.61
 64032,99563.52,102750.92
 64040,99563.39,102750.98
 64048,99562.83,102751.00
 64057,99563.42,102750.86
 64065,99563.44,102751.20
 64073,99563.19,102750.25
 64082,99562.92,102750.52
 64091,99562.67,102750.69
 64099,99562.50,102750.25
 64107,99562.89,102750.30
 64115,99562.38,102749.83
 64124,99562.62,102749.94
 64132,99562.52,102749.77
 64141,99562.69,102749.66
 64150,99562.16,102749.42
 64158,99561.72,102749.03
 64166,99562.31,102748.98
 64175,99561.78,102749.33
 64184,99561.84,102749.06
 64191,99561.48,102748.28
 64200,99561.45,102748.03
 64208,99561.59,102748.06
 64217,99561.00,102747.78
 64226,99560.77,102747.78
 64234,99560.70,102747.17
 64242,99560.69,102747.47
 64251,99560.50,102746.25
 64259,99560.88,102747.11
 64268,99560.75,102746.95
 64276,99560.55,102746.61
 64285,99560.27,102746.45
 64293,99560.08,102746.50
 64301,99560.27,102746.34
 64310,99560.22,102746.33
 64318,99559.92,102746.50
 64326,99559.98,102746.50
 64336,99560.33,102746.11
 64343,99559.91,102745.77
 64352,99560.03,102746.36
 64360,99559.61,102745.55
 64369,99559.84,102746.31
 64378,99559.61,102745.98
 64386,99559.67,102745.58
 64395,99559.14,102745.86
 64402,99559.56,102745.53
 64411,99559.64,102745.80
 64420,99559.81,102745.69
 64428,99559.34,102745.97
 64437,99559.31,102745.58
 64445,99559.44,102745.67
 64453,99559.31,102745.81
 64462,99559.25,102745.20
 64470,99558.92,102745.23
 64478,99559.08,102745.48
 64487,99559.09,102744.62
 64495,99558.45,102745.19
 64504,99559.22,102745.94
 64512,99559.38,102744.64
 64520,99558.91,102745.05
 64529,99558.81,102745.34
 64538,99558.89,102744.88
 64546,99558.88,102745.23
 64555,99558.59,102745.16
 64563,99559.02,102745.45
 64572,99558.55,102744.73
 64579,99558.45,102745.14
 64588,99558.42,102745.41
 64596,99558.45,102744.95
 64605,99558.45,102745.06
 64613,99558.66,102745.14
 64622,99557.66,102744.81
 64631,99558.52,102745.16
 64638,99558.20,102745.03
 64647,99558.28,102744.89
 64656,99558.14,102745.39
 64664,99558.17,102745.17
 64672,99558.50,102745.41
 64681,99557.91,102745.08
 64689,99558.44,102744.77
 64698,99557.94,102744.89
 64706,99557.80,102744.47
 64715,99558.03,102744.84
 64723,99558.47,102744.89
 64732,99558.14,102744.80
 64740,99558.25,102745.12
 64748,99557.53,102744.45
 64756,99558.31,102744.97
 64765,99558.23,102744.66
 64773,99558.08,102744.80
 64782,99557.98,102744.48
 64791,99558.38,102744.14
 64799,99557.95,102744.58
 64807,99557.94,102744.23
 64816,99557.89,102744.19
 64824,99557.78,102744.06
 64832,99557.94,102744.23
 64841,99558.02,102744.28
 64849,99557.95,102744.61
 64858,99557.94,102744.75
 64866,99557.52,102744.39
 64875,99557.45,102744.34
 64884,99558.03,102743.98
 64892,99558.12,102744.36
 64900,99557.62,102744.78
 64909,99557.80,102744.20
 64917,99557.92,102744.88
 64926,99558.05,102744.20
 64934,99557.58,102743.92
 64942,99557.50,102744.23
 64950,99557.11,102744.41
 64959,99557.28,102744.61
 64968,99557.44,102744.11
 64976,99557.25,102744.55
 64984,99557.45,102743.88
 64993,99557.84,102744.28
 65001,99557.80,102744.11
 65010,99557.39,102744.75
 65018,99557.45,102744.78
 65026,99557.58,102744.38
 65035,99557.91,102745.00
 65043,99557.09,102745.47
 65052,99557.64,102745.23
 65060,99558.16,102745.30
 65069,99557.55,102745.36
 65077,99557.41,102745.02
 65086,99558.12,102745.67
 65094,99557.86,102745.47
 65103,99558.00,102745.70
 65110,99557.89,102746.25
 65119,99557.86,102745.08
 65127,99557.95,102745.61
 65136,99557.98,102745.75
 65144,99557.94,102745.77
 65153,99557.89,102745.31
 65161,99558.20,102745.70
 65170,99557.95,102745.64
 65178,99557.91,102745.97
 65187,99558.44,102745.73
 65195,99557.53,102745.72
 65203,99558.05,102746.41
 65212,99558.28,102745.95
 65220,99557.88,102746.06
 65228,99558.11,102745.91
 65240,99558.30,102746.23
 65249,99558.61,102746.34
 65257,99558.69,102746.47
 65266,99558.88,102746.59
 65274,99558.23,102746.33
 65282,99558.28,102746.33
 65291,99558.61,102747.38
 65299,99558.84,102747.02
 65307,99558.27,102747.30
 65316,99558.84,102747.20
 65324,99558.59,102747.20
 65333,99558.59,102747.91
 65341,99559.22,102747.95
 65349,99559.14,102748.06
 65358,99559.59,102747.77
 65366,99559.34,102747.64
 65375,99559.34,102747.78
 65382,99559.38,102747.86
 65392,99559.28,102748.27
 65399,99559.86,102747.97
 65408,99559.20,102748.03
 65416,99558.80,102748.53
 65424,99559.59,102748.83
 65433,99559.50,102748.98
 65442,99559.55,102748.09
 65450,99559.47,102748.45
 65459,99560.20,102748.75
 65467,99559.48,102748.27
 65475,99559.62,102748.42
 65484,99560.02,102748.33
 65492,99559.78,102748.25
 65501,99559.91,102748.64
 65509,99559.56,102748.45
 65517,99560.34,102748.72
 65526,99559.84,102749.06
 65534,99560.23,102748.95
 65543,99560.03,102748.27
 65550,99559.88,102748.33
 65559,99559.73,102748.39
 65567,99559.92,102748.97
 65576,99559.97,102748.75
 65584,99560.08,102748.92
 65593,99560.19,102748.80
 65601,99559.97,102749.31
 65609,99559.94,102749.36
 65618,99560.17,102748.77
 65627,99560.56,102749.55
 65634,99560.28,102749.58
 65643,99560.25,102749.22
 65651,99560.28,102749.45
 65660,99560.20,102749.47
 65668,99560.50,102749.55
 65676,99560.47,102749.31
 65685,99560.33,102749.53
 65694,99560.48,102749.34
 65702,99560.08,102749.33
 65711,99560.66,102749.38
 65718,99560.80,102749.28
 65727,99560.03,102749.34
 65736,99560.84,102749.94
 65743,99560.36,102749.56
 65752,99560.42,102749.45
 65761,99560.58,102749.50
 65769,99560.22,102749.92
 65777,99560.69,102749.44
 65786,99560.38,102749.28
 65794,99560.31,102750.05
 65803,99560.58,102749.58
 65811,99560.81,102749.59
 65820,99560.72,102749.62
 65827,99560.80,102749.72
 65836,99560.56,102750.09
 65844,99560.47,102749.94
 65853,99560.81,102749.53
 65861,99560.81,102749.77
 65870,99560.23,102750.02
 65878,99561.20,102749.94
 65887,99560.69,102750.05
 65895,99561.05,102749.64
 65903,99560.75,102749.89
 65912,99560.95,102750.12
 65921,99561.11,102749.20
 65929,99560.88,102749.66
 65937,99560.83,102749.42
 65946,99561.14,102749.67
 65954,99561.12,102749.47
 65962,99560.91,102750.16
 65971,99561.09,102750.09
 65979,99561.45,102749.83
 65987,99561.31,102749.88
 65996,99561.25,102749.80
 66005,99561.20,102749.22
 66013,99561.16,102749.25
 66022,99561.58,102749.67
 66030,99561.00,102749.28
 66039,99561.33,102749.34
 66046,99560.98,102749.41
 66055,99561.33,102749.12
 66063,99561.48,102749.17
 66072,99561.09,102748.98
 66080,99560.88,102748.89
 66089,99560.58,102748.56
 66098,99560.53,102748.72
 66106,99561.25,102747.97
 66115,99560.64,102748.00
 66123,99560.78,102747.70
 66132,99560.95,102747.81
 66139,99560.67,102747.45
 66148,99560.08,102747.58
 66157,99560.52,102747.19
 66164,99559.59,102747.22
 66173,99559.78,102746.88
 66182,99560.02,102746.50
 66191,99559.33,102745.48
 66199,99559.25,102745.83
 66207,99559.70,102746.00
 66216,99559.19,102745.41
 66224,99559.14,102745.42
 66232,99559.36,102745.86
 66241,99558.66,102745.27
 66249,99558.88,102745.12
 66258,99558.97,102745.17
 66266,99558.48,102745.17
 66275,99558.80,102745.31
 66282,99557.88,102745.30
 66292,99559.42,102744.92
 66300,99558.98,102744.39
 66308,99558.17,102744.88
 66317,99558.27,102744.56
 66325,99558.48,102744.28
 66334,99558.77,102744.81
 66342,99558.45,102744.47
 66350,99558.27,102744.34
 66359,99558.19,102744.41
 66367,99558.09,102744.31
 66375,99558.03,102743.86
 66384,99558.02,102744.53
 66392,99557.64,102743.75
 66401,99557.02,102743.78
 66409,99557.67,102743.78
 66418,99557.78,102743.48
 66426,99557.34,102743.19
 66435,99557.33,102743.09
 66443,99557.22,102743.55
 66452,99557.25,102743.81
 66460,99557.39,102743.69
 66469,99557.17,102743.56
 66477,99557.72,102743.02
 66485,99557.28,102743.16
 66493,99557.44,102743.22
 66502,99557.17,102743.17
 66511,99557.36,102743.20
 66519,99557.19,102742.98
 66528,99556.94,102743.45
 66536,99556.88,102743.16
 66544,99557.16,102742.97
 66553,99557.47,102743.38
 66561,99556.94,102742.83
 66570,99557.30,102743.09
 66578,99557.08,102743.11
 66587,99556.91,102743.05
 66595,99557.02,102742.83
 66604,99556.92,102742.89
 66612,99556.72,102742.67
 66620,99556.56,102742.64
 66629,99556.84,102742.62
 66637,99556.94,102742.81
 66645,99557.47,102742.61
 66654,99556.86,102742.48
 66662,99556.97,102742.20
 66671,99556.45,102742.20
 66679,99556.77,102742.23
 66687,99556.72,102742.23
 66696,99556.34,102742.16
 66705,99556.77,102742.38
 66712,99556.36,102742.38
 66722,99556.58,102742.25
 66729,99556.70,102742.33
 66738,99556.17,102742.30
 66747,99556.33,102742.23
 66755,99557.06,102741.84
 66763,99556.19,102742.20
 66772,99556.45,102741.97
 66780,99556.48,102742.19
 66788,99557.11,102742.23
 66798,99556.36,102742.06
 66805,99556.27,102741.88
 66815,99556.42,102741.83
 66822,99556.27,102741.88
 66830,99556.17,102742.12
 66840,99556.41,102741.66
 66848,99556.22,102742.14
 66857,99556.06,102741.69
 66865,99556.53,102741.67
 66873,99556.08,102742.16
 66881,99556.25,102741.95
 66890,99556.34,102741.58
 66898,99555.86,102741.67
 66907,99556.45,102741.94
 66915,99555.92,102741.77
 66924,99556.00,102741.39
 66932,99556.33,102741.83
 66941,99555.66,102741.75
 66949,99556.11,102741.50
 66957,99555.75,102741.66
 66966,99556.17,102741.84
 66974,99556.34,102741.84
 66983,99555.80,102742.12
 66991,99556.03,102741.98
 66999,99556.02,102741.66
 67008,99556.25,102741.69
 67016,99556.75,102741.55
 67025,99555.89,102741.66
 67033,99556.17,102741.89
 67042,99555.81,102741.77
 67050,99556.38,102742.19
 67058,99556.00,102741.80
 67068,99555.98,102741.64
 67076,99555.55,102742.17
 67084,99555.80,102741.94
 67093,99555.91,102742.11
 67101,99556.19,102742.12
 67109,99556.16,102742.08
 67118,99556.05,102742.33
 67126,99556.89,102742.86
 67134,99556.30,102742.67
 67143,99556.17,102742.66
 67151,99556.00,102742.77
 67159,99556.39,102742.89
 67168,99556.11,102743.09
 67176,99555.84,102743.22
 67185,99556.12,102743.41
 67193,99556.39,102743.42
 67202,99556.27,102743.52
 67210,99556.02,102743.45
 67219,99556.66,102743.83
 67227,99555.77,102743.94
 67236,99556.14,102743.72
 67244,99556.67,102743.80
 67253,99556.17,102744.25
 67261,99556.59,102744.19
 67270,99556.58,102744.20
 67278,99556.55,102744.47
 67287,99556.78,102744.72
 67295,99556.77,102744.97
 67304,99556.73,102744.94
 67312,99557.17,102744.84
 67320,99556.27,102745.05
 67328,99556.81,102745.00
 67337,99557.03,102745.27
 67345,99557.12,102745.72
 67354,99556.92,102745.42
 67362,99556.91,102745.31
 67371,99557.28,102746.02
 67379,99557.39,102745.97
 67388,99557.48,102746.09
 67395,99557.28,102745.70
 67405,99557.73,102746.05
 67413,99557.47,102746.31
 67422,99557.56,102745.89
 67430,99557.53,102745.83
 67438,99557.55,102745.73
 67446,99557.34,102746.55
 67455,99557.78,102746.36
 67464,99557.36,102746.09
 67471,99557.34,102746.28
 67480,99557.45,102746.55
 67488,99558.08,102746.75
 67498,99557.39,102746.11
 67505,99558.16,102746.72
 67514,99557.56,102746.34
 67522,99557.77,102746.61
 67530,99557.42,102746.58
 67540,99557.81,102746.56
 67547,99557.56,102746.86
 67556,99557.73,102746.84
 67564,99557.83,102746.86
 67573,99557.77,102746.72
 67581,99558.16,102746.61
 67589,99558.08,102746.83
 67598,99557.92,102746.84
 67607,99557.58,102746.89
 67615,99557.66,102746.95
 67624,99557.98,102747.23
 67632,99558.19,102747.02
 67641,99557.84,102747.11
 67649,99557.73,102747.11
 67658,99557.95,102746.98
 67667,99558.00,102747.08
 67674,99558.05,102746.97
 67683,99558.17,102747.19
 67692,99558.03,102747.09
 67700,99558.00,102747.53
 67709,99557.86,102746.97
 67717,99558.06,102746.92
 67726,99558.14,102747.08
 67733,99557.91,102747.58
 67742,99558.16,102747.09
 67750,99558.41,102747.14
 67759,99557.69,102747.25
 67767,99557.66,102747.39
 67775,99557.97,102747.34
 67784,99558.16,102747.22
 67792,99558.03,102747.66
 67801,99558.52,102747.31
 67810,99558.00,102747.17
 67818,99558.30,102747.05
 67826,99558.03,102747.25
 67835,99557.98,102747.62
 67842,99558.31,102747.25
 67851,99558.62,102747.25
 67859,99558.52,102747.48
 67868,99558.12,102747.53
 67876,99558.62,102747.45
 67885,99558.48,102747.31
 67894,99558.45,102748.03
 67902,99558.62,102747.38
 67911,99558.73,102747.55
 67918,99558.19,102747.11
 67927,99558.44,102747.47
 67937,99558.59,102747.69
 67944,99558.45,102747.69
 67953,99558.44,102747.27
 67960,99559.08,102747.22
 67969,99558.30,102748.00
 67977,99558.66,102747.78
 67986,99558.48,102747.55
 67994,99558.95,102747.98
 68003,99558.56,102748.03
 68011,99558.47,102747.78
 68019,99558.23,102747.80
 68029,99558.62,102747.97
 68037,99558.34,102748.19
 68045,99558.52,102748.55
 68054,99558.58,102747.98
 68063,99559.19,102747.72
 68070,99558.97,102748.16
 68079,99558.69,102747.88
 68088,99558.94,102747.81
 68095,99558.83,102748.00
 68104,99558.88,102748.27
 68113,99558.62,102748.31
 68121,99558.50,102748.17
 68129,99558.55,102748.11
 68138,99558.69,102747.89
 68146,99558.41,102748.19
 68154,99558.95,102748.22
 68163,99558.91,102748.38
 68171,99558.83,102747.98
 68180,99558.80,102747.89
 68188,99559.08,102748.56
 68197,99558.55,102747.67
 68206,99558.72,102748.14
 68214,99558.97,102748.23
 68222,99558.75,102747.95
 68230,99559.22,102748.47
 68240,99559.34,102748.66
 68247,99558.86,102748.69
 68256,99558.78,102748.31
 68264,99559.12,102748.19
 68273,99559.22,102748.30
 68281,99559.42,102748.75
 68290,99559.17,102748.53
 68298,99558.86,102748.39
 68306,99559.06,102748.91
 68314,99559.05,102748.61
 68323,99559.45,102748.61
 68331,99559.14,102748.48
 68341,99559.42,102748.55
 68349,99558.92,102748.11
 68358,99559.00,102748.72
 68365,99559.31,102748.83
 68373,99559.11,102748.73
 68382,99559.50,102748.86
 68391,99559.50,102748.88
 68399,99559.55,102749.12
 68407,99559.70,102748.80
 68416,99559.47,102748.92
 68424,99559.31,102749.27
 68433,99559.53,102749.30
 68441,99558.78,102748.98
 68450,99559.47,102749.20
 68458,99559.42,102749.27
 68467,99559.88,102749.05
 68475,99559.42,102748.88
 68484,99559.22,102749.31
 68492,99559.64,102749.14
 68501,99559.55,102749.53
 68509,99560.16,102749.55
 68517,99559.70,102749.36
 68526,99559.33,102749.44
 68534,99559.02,102749.81
 68543,99559.80,102749.58
 68550,99559.69,102750.03
 68559,99559.52,102749.81
 68568,99559.86,102749.48
 68576,99559.70,102749.70
 68585,99559.75,102749.20
 68593,99559.78,102749.66
 68602,99559.27,102749.91
 68610,99559.75,102749.94
 68619,99560.34,102750.20
 68627,99559.78,102750.80
 68636,99560.16,102750.12
 68643,99559.84,102750.14
 68652,99560.06,102750.02
 68660,99559.80,102749.91
 68670,99559.86,102749.92
 68677,99559.31,102750.19
 68686,99560.02,102749.94
 68694,99559.73,102750.14
 68703,99559.89,102749.91
 68712,99559.88,102749.80
 68720,99559.70,102749.73
 68728,99559.70,102749.52
 68737,99559.95,102750.12
 68746,99559.91,102749.95
 68753,99559.84,102749.80
 68762,99560.09,102750.08
 68770,99559.97,102749.66
 68779,99559.73,102750.00
 68787,99560.16,102749.80
 68796,99560.23,102749.53
 68804,99560.14,102749.92
 68813,99559.80,102749.48
 68821,99560.09,102749.62
 68830,99559.78,102749.14
 68838,99559.16,102749.14
 68846,99559.70,102748.78
 68855,99560.08,102749.20
 68863,99559.83,102748.97
 68872,99559.19,102748.89
 68880,99559.72,102748.89
 68888,99559.73,102747.86
 68897,99559.36,102747.70
 68905,99559.05,102747.70
 68914,99559.25,102747.77
 68922,99558.89,102746.73
 68930,99558.56,102746.94
 68939,99558.03,102746.83
 68947,99558.53,102746.34
 68956,99558.09,102746.08
 68964,99558.16,102746.31
 68972,99558.09,102746.00
 68981,99558.00,102745.95
 68989,99558.09,102745.64
 68998,99557.69,102745.73
 69006,99558.20,102745.62
 69015,99557.41,102745.56
 69023,99557.89,102745.39
 69031,99558.44,102745.55
 69040,99557.73,102744.89
 69048,99557.59,102745.08
 69057,99557.11,102744.61
 69065,99557.44,102744.64
 69074,99557.95,102744.59
 69082,99557.22,102744.19
 69091,99557.67,102744.19
 69099,99556.84,102743.67
 69108,99556.77,102744.25
 69116,99556.64,102744.19
 69124,99557.02,102743.36
 69132,99556.91,102743.33
 69141,99556.94,102743.34
 69149,99556.64,102742.83
 69158,99556.61,102742.58
 69166,99556.70,102742.17
 69175,99556.52,102742.58
 69183,99556.91,102742.66
 69191,99556.62,102742.64
 69200,99556.44,102742.02
 69209,99556.56,102742.83
 69217,99556.50,102741.77
 69225,99557.09,102741.81
 69234,99556.53,102741.42
 69242,99556.64,102741.59
 69251,99556.53,102741.73
 69259,99556.47,102741.41
 69268,99556.84,102741.45
 69276,99556.20,102741.41
 69285,99556.11,102741.28
 69293,99556.45,102741.73
 69302,99556.34,102741.81
 69309,99556.11,102741.05
 69318,99556.11,102741.30
 69326,99555.83,102741.33
 69335,99555.84,102741.28
 69343,99556.23,102741.44
 69352,99555.92,102741.48
 69360,99556.05,102741.39
 69369,99555.98,102741.12
 69377,99556.36,102741.28
 69386,99556.55,102741.45
 69394,99555.81,102741.45
 69403,99555.91,102741.41
 69411,99556.53,102741.06
 69420,99556.38,102741.03
 69427,99556.27,102740.62
 69436,99555.61,102740.52
 69444,99555.89,102740.45
 69454,99555.97,102740.53
 69462,99555.78,102740.66
 69470,99556.34,102740.28
 69479,99555.97,102739.75
 69487,99555.69,102739.56
 69495,99555.47,102739.84
 69504,99555.28,102739.25
 69512,99556.06,102739.47
 69521,99555.45,102739.48
 69529,99555.77,102739.55
 69538,99555.50,102739.39
 69546,99556.06,102739.62
 69555,99555.47,102739.22
 69563,99555.61,102739.39
 69571,99555.33,102738.47
 69580,99555.56,102739.47
 69588,99556.08,102739.23
 69596,99555.42,102739.17
 69605,99555.19,102738.52
 69614,99555.66,102738.92
 69622,99555.50,102738.44
 69630,99555.97,102738.67
 69639,99555.73,102738.89
 69647,99555.89,102738.89
 69656,99555.38,102738.31
 69664,99555.45,102738.12
 69673,99555.55,102738.62
 69682,99555.41,102738.81
 69691,99555.27,102738.39
 69698,99555.59,102738.66
 69707,99555.47,102737.61
 69715,99555.58,102738.59
 69723,99554.89,102738.55
 69732,99555.56,102737.94
 69741,99555.36,102738.19
 69749,99555.16,102737.83
 69757,99554.98,102738.00
 69766,99555.42,102738.39
 69774,99555.47,102738.00
 69783,99555.56,102738.22
 69791,99555.45,102737.91
 69800,99555.20,102738.39
 69808,99555.67,102738.11
 69816,99555.44,102738.05
 69825,99555.06,102738.11
 69832,99555.55,102738.20
 69842,99555.66,102738.17
 69850,99555.50,102738.66
 69858,99555.23,102738.48
 69867,99556.17,102737.97
 69874,99555.39,102737.75
 69883,99555.27,102738.08
 69892,99556.11,102738.47
 69900,99556.08,102738.03
 69909,99555.81,102738.50
 69917,99555.97,102738.41
 69926,99555.92,102738.89
 69933,99556.02,102739.09
 69942,99556.25,102739.36
 69950,99556.77,102739.55
 69960,99556.92,102739.78
 69968,99556.41,102739.94
 69976,99556.97,102740.28
 69984,99556.41,102741.02
 69992,99556.81,102740.95
 70001,99556.70,102741.09
 70010,99556.73,102741.42
 70019,99556.86,102741.72
 70026,99556.88,102741.58
 70036,99556.75,102741.81
 70043,99557.06,102742.16
 70051,99556.98,102741.89
 70061,99557.41,102741.91
 70068,99557.42,102741.62
 70077,99557.39,102742.86
 70085,99557.91,102742.94
 70094,99558.19,102742.97
 70103,99557.84,102742.95
 70110,99557.95,102742.81
 70119,99558.03,102743.77
 70127,99558.56,102743.03
 70136,99558.12,102743.28
 70145,99558.39,102743.14
 70153,99558.88,102743.64
 70162,99559.36,102743.20
 70170,99558.62,102743.88
 70179,99558.70,102744.06
 70187,99558.69,102743.72
 70195,99558.77,102743.98
 70204,99559.16,102743.94
 70212,99558.62,102743.80
 70220,99558.91,102744.06
 70229,99558.78,102744.17
 70238,99558.92,102744.80
 70246,99559.02,102744.19
 70254,99559.22,102744.39
 70263,99559.02,102744.03
 70272,99559.08,102744.36
 70280,99559.23,102744.33
 70288,99559.14,102744.73
 70296,99558.94,102744.48
 70305,99559.53,102744.45
 70313,99559.17,102744.64
 70322,99559.81,102744.94
 70330,99559.81,102744.84
 70339,99559.19,102744.98
 70347,99559.38,102745.22
 70356,99559.52,102744.94
 70364,99559.36,102745.25
 70373,99559.47,102745.19
 70380,99559.44,102745.11
 70389,99559.55,102745.25
 70397,99559.72,102745.38
 70406,99559.89,102745.41
 70414,99560.16,102745.28
 70423,99559.89,102745.00
 70431,99560.23,102745.62
 70440,99560.20,102745.30
 70448,99560.06,102745.30
 70457,99560.19,102746.12
 70465,99560.44,102746.05
 70473,99560.39,102745.97
 70482,99560.03,102745.61
 70491,99560.48,102745.98
 70499,99559.78,102746.44
 70507,99560.19,102745.88
 70516,99560.27,102745.58
 70524,99561.03,102745.78
 70533,99560.17,102746.80
 70541,99560.55,102746.16
 70550,99560.89,102746.59
 70557,99560.48,102746.03
 70566,99560.28,102746.33
 70574,99560.34,102746.83
 70583,99560.19,102746.22
 70591,99560.41,102746.48
 70600,99560.58,102746.72
 70608,99560.17,102746.53
 70616,99560.61,102746.89
 70625,99560.22,102746.83
 70633,99560.23,102746.94
 70642,99560.83,102747.09
 70650,99560.80,102747.02
 70659,99560.86,102746.95
 70667,99560.73,102747.03
 70676,99560.89,102746.92
 70684,99560.98,102747.17
 70693,99560.42,102746.83
 70701,99561.11,102747.22
 70709,99560.91,102747.34
 70718,99560.98,102747.55
 70726,99561.66,102747.41
 70735,99561.06,102747.14
 70743,99560.94,102747.59
 70752,99561.19,102747.44
 70760,99561.23,102746.88
 70769,99561.50,102747.08
 70777,99561.27,102747.70
 70785,99561.17,102747.47
 70794,99561.11,102747.25
 70802,99561.31,102747.52
 70811,99561.50,102747.34
 70819,99561.03,102747.45
 70828,99561.75,102746.88
 70836,99561.41,102747.86
 70844,99561.80,102747.91
 70853,99561.67,102747.38
 70861,99561.89,102747.66
 70869,99561.70,102747.64
 70878,99561.62,102747.66
 70887,99561.66,102748.03
 70895,99562.09,102748.33
 70904,99561.97,102747.48
 70912,99562.22,102747.62
 70921,99562.06,102748.23
 70929,99562.25,102748.41
 70937,99561.80,102747.97
 70945,99562.75,102748.03
 70954,99562.44,102748.39
 70962,99562.58,102747.70
 70971,99562.30,102748.14
 70980,99562.25,102748.41
 70987,99562.34,102748.41
 70996,99562.36,102748.27
 71005,99562.12,102748.52
 71013,99562.41,102748.16
 71022,99562.86,102747.92
 71029,99562.39,102748.56
 71038,99562.52,102748.48
 71046,99562.77,102748.41
 71056,99562.44,102748.62
 71064,99562.91,102748.33
 71072,99562.66,102748.19
 71081,99562.42,102748.56
 71089,99562.44,102748.30
 71098,99562.94,102748.61
 71106,99562.62,102748.50
 71115,99562.92,102748.19
 71123,99562.11,102748.47
 71132,99562.45,102747.91
 71139,99562.61,102748.34
 71147,99562.70,102747.78
 71157,99562.45,102747.72
 71165,99562.75,102748.00
 71173,99562.64,102747.66
 71182,99562.16,102747.41
 71191,99562.19,102747.03
 71199,99562.02,102746.81
 71207,99562.12,102747.12
 71215,99562.16,102746.33
 71225,99561.95,102746.19
 71232,99561.50,102745.45
 71241,99561.00,102745.53
 71249,99561.11,102744.89
 71257,99560.59,102744.20
 71266,99560.67,102744.38
 71274,99560.59,102743.61
 71283,99559.84,102743.23
 71291,99559.81,102743.23
 71300,99559.91,102742.97
 71309,99559.61,102743.30
 71316,99558.98,102742.58
 71325,99558.86,102742.45
 71333,99558.92,102742.33
 71342,99558.91,102742.11
 71350,99558.52,102741.88
 71359,99559.06,102742.05
 71367,99558.70,102741.97
 71376,99558.92,102741.66
 71384,99558.20,102741.11
 71392,99558.14,102741.33
 71400,99558.44,102741.38
 71409,99558.50,102741.11
 71417,99558.44,102741.08
 71426,99557.58,102741.00
 71434,99558.12,102741.00
 71443,99558.08,102741.19
 71451,99558.27,102741.58
 71460,99558.22,102740.92
 71468,99558.02,102740.88
 71477,99558.03,102740.67
 71485,99558.58,102740.53
 71493,99557.92,102740.59
 71503,99557.88,102741.05
 71510,99558.05,102740.27
 71519,99558.27,102740.92
 71528,99557.86,102741.12
 71536,99558.44,102740.70
 71544,99558.11,102741.27
 71552,99558.33,102740.55
 71561,99557.80,102740.84
 71569,99558.31,102740.33
 71578,99557.69,102741.05
 71586,99557.55,102740.34
 71595,99557.95,102740.97
 71603,99557.80,102740.36
 71612,99557.84,102740.59
 71620,99557.78,102740.44
 71629,99557.58,102740.30
 71637,99557.86,102740.64
 71645,99557.61,102740.06
 71654,99557.33,102740.22
 71663,99557.53,102740.55
 71670,99557.69,102740.55
 71679,99557.59,102740.34
 71687,99557.72,102740.23
 71695,99557.86,102740.23
 71704,99557.70,102740.48
 71713,99557.64,102740.23
 71721,99557.47,102740.23
 71730,99557.52,102739.97
 71739,99557.44,102740.14
 71748,99557.34,102740.22
 71756,99557.33,102739.83
 71764,99557.36,102739.88
 71773,99557.19,102739.80
 71781,99557.05,102740.16
 71790,99557.41,102739.69
 71798,99557.00,102739.95
 71806,99557.28,102739.59
 71815,99557.44,102739.50
 71822,99557.34,102739.50
 71831,99557.41,102739.39
 71839,99557.42,102740.08
 71849,99557.69,102739.78
 71856,99557.70,102739.28
 71865,99557.80,102739.77
 71874,99557.83,102739.75
 71882,99557.42,102738.97
 71891,99557.86,102739.42
 71899,99557.81,102739.88
 71907,99558.14,102739.64
 71916,99558.27,102739.86
 71923,99557.20,102739.83
 71932,99557.34,102740.23
 71940,99557.39,102739.61
 71949,99557.77,102739.28
 71957,99557.14,102739.02
 71965,99557.02,102739.20
 71974,99557.91,102739.77
 71982,99557.95,102738.91
 71991,99557.78,102738.73
 71999,99558.14,102739.36
 72008,99558.00,102738.94
 72016,99558.03,102739.30
 72024,99558.11,102739.11
 72033,99558.36,102739.08
 72042,99558.36,102738.80
 72050,99558.36,102739.41
 72059,99558.23,102738.52
 72067,99558.48,102739.45
 72075,99558.77,102739.06
 72084,99558.86,102739.14
 72093,99558.89,102738.95
 72100,99559.09,102739.23
 72109,99559.55,102739.06
 72117,99559.45,102739.86
 72126,99559.95,102739.17
 72134,99559.41,102739.45
 72143,99560.36,102739.66
 72152,99559.94,102739.52
 72159,99560.30,102739.78
 72168,99560.20,102739.83
 72176,99560.50,102739.98
 72185,99560.16,102739.83
 72194,99560.69,102739.89
 72202,99560.75,102739.91
 72210,99561.50,102740.78
 72219,99561.69,102740.58
 72228,99561.78,102740.72
 72236,99562.00,102740.72
 72243,99562.02,102740.36
 72252,99562.59,102740.81
 72260,99563.36,102740.70
 72269,99563.81,102741.16
 72277,99563.61,102741.31
 72286,99564.22,102741.67
 72295,99564.19,102741.34
 72303,99564.30,102741.52
 72311,99564.78,102741.41
 72320,99564.94,102741.66
 72329,99565.84,102742.14
 72336,99566.17,102741.78
 72346,99565.95,102741.94
 72353,99566.47,102742.02
 72361,99566.95,102742.25
 72371,99567.09,102743.00
 72379,99567.33,102742.31
 72387,99568.08,102742.08
 72396,99567.86,102742.59
 72404,99568.25,102742.73
 72413,99568.92,102742.67
 72421,99568.94,102742.38
 72430,99569.02,102742.48
 72438,99569.14,102742.66
 72446,99569.61,102742.25
 72455,99569.94,102742.41
 72464,99570.16,102742.66
 72472,99570.00,102742.94
 72479,99570.23,102743.38
 72489,99570.69,102743.22
 72496,99570.61,102743.23
 72506,99570.33,102743.23
 72514,99570.69,102742.78
 72522,99571.41,102742.62
 72531,99571.45,102743.52
 72539,99571.03,102743.30
 72548,99571.47,102742.53
 72555,99571.88,102743.48
 72564,99571.84,102742.91
 72572,99572.36,102743.47
 72581,99572.52,102743.11
 72590,99573.02,102743.00
 72598,99572.83,102743.67
 72606,99572.83,102743.88
 72616,99572.86,102742.95
 72623,99573.08,102743.58
 72632,99573.28,102742.92
 72640,99573.36,102743.12
 72648,99573.03,102743.12
 72657,99573.06,102743.45
 72665,99573.27,102743.95
 72674,99573.67,102743.56
 72682,99573.52,102743.61
 72691,99573.59,102743.80
 72700,99574.02,102743.16
 72708,99574.06,102743.69
 72716,99574.28,102743.56
 72725,99574.55,102743.59
 72733,99574.47,102743.48
 72742,99574.89,102743.89
 72750,99574.50,102743.69
 72759,99574.77,102743.50
 72767,99574.84,102743.47
 72775,99574.83,102743.73
 72784,99575.19,102744.02
 72792,99574.47,102743.47
 72801,99574.27,102743.64
 72808,99574.81,102743.81
 72817,99575.06,102743.48
 72825,99575.12,102743.25
 72834,99575.38,102743.53
 72842,99575.02,102743.06
 72851,99575.12,102743.11
 72860,99575.23,102743.30
 72868,99575.16,102743.20
 72876,99575.84,102743.36
 72885,99575.64,102743.33
 72893,99575.38,102743.52
 72901,99575.59,102743.45
 72909,99575.56,102743.95
 72919,99575.44,102743.56
 72927,99575.36,102743.14
 72936,99575.61,102743.12
 72944,99575.39,102743.22
 72952,99575.69,102743.39
 72961,99575.08,102743.09
 72969,99574.89,102743.08
 72978,99575.25,102742.84
 72986,99574.67,102742.98
 72994,99575.52,102743.20
 73003,99574.47,102742.84
 73011,99574.86,102742.59
 73019,99574.66,102742.81
 73028,99573.86,102742.58
 73037,99573.66,102742.09
 73045,99573.36,102742.38
 73053,99572.98,102741.84
 73061,99572.22,102741.92
 73070,99571.83,102741.03
 73079,99571.70,102741.47
 73087,99571.17,102740.94
 73095,99570.66,102740.88
 73104,99569.92,102740.34
 73112,99569.53,102740.14
 73121,99569.66,102740.44
 73130,99568.56,102739.91
 73138,99569.00,102739.77
 73146,99568.56,102739.75
 73154,99568.31,102739.59
 73163,99567.80,102738.78
 73171,99566.83,102738.95
 73179,99567.27,102738.80
 73189,99566.95,102738.83
 73196,99566.62,102738.81
 73205,99566.61,102738.72
 73213,99566.50,102739.08
 73222,99566.11,102738.41
 73230,99565.70,102738.16
 73239,99565.95,102737.95
 73247,99565.89,102738.19
 73256,99565.39,102738.16
 73264,99565.41,102738.08
 73273,99565.16,102737.98
 73281,99565.33,102737.94
 73289,99564.17,102737.83
 73298,99564.31,102737.53
 73307,99564.27,102737.77
 73315,99564.19,102737.69
 73324,99563.72,102737.70
 73331,99564.00,102737.80
 73339,99563.88,102737.77
 73349,99563.56,102736.98
 73356,99564.03,102737.53
 73365,99563.38,102737.34
 73373,99563.14,102737.70
 73382,99562.84,102737.36
 73391,99562.67,102737.77
 73399,99563.09,102736.91
 73408,99563.12,102737.81
 73415,99563.14,102737.31
 73425,99563.08,102737.38
 73433,99563.17,102737.31
 73441,99562.77,102737.27
 73450,99563.17,102737.27
 73458,99562.39,102736.97
 73466,99562.73,102736.70
 73475,99562.33,102736.92
 73484,99562.41,102737.02
 73492,99562.36,102737.38
 73500,99562.89,102737.36
 73509,99562.62,102736.95
 73517,99562.39,102737.50
 73525,99562.23,102736.98
 73534,99562.91,102737.00
 73542,99562.16,102736.89
 73551,99561.77,102737.39
 73559,99562.00,102736.88
 73568,99561.45,102737.16
 73576,99561.91,102737.14
 73585,99561.92,102737.44
 73593,99561.73,102737.19
 73601,99561.77,102737.41
 73610,99562.33,102737.19
 73618,99561.81,102737.33
 73627,99561.73,102737.03
 73635,99561.58,102737.12
 73644,99561.80,102737.38
 73651,99561.31,102736.95
 73661,99561.59,102737.16
 73668,99561.59,102737.12
 73677,99561.61,102737.19
 73685,99561.56,102737.56
 73694,99561.20,102737.06
 73703,99561.52,102737.23
 73711,99560.97,102737.16
 73719,99561.30,102737.70
 73728,99561.17,102736.95
 73737,99561.06,102737.30
 73745,99561.22,102737.91
 73754,99561.47,102737.39
 73762,99560.84,102737.56
 73770,99561.00,102737.33
 73779,99561.16,102737.59
 73788,99561.64,102737.70
 73797,99561.34,102737.95
 73805,99561.70,102737.98
 73812,99561.56,102737.83
 73821,99562.09,102738.05
 73830,99562.31,102737.64
 73838,99561.66,102738.11
 73846,99562.22,102738.30
 73856,99561.84,102738.45
 73863,99562.66,102738.38
 73872,99562.53,102738.80
 73881,99562.84,102738.73
 73889,99562.94,102739.11
 73896,99563.27,102738.72
 73905,99563.72,102738.84
 73914,99563.59,102739.27
 73922,99563.38,102739.12
 73930,99563.80,102739.11
 73939,99563.72,102739.20
 73948,99564.05,102739.42
 73955,99565.17,102739.09
 73964,99564.73,102739.39
 73972,99564.95,102739.08
 73981,99565.20,102739.44
 73989,99565.39,102739.77
 73998,99565.97,102740.02
 74006,99566.33,102739.80
 74015,99566.94,102739.98
 74023,99567.20,102740.75
 74031,99567.22,102740.62
 74039,99567.28,102740.80
 74048,99567.77,102740.80
 74056,99568.19,102741.25
 74066,99568.17,102740.48
 74073,99568.20,102741.11
 74082,99568.88,102741.72
 74090,99569.12,102741.62
 74099,99569.56,102741.98
 74108,99569.45,102741.53
 74116,99569.75,102742.09
 74124,99570.27,102742.06
 74132,99570.08,102741.73
 74141,99570.41,102741.70
 74150,99570.55,102741.66
 74157,99570.92,102742.34
 74167,99570.78,102742.36
 74175,99571.44,102742.64
 74184,99571.47,102742.62
 74192,99571.39,102742.38
 74200,99571.55,102742.56
 74209,99571.52,102742.80
 74217,99571.75,102742.72
 74226,99571.94,102742.50
 74234,99572.50,102743.03
 74243,99572.59,102742.94
 74251,99572.45,102743.36
 74260,99573.03,102743.09
 74267,99572.52,102743.00
 74277,99572.72,102742.81
 74284,99573.09,102743.53
 74293,99573.23,102742.97
 74301,99573.03,102743.02
 74310,99573.91,102743.50
 74318,99573.67,102743.59
 74326,99573.86,102743.42
 74335,99573.48,102743.69
 74343,99573.98,102743.23
 74352,99574.31,102743.52
 74360,99574.14,102743.42
 74369,99574.06,102743.69
 74377,99574.08,102743.56
 74386,99574.17,102743.52
 74394,99574.53,102743.16
 74402,99574.28,102744.00
 74411,99574.33,102743.45
 74419,99574.25,102743.50
 74428,99574.41,102744.06
 74436,99575.16,102743.58
 74445,99574.16,102743.47
 74453,99574.45,102743.55
 74461,99575.05,102743.27
 74470,99574.72,102743.50
 74478,99574.61,102743.75
 74486,99574.73,102743.50
 74495,99574.52,102743.98
 74504,99574.84,102744.06
 74512,99574.38,102743.41
 74521,99574.78,102744.09
 74529,99574.78,102744.23
 74538,99575.36,102743.67
 74546,99574.78,102743.94
 74555,99574.44,102743.80
 74562,99574.66,102743.33
 74571,99574.20,102744.05
 74579,99574.91,102743.52
 74588,99574.69,102743.81
 74596,99574.17,102743.89
 74605,99574.16,102743.52
 74613,99574.33,102742.95
 74622,99573.45,102743.08
 74630,99573.67,102742.73
 74638,99573.16,102742.77
 74646,99572.83,102742.97
 74656,99572.14,102742.94
 74663,99572.19,102742.81
 74672,99571.89,102742.38
 74681,99571.73,102742.34
 74690,99571.42,102742.17
 74697,99570.53,102742.02
 74705,99570.97,102741.94
 74715,99570.53,102742.12
 74722,99569.83,102741.53
 74731,99570.09,102741.44
 74740,99569.83,102741.44
 74748,99569.78,102740.56
 74756,99569.17,102741.12
 74765,99569.03,102740.95
 74773,99569.12,102740.92
 74781,99568.92,102740.61
 74790,99568.39,102740.44
 74799,99567.88,102740.52
 74807,99567.89,102739.94
 74816,99567.98,102739.97
 74824,99567.30,102739.64
 74833,99567.20,102739.67
 74840,99566.42,102739.23
 74850,99566.28,102739.66
 74857,99565.98,102739.44
 74866,99566.73,102739.22
 74875,99566.16,102739.56
 74883,99565.52,102739.58
 74891,99566.08,102739.33
 74899,99565.97,102739.19
 74908,99565.48,102739.11
 74917,99565.52,102739.03
 74926,99565.47,102739.48
 74934,99564.94,102738.55
 74942,99564.59,102739.16
 74951,99564.55,102738.83
 74958,99564.59,102739.17
 74967,99564.89,102739.19
 74975,99564.55,102738.84
 74984,99564.08,102738.23
 74992,99564.14,102738.64
 75002,99564.20,102738.48
 75009,99564.39,102738.19
 75018,99563.89,102738.33
 75026,99563.62,102738.44
 75035,99563.66,102738.16
 75043,99563.52,102738.00
 75052,99563.28,102737.97
 75060,99563.41,102738.19
 75068,99563.45,102738.31
 75077,99563.45,102738.05
 75085,99563.00,102738.06
 75094,99563.05,102737.83
 75102,99563.06,102737.66
 75111,99562.97,102737.73
 75120,99562.53,102737.42
 75128,99562.48,102737.72
 75136,99562.27,102737.73
 75145,99561.47,102737.69
 75153,99562.09,102737.77
 75162,99562.28,102737.23
 75169,99562.42,102737.83
 75178,99561.91,102737.55
 75186,99562.16,102737.80
 75195,99562.02,102738.03
 75203,99561.92,102737.64
 75212,99562.08,102737.53
 75220,99562.23,102736.89
 75229,99561.89,102737.31
 75238,99561.78,102737.06
 75246,99561.77,102737.41
 75253,99562.06,102737.05
 75262,99561.47,102737.44
 75271,99561.55,102737.41
 75279,99561.72,102737.58
 75288,99561.17,102737.14
 75296,99561.38,102737.14
 75305,99561.58,102737.17
 75312,99561.89,102737.25
 75322,99561.00,102736.81
 75330,99561.39,102737.42
 75339,99561.30,102736.98
 75346,99560.83,102737.06
 75355,99561.03,102737.28
 75364,99561.36,102737.52
 75372,99561.67,102737.83
 75380,99561.22,102737.34
 75389,99561.44,102737.61
 75398,99561.17,102737.73
 75405,99561.44,102737.53
 75414,99561.78,102737.78
 75423,99562.16,102737.94
 75431,99562.25,102737.77
 75440,99562.28,102738.34
 75447,99562.64,102738.67
 75456,99562.48,102738.34
 75465,99562.78,102738.36
 75474,99563.19,102738.66
 75481,99563.42,102738.73
 75490,99563.83,102738.47
 75498,99563.78,102738.41
 75507,99563.75,102738.58
 75516,99563.81,102739.23
 75524,99564.44,102739.47
 75533,99564.69,102739.30
 75540,99564.39,102739.78
 75549,99564.67,102739.47
 75558,99564.73,102739.67
 75566,99564.95,102739.50
 75574,99564.89,102739.23
 75583,99565.58,102739.94
 75591,99564.89,102739.98
 75600,99565.53,102739.70
 75609,99565.59,102740.03
 75616,99566.28,102740.64
 75625,99566.38,102740.19
 75633,99566.33,102740.50
 75642,99566.42,102740.42
 75650,99567.03,102740.70
 75659,99567.28,102740.55
 75667,99567.12,102740.86
 75676,99567.75,102740.95
 75685,99568.20,102741.27
 75694,99567.45,102740.91
 75702,99567.39,102741.19
 75710,99568.05,102741.25
 75719,99568.05,102741.23
 75727,99568.39,102741.28
 75736,99568.67,102741.23
 75743,99568.86,102741.38
 75753,99568.61,102741.42
 75760,99568.50,102741.22
 75769,99568.39,102741.94
 75777,99569.03,102741.98
 75786,99569.48,102741.66
 75794,99569.30,102741.73
 75803,99569.38,102742.59
 75811,99569.44,102742.55
 75820,99569.28,102742.66
 75828,99569.42,102741.94
 75836,99569.39,102742.78
 75845,99569.72,102742.19
 75853,99569.58,102742.09
 75862,99569.66,102742.36
 75870,99569.91,102742.61
 75879,99570.02,102742.72
 75887,99570.44,102742.52
 75896,99570.52,102742.55
 75903,99570.58,102742.92
 75912,99570.30,102742.47
 75920,99570.42,102743.17
 75928,99570.81,102742.98
 75938,99570.88,102742.91
 75946,99570.84,102743.30
 75953,99570.86,102743.39
 75962,99570.92,102742.92
 75970,99571.30,102743.03
 75979,99570.78,102743.41
 75987,99571.64,102743.06
 75996,99571.84,102743.33
 76004,99571.44,102743.55
 76013,99572.22,102743.30
 76021,99571.55,102743.58
 76030,99571.77,102743.27
 76038,99571.92,102743.69
 76046,99572.20,102743.64
 76055,99572.14,102743.42
 76064,99571.70,102743.20
 76071,99572.17,102743.02
 76080,99571.80,102743.36
 76088,99571.98,102743.67
 76097,99572.34,102743.48
 76106,99573.00,102743.67
 76113,99572.42,102743.61
 76123,99572.98,102743.69
 76130,99572.88,102743.72
 76140,99572.67,102744.16
 76148,99572.59,102743.86
 76156,99572.92,102743.69
 76165,99572.89,102743.73
 76173,99572.92,102743.36
 76182,99572.70,102744.08
 76190,99573.27,102743.48
 76198,99573.31,102743.62
 76207,99573.67,102744.02
 76215,99574.00,102744.16
 76223,99573.84,102743.33
 76232,99573.53,102743.83
 76240,99572.98,102743.03
 76249,99573.34,102743.45
 76257,99573.31,102743.59
 76266,99573.20,102743.41
 76274,99573.27,102743.36
 76283,99573.28,102743.31
 76292,99573.19,102743.14
 76300,99573.25,102743.05
 76307,99572.97,102743.55
 76316,99572.75,102743.17
 76324,99572.58,102743.39
 76334,99572.58,102743.16
 76341,99572.45,102743.09
 76350,99572.11,102743.00
 76359,99571.91,102742.72
 76366,99571.88,102742.97
 76375,99571.92,102742.80
 76384,99572.16,102742.39
 76392,99571.77,102742.86
 76400,99571.62,102742.45
 76409,99571.34,102742.23
 76417,99571.72,102742.44
 76425,99571.58,102742.34
 76434,99571.22,102742.36
 76442,99571.03,102742.03
 76451,99570.83,102742.23
 76459,99570.48,102742.17
 76468,99570.78,102741.83
 76476,99570.19,102741.69
 76484,99570.52,102742.17
 76493,99569.88,102741.38
 76502,99569.94,102741.67
 76510,99570.20,102741.33
 76519,99569.86,102740.98
 76527,99569.08,102740.78
 76536,99569.23,102740.88
 76544,99568.44,102740.80
 76552,99568.66,102740.78
 76562,99568.33,102740.91
 76569,99567.72,102739.98
 76578,99568.00,102740.39
 76586,99567.83,102740.38
 76594,99567.59,102739.48
 76603,99567.39,102739.61
 76611,99567.62,102739.81
 76620,99566.59,102739.59
 76628,99566.86,102739.39
 76637,99566.12,102739.67
 76645,99566.48,102739.48
 76654,99566.09,102738.95
 76662,99565.66,102738.92
 76671,99565.53,102739.20
 76678,99565.77,102739.19
 76687,99565.38,102738.89
 76696,99564.98,102738.86
 76704,99565.27,102738.41
 76713,99565.09,102738.59
 76721,99564.55,102738.62
 76730,99564.61,102738.27
 76738,99564.59,102738.20
 76746,99564.95,102738.45
 76755,99564.52,102738.58
 76763,99564.30,102737.78
 76772,99563.89,102738.02
 76781,99563.47,102738.11
 76788,99563.53,102737.41
 76797,99564.09,102737.58
 76805,99563.72,102737.20
 76813,99563.20,102737.31
 76823,99563.41,102737.39
 76831,99562.31,102737.56
 76839,99562.95,102737.30
 76848,99562.73,102737.20
 76855,99562.67,102737.03
 76864,99562.47,102737.19
 76872,99562.33,102736.64
 76881,99562.55,102736.77
 76890,99562.83,102736.91
 76898,99562.09,102736.61
 76906,99563.03,102736.89
 76915,99562.25,102736.20
 76923,99562.28,102736.48
 76932,99562.41,102737.05
 76940,99561.94,102736.56
 76948,99561.98,102736.50
 76957,99561.84,102736.17
 76965,99561.64,102736.20
 76974,99561.75,102735.77
 76983,99561.39,102735.88
 76990,99561.72,102736.16
 76999,99561.20,102735.48
 77007,99561.11,102736.11
 77017,99561.38,102736.17
 77024,99561.66,102736.16
 77033,99560.78,102736.14
 77042,99561.27,102735.77
 77049,99560.72,102735.70
 77058,99560.91,102735.89
 77067,99561.28,102735.73
 77076,99561.33,102735.91
 77083,99561.03,102735.50
 77092,99560.88,102735.25
 77100,99561.06,102735.73
 77109,99561.09,102735.84
 77117,99561.64,102735.84
 77126,99561.52,102735.67
 77134,99561.39,102735.62
 77142,99561.23,102735.50
 77151,99562.34,102735.83
 77159,99562.05,102735.53
 77168,99562.52,102735.83
 77176,99562.55,102735.95
 77184,99562.58,102736.05
 77193,99562.72,102735.58
 77202,99563.08,102736.08
 77210,99562.89,102735.66
 77219,99562.86,102735.91
 77227,99563.61,102735.95
 77236,99563.58,102736.53
 77244,99563.91,102736.62
 77252,99563.83,102735.89
 77261,99564.27,102735.98
 77269,99564.56,102736.50
 77278,99564.94,102736.66
 77286,99564.89,102736.28
 77294,99565.62,102736.81
 77303,99565.48,102736.39
 77311,99565.98,102736.78
 77319,99565.67,102736.69
 77328,99565.86,102736.80
 77337,99566.61,102736.86
 77344,99566.88,102736.27
 77353,99567.05,102737.22
 77362,99567.83,102737.48
 77370,99567.38,102737.53
 77379,99568.02,102737.14
 77388,99567.97,102736.94
 77396,99568.39,102737.47
 77404,99567.72,102737.50
 77413,99568.48,102738.14
 77421,99568.83,102738.30
 77430,99568.27,102737.62
 77438,99568.48,102738.28
 77446,99569.09,102737.69
 77454,99569.55,102738.27
 77464,99569.73,102738.08
 77471,99569.91,102738.66
 77479,99570.39,102738.34
 77488,99570.08,102738.19
 77496,99570.70,102738.78
 77505,99570.28,102738.73
 77514,99570.47,102738.66
 77522,99571.06,102738.39
 77531,99571.17,102738.48
 77539,99570.86,102738.67
 77548,99571.06,102738.62
 77555,99570.64,102739.20
 77564,99571.45,102739.03
 77572,99572.17,102739.05
 77582,99571.59,102738.62
 77589,99571.95,102739.36
 77598,99571.64,102739.39
 77606,99571.95,102739.61
 77615,99572.03,102739.56
 77623,99572.75,102739.81
 77632,99572.33,102739.48
 77640,99572.59,102739.70
 77648,99571.69,102739.97
 77657,99572.14,102739.56
 77665,99572.55,102739.41
 77673,99573.12,102739.69
 77682,99573.02,102739.73
 77691,99572.98,102739.86
 77699,99573.31,102739.86
 77708,99573.33,102739.27
 77716,99572.97,102739.72
 77725,99572.94,102739.36
 77733,99573.25,102739.45
 77741,99573.30,102739.45
 77750,99573.55,102739.92
 77758,99573.52,102739.55
 77766,99573.66,102739.73
 77775,99573.44,102739.64
 77783,99573.14,102739.80
 77792,99573.88,102740.03
 77801,99573.81,102739.53
 77810,99574.19,102739.67
 77817,99573.66,102739.78
 77826,99574.42,102740.06
 77835,99573.94,102739.70
 77844,99574.12,102739.55
 77851,99574.05,102739.66
 77860,99573.92,102739.94
 77869,99574.31,102740.03
 77876,99574.02,102739.45
 77885,99574.44,102739.77
 77894,99574.73,102739.52
 77902,99574.42,102739.83
 77910,99574.58,102739.66
 77919,99574.31,102739.66
 77928,99574.42,102739.61
 77935,99574.78,102739.62
 77943,99574.81,102739.58
 77952,99574.42,102739.58
 77961,99574.67,102739.66
 77970,99574.36,102739.70
 77977,99574.67,102739.58
 77986,99574.67,102739.61
 77994,99574.52,102739.48
 78003,99574.67,102739.30
 78011,99574.30,102739.70
 78020,99574.47,102739.78
 78028,99573.86,102739.38
 78037,99573.64,102739.62
 78045,99574.06,102739.22
 78054,99574.30,102739.77
 78061,99574.00,102739.28
 78070,99573.58,102738.88
 78078,99573.91,102738.86
 78087,99573.17,102739.08
 78096,99573.50,102739.22
 78103,99573.27,102739.22
 78113,99573.28,102738.97
 78120,99573.73,102739.00
 78129,99572.58,102738.88
 78137,99571.92,102738.88
 78146,99573.05,102738.59
 78154,99572.52,102738.72
 78163,99572.33,102738.72
 78171,99572.02,102738.14
 78180,99571.62,102738.50
 78189,99571.64,102738.75
 78197,99571.11,102738.17
 78204,99571.50,102738.28
 78213,99571.09,102738.22
 78222,99571.52,102738.27
 78230,99570.97,102738.31
 78239,99571.08,102738.38
 78247,99571.41,102738.17
 78256,99571.45,102738.69
 78264,99571.66,102738.41
 78273,99571.59,102738.77
 78281,99571.88,102739.05
 78290,99571.47,102738.89
 78297,99571.67,102738.59
 78306,99571.86,102738.88
 78315,99571.84,102738.86
 78323,99571.80,102739.05
 78331,99571.58,102738.33
 78340,99572.02,102738.72
 78348,99571.98,102738.64
 78357,99571.34,102738.25
 78365,99571.48,102738.58
 78374,99571.61,102738.58
 78382,99570.98,102738.89
 78391,99571.03,102738.98
 78399,99571.22,102738.48
 78408,99570.78,102738.19
 78416,99570.67,102738.17
 78424,99570.47,102738.30
 78432,99570.53,102738.50
 78441,99570.14,102738.00
 78450,99569.59,102737.86
 78458,99569.59,102738.12
 78466,99568.80,102738.12
 78475,99569.08,102738.02
 78483,99568.25,102737.48
 78491,99568.28,102737.77
 78500,99567.67,102737.16
 78508,99567.42,102737.41
 78517,99566.58,102737.08
 78526,99566.75,102736.64
 78534,99566.05,102737.09
 78542,99565.95,102736.58
 78551,99565.62,102736.39
 78560,99565.58,102735.97
 78567,99565.11,102736.31
 78576,99564.64,102736.06
 78585,99564.38,102735.97
 78592,99564.50,102735.67
 78601,99564.11,102735.55
 78611,99563.83,102735.45
 78618,99563.70,102735.20
 78627,99563.95,102735.67
 78635,99563.70,102735.30
 78644,99563.06,102735.19
 78651,99563.47,102735.17
 78660,99563.52,102734.77
 78669,99563.52,102735.22
 78678,99562.86,102734.72
 78686,99562.64,102735.09
 78694,99562.36,102734.80
 78703,99562.73,102734.78
 78711,99562.80,102734.33
 78719,99562.67,102734.66
 78728,99562.02,102734.67
 78736,99562.11,102734.48
 78745,99562.14,102734.14
 78753,99561.75,102734.91
 78761,99562.11,102734.05
 78770,99561.39,102734.66
 78778,99561.70,102734.48
 78787,99561.80,102734.44
 78795,99561.61,102734.22
 78804,99561.36,102734.22
 78812,99561.39,102734.50
 78821,99561.23,102734.30
 78829,99560.66,102733.81
 78838,99560.56,102734.02
 78846,99560.66,102734.09
 78854,99560.66,102734.05
 78863,99560.94,102733.59
 78871,99560.22,102733.70
 78880,99560.45,102733.77
 78888,99560.23,102733.72
 78896,99559.98,102733.69
 78905,99560.42,102733.95
 78914,99559.81,102733.91
 78922,99559.86,102733.53
 78930,99560.14,102733.98
 78939,99559.66,102733.44
 78947,99560.06,102733.73
 78956,99559.16,102733.45
 78964,99559.78,102733.55
 78973,99559.20,102733.39
 78981,99559.36,102733.08
 78989,99558.95,102733.22
 78997,99558.70,102733.47
 79006,99558.83,102733.11
 79014,99559.11,102733.19
 79023,99558.47,102733.30
 79031,99558.50,102732.86
 79039,99558.69,102733.25
 79048,99558.83,102733.30
 79057,99558.98,102733.62
 79065,99558.47,102732.98
 79073,99558.53,102733.33
 79082,99558.55,102732.55
 79090,99557.72,102732.83
 79099,99558.30,102732.86
 79107,99558.20,102732.38
 79116,99558.03,102732.73
 79125,99557.92,102732.75
 79132,99558.14,102732.59
 79141,99558.34,102732.50
 79149,99558.30,102732.52
 79158,99558.30,102732.89
 79166,99558.08,102733.05
 79174,99558.62,102732.64
 79183,99557.94,102732.95
 79192,99558.19,102732.41
 79199,99558.11,102732.89
 79209,99558.83,102732.72
 79217,99558.62,102732.97
 79225,99558.83,102732.48
 79233,99558.92,102732.97
 79242,99559.00,102733.31
 79251,99559.61,102733.20
 79259,99559.19,102733.86
 79267,99560.16,102733.91
 79275,99560.00,102733.70
 79284,99560.97,102734.02
 79293,99560.83,102733.88
 79301,99561.34,102733.88
 79310,99561.77,102735.02
 79318,99561.23,102734.47
 79327,99561.55,102734.05
 79335,99562.16,102734.33
 79343,99561.84,102734.47
 79352,99562.95,102734.80
 79360,99562.64,102734.70
 79369,99563.22,102734.78
 79377,99563.31,102734.97
 79386,99564.16,102734.95
 79393,99564.34,102734.92
 79402,99564.62,102735.38
 79410,99565.02,102735.58
 79419,99565.20,102735.17
 79427,99565.12,102735.64
 79436,99565.67,102735.27
 79444,99566.14,102735.98
 79453,99566.11,102736.19
 79461,99565.88,102736.17
 79470,99566.33,102735.67
 79479,99566.25,102736.11
 79487,99566.12,102736.09
 79495,99566.77,102736.38
 79503,99566.70,102736.27
 79512,99566.70,102736.22
 79520,99567.28,102736.30
 79529,99567.88,102735.89
 79537,99567.12,102736.45
 79546,99567.78,102736.48
 79554,99567.78,102736.59
 79562,99568.36,102736.47
 79571,99568.31,102736.30
 79579,99567.83,102736.64
 79588,99568.06,102736.53
 79596,99568.02,102736.69
 79605,99568.44,102736.89
 79614,99568.25,102736.70
 79621,99568.72,102736.41
 79630,99568.72,102736.88
 79639,99568.77,102736.88
 79646,99569.11,102736.73
 79655,99569.08,102736.73
 79664,99568.84,102737.16
 79672,99568.98,102736.42
 79681,99569.11,102736.86
 79689,99569.22,102736.78
 79697,99569.19,102737.25
 79706,99569.61,102737.75
 79714,99569.66,102737.30
 79722,99569.78,102737.41
 79731,99569.62,102737.09
 79739,99569.61,102737.56
 79749,99570.14,102737.27
 79758,99569.94,102737.33
 79766,99570.12,102737.44
 79775,99570.30,102737.89
 79783,99570.11,102737.70
 79791,99570.12,102738.12
 79801,99570.56,102737.56
 79809,99570.33,102737.94
 79816,99570.02,102737.95
 79825,99570.41,102738.17
 79833,99570.44,102737.98
 79842,99570.33,102737.67
 79849,99570.45,102737.77
 79858,99570.28,102738.23
 79867,99570.39,102738.11
 79875,99570.97,102738.00
 79884,99570.56,102737.84
 79892,99570.19,102738.06
 79900,99570.55,102738.23
 79909,99570.98,102738.25
 79917,99570.50,102737.81
 79926,99570.41,102738.83
 79934,99570.52,102738.34
 79942,99570.58,102738.66
 79951,99570.58,102738.38
 79959,99570.84,102738.25
 79967,99570.53,102738.20
 79976,99570.66,102738.39
 79984,99570.56,102737.92
 79993,99570.47,102738.64
 80001,99570.58,102737.83
 80010,99570.20,102738.14
 80018,99570.36,102738.52
 80026,99569.97,102738.44
 80035,99570.02,102738.23
 80044,99569.84,102738.05
 80051,99569.52,102737.86
 80060,99569.39,102738.08
 80069,99569.27,102737.80
 80077,99569.05,102737.69
 80086,99568.56,102737.78
 80094,99568.38,102737.64
 80103,99568.45,102737.81
 80110,99568.33,102737.50
 80119,99567.97,102737.16
 80127,99567.94,102737.27
 80135,99567.88,102736.84
 80144,99567.27,102736.95
 80152,99567.12,102736.80
 80161,99567.39,102737.41
 80169,99566.80,102736.84
 80178,99566.81,102736.78
 80186,99566.69,102736.80
 80195,99566.52,102736.81
 80203,99566.45,102736.34
 80212,99566.05,102736.67
 80220,99566.34,102736.47
 80228,99565.67,102736.05
 80237,99565.62,102735.92
 80245,99564.88,102736.02
 80254,99565.09,102735.94
 80262,99564.89,102736.20
 80271,99564.02,102735.72
 80279,99563.75,102735.53
 80288,99563.50,102735.42
 80296,99563.58,102735.06
 80305,99563.08,102734.77
 80313,99562.55,102735.34
 80322,99562.58,102735.45
 80330,99562.19,102734.67
 80338,99562.27,102734.62
 80346,99561.77,102734.25
 80355,99561.94,102733.97
 80363,99561.36,102734.14
 80372,99561.11,102734.00
 80380,99561.36,102733.88
 80389,99560.55,102733.77
 80397,99560.59,102733.86
 80405,99560.81,102733.50
 80415,99560.12,102733.06
 80422,99560.17,102733.25
 80431,99560.38,102733.17
 80439,99560.08,102733.83
 80448,99559.91,102733.58
 80457,99559.70,102733.00
 80464,99559.36,102732.78
 80473,99559.03,102732.45
 80481,99559.20,102732.53
 80490,99559.14,102732.95
 80500,99558.75,102732.94
 80507,99558.64,102732.53
 80516,99558.80,102732.56
 80523,99558.97,102732.92
 80532,99558.33,102733.00
 80541,99558.52,102732.34
 80549,99558.69,102732.30
 80558,99558.78,102732.70
 80565,99558.56,102732.62
 80574,99557.97,102732.58
 80582,99558.05,102732.59
 80591,99558.03,102732.27
 80599,99558.27,102732.44
 80608,99557.75,102732.14
 80616,99557.92,102732.67
 80625,99557.92,102732.59
 80633,99558.25,102732.66
 80642,99558.14,102732.30
 80650,99557.28,102732.03
 80659,99557.64,102732.45
 80667,99557.72,102732.62
 80676,99557.64,102731.97
 80684,99557.34,102732.27
 80692,99557.06,102732.38
 80701,99557.52,102732.16
 80709,99557.53,102731.84
 80718,99556.84,102732.28
 80726,99557.44,102732.02
 80735,99556.31,102732.34
 80744,99556.89,102731.91
 80751,99556.97,102732.56
 80761,99556.67,102732.64
 80768,99556.41,102732.73
 80776,99556.92,102732.48
 80785,99556.23,102732.75
 80794,99556.08,102732.72
 80801,99556.27,102732.80
 80810,99555.84,102732.47
 80818,99555.95,102732.72
 80828,99556.02,102732.59
 80835,99555.88,102733.03
 80845,99555.70,102732.33
 80852,99556.06,102733.22
 80860,99555.42,102732.95
 80870,99555.69,102733.19
 80877,99556.12,102733.14
 80886,99555.58,102733.69
 80894,99555.62,102733.83
 80903,99555.73,102733.98
 80912,99555.52,102733.81
 80920,99555.50,102734.02
 80929,99555.42,102734.45
 80937,99555.75,102734.34
 80945,99555.39,102734.62
 80953,99555.30,102734.94
 80962,99555.34,102734.55
 80971,99555.38,102735.25
 80979,99555.47,102734.92
 80987,99555.19,102735.50
 80996,99555.17,102735.84
 81004,99555.00,102735.86
 81013,99555.17,102736.09
 81021,99555.44,102735.78
 81030,99555.77,102736.05
 81038,99555.12,102736.19
 81047,99555.78,102736.50
 81055,99555.22,102736.61
 81064,99555.19,102737.03
 81071,99555.86,102737.41
 81080,99555.72,102737.27
 81088,99555.47,102737.98
 81097,99556.05,102738.06
 81106,99555.83,102738.84
 81113,99556.47,102738.80
 81122,99556.11,102739.00
 81131,99556.16,102738.56
 81139,99556.16,102738.33
 81148,99556.27,102738.66
 81156,99556.11,102739.02
 81164,99556.70,102739.75
 81173,99556.31,102739.66
 81181,99556.75,102739.53
 81190,99556.34,102740.14
 81199,99556.97,102740.39
 81207,99557.08,102740.38
 81215,99556.70,102740.45
 81224,99557.33,102740.34
 81231,99556.80,102740.19
 81241,99557.28,102740.17
 81249,99558.08,102741.17
 81257,99557.66,102740.17
 81266,99557.59,102740.52
 81274,99557.47,102740.53
 81283,99557.44,102741.16
 81291,99557.44,102740.67
 81300,99558.14,102741.25
 81308,99557.67,102741.64
 81317,99557.66,102741.50
 81325,99557.56,102741.39
 81333,99558.09,102741.06
 81341,99558.02,102741.20
 81351,99557.72,102741.44
 81359,99557.78,102742.17
 81367,99558.00,102741.59
 81375,99558.08,102741.31
 81384,99557.81,102742.20
 81393,99557.98,102742.58
 81400,99558.17,102742.47
 81409,99557.59,102742.47
 81418,99557.42,102742.42
 81425,99557.78,102742.47
 81434,99557.70,102742.38
 81443,99557.33,102743.03
 81451,99557.59,102742.61
 81460,99557.58,102743.02
 81468,99557.84,102743.14
 81477,99558.02,102743.20
 81485,99558.36,102742.83
 81494,99557.77,102743.19
 81502,99558.27,102743.16
 81510,99558.30,102743.36
 81519,99557.67,102743.44
 81528,99557.81,102743.30
 81535,99558.55,102743.61
 81544,99558.39,102744.03
 81553,99558.42,102744.34
 81561,99558.19,102743.97
 81570,99558.36,102744.02
 81577,99558.58,102743.94
 81586,99558.75,102743.84
 81595,99558.86,102743.89
 81603,99558.61,102744.16
 81611,99558.20,102744.42
 81620,99558.72,102744.31
 81629,99559.00,102744.69
 81637,99558.53,102744.59
 81646,99558.00,102744.28
 81653,99558.22,102745.11
 81662,99558.52,102744.55
 81671,99558.95,102744.44
 81679,99558.33,102745.02
 81688,99558.59,102745.00
 81696,99558.41,102744.92
 81705,99558.66,102744.89
 81712,99558.19,102744.89
 81721,99558.23,102744.50
 81729,99558.61,102744.28
 81738,99558.59,102744.75
 81746,99557.92,102744.41
 81755,99558.34,102744.67
 81764,99558.12,102744.52
 81773,99558.09,102744.20
 81781,99558.12,102744.09
 81790,99557.83,102744.44
 81797,99558.08,102744.61
 81807,99558.05,102744.64
 81814,99558.39,102744.23
 81823,99558.16,102744.03
 81831,99557.80,102744.41
 81839,99557.95,102744.34
 81849,99557.61,102744.20
 81857,99557.61,102743.92
 81865,99557.58,102744.02
 81873,99557.83,102744.20
 81882,99557.47,102744.78
 81890,99557.58,102744.23
 81899,99557.70,102743.97
 81907,99557.58,102744.31
 81916,99557.39,102744.12
 81923,99557.48,102743.94
 81932,99557.62,102744.42
 81940,99557.58,102744.39
 81950,99557.59,102744.53
 81957,99557.95,102744.50
 81965,99557.44,102745.03
 81974,99557.77,102744.69
 81982,99557.36,102744.75
 81991,99557.59,102744.98
 81999,99557.86,102744.31
 82007,99557.86,102744.28
 82016,99557.19,102744.48
 82025,99557.17,102744.73
 82033,99557.39,102744.92
 82042,99557.64,102744.88
 82050,99557.66,102745.02
 82059,99557.47,102744.78
 82066,99557.80,102744.56
 82075,99557.83,102744.77
 82084,99557.81,102744.70
 82092,99557.59,102744.25
 82101,99557.97,102744.48
 82108,99557.09,102744.92
 82117,99557.55,102744.39
 82125,99557.03,102744.80
 82135,99556.88,102744.39
 82142,99557.12,102744.17
 82151,99557.19,102744.31
 82159,99556.89,102743.67
 82168,99556.36,102744.17
 82176,99556.91,102743.53
 82185,99556.47,102743.50
 82194,99556.52,102743.59
 82202,99556.17,102743.34
 82211,99556.28,102742.48
 82218,99556.58,102742.64
 82227,99556.09,102742.08
 82235,99556.38,102741.83
 82244,99555.83,102742.23
 82252,99555.86,102742.00
 82260,99556.12,102742.31
 82269,99555.05,102742.03
 82277,99555.77,102742.62
 82286,99555.34,102742.03
 82294,99555.81,102742.58
 82303,99555.19,102742.08
 82312,99555.48,102743.05
 82320,99555.38,102742.14
 82328,99555.86,102741.97
 82337,99555.38,102742.03
 82345,99555.47,102741.94
 82354,99554.98,102742.00
 82362,99554.64,102741.53
 82371,99555.25,102741.59
 82379,99554.53,102741.47
 82387,99554.84,102741.38
 82396,99554.95,102741.36
 82404,99555.00,102741.11
 82413,99555.23,102740.81
 82421,99554.94,102740.47
 82429,99554.84,102739.89
 82438,99554.38,102739.88
 82446,99554.89,102739.73
 82455,99554.53,102739.44
 82463,99554.39,102739.22
 82472,99554.31,102739.73
 82480,99554.31,102738.52
 82488,99554.03,102738.52
 82497,99553.86,102738.91
 82505,99554.38,102738.19
 82514,99554.17,102738.42
 82522,99554.41,102738.47
 82531,99553.64,102738.53
 82539,99553.91,102738.45
 82547,99553.98,102737.95
 82556,99554.00,102737.45
 82565,99553.66,102738.02
 82572,99553.59,102737.95
 82581,99553.66,102737.78
 82590,99553.50,102737.83
 82597,99553.30,102737.33
 82606,99553.58,102737.52
 82615,99553.58,102737.34
 82623,99553.48,102736.78
 82631,99552.86,102737.50
 82640,99553.33,102737.03
 82648,99552.55,102737.14
 82657,99552.41,102737.06
 82665,99552.94,102736.91
 82674,99552.64,102736.56
 82683,99552.53,102736.86
 82691,99552.53,102736.88
 82699,99552.27,102736.25
 82708,99552.66,102736.20
 82716,99551.94,102736.34
 82724,99552.73,102736.17
 82733,99552.28,102735.77
 82741,99552.31,102735.72
 82749,99551.58,102735.77
 82758,99551.78,102735.58
 82766,99551.83,102735.36
 82775,99551.64,102734.80
 82783,99552.14,102735.02
 82792,99551.33,102735.00
 82800,99551.34,102735.50
 82809,99551.17,102735.16
 82817,99551.66,102735.12
 82826,99550.75,102734.91
 82834,99551.05,102734.22
 82843,99551.45,102734.91
 82851,99551.02,102734.62
 82860,99551.58,102734.42
 82868,99551.11,102734.72
 82876,99551.36,102734.39
 82885,99551.53,102734.34
 82893,99551.25,102734.11
 82901,99550.70,102733.92
 82911,99551.03,102734.00
 82919,99551.19,102733.84
 82927,99551.23,102734.41
 82935,99551.16,102734.14
 82944,99550.77,102733.75
 82952,99550.77,102733.70
 82961,99550.91,102733.75
 82969,99550.88,102734.14
 82978,99551.00,102733.56
 82986,99551.31,102733.09
 82994,99550.86,102733.55
 83003,99551.05,102733.44
 83011,99551.11,102733.23
 83020,99550.70,102733.38
 83028,99550.88,102733.23
 83036,99551.06,102733.38
 83045,99551.08,102733.77
 83054,99550.70,102733.91
 83061,99551.23,102733.91
 83070,99551.20,102734.16
 83079,99551.45,102734.56
 83087,99551.22,102734.84
 83096,99551.41,102734.45
 83104,99551.20,102734.69
 83113,99551.47,102735.27
 83121,99551.89,102735.27
 83130,99552.16,102735.98
 83137,99551.75,102735.94
 83146,99552.12,102737.11
 83154,99552.55,102736.47
 83163,99552.69,102736.66
 83171,99552.06,102736.86
 83179,99552.97,102736.80
 83188,99553.27,102737.00
 83196,99553.05,102738.14
 83205,99553.48,102737.78
 83214,99553.25,102738.91
 83222,99553.75,102738.98
 83230,99554.28,102738.73
 83239,99554.08,102738.75
 83248,99553.67,102739.31
 83256,99554.25,102739.39
 83264,99553.95,102739.50
 83273,99554.50,102739.64
 83281,99554.14,102740.05
 83290,99554.64,102740.61
 83297,99554.84,102740.61
 83306,99555.38,102740.83
 83314,99554.62,102740.80
 83323,99554.98,102741.05
 83332,99555.02,102740.80
 83340,99555.17,102741.02
 83348,99555.44,102741.47
 83357,99555.11,102741.44
 83365,99556.03,102741.80
 83374,99555.62,102742.56
 83383,99555.27,102742.25
 83391,99555.56,102742.47
 83399,99555.80,102742.45
 83407,99555.28,102742.73
 83415,99556.14,102742.30
 83425,99555.73,102742.45
 83433,99555.53,102742.59
 83442,99555.95,102742.50
 83449,99556.00,102742.88
 83458,99556.25,102743.64
 83466,99555.19,102743.14
 83475,99554.92,102743.11
 83483,99555.38,102743.27
 83491,99555.73,102743.62
 83500,99555.66,102743.70
 83508,99555.75,102743.50
 83517,99556.08,102743.70
 83525,99555.66,102744.48
 83534,99555.55,102743.72
 83542,99555.80,102744.28
 83551,99555.92,102744.41
 83559,99555.64,102744.14
 83567,99555.81,102744.16
 83576,99555.75,102744.17
 83585,99555.67,102744.20
 83592,99556.16,102744.75
 83601,99556.12,102744.33
 83610,99556.05,102744.42
 83619,99556.20,102744.20
 83626,99556.16,102744.64
 83635,99556.45,102744.48
 83643,99556.20,102744.52
 83652,99556.14,102744.91
 83660,99556.09,102744.88
 83669,99556.36,102744.94
 83678,99556.39,102745.03
 83685,99556.53,102744.80
 83694,99556.39,102745.00
 83702,99556.78,102744.86
 83711,99556.58,102744.86
 83719,99556.83,102744.86
 83728,99556.64,102745.28
 83736,99556.70,102745.41
 83745,99556.62,102745.34
 83754,99557.19,102745.41
 83763,99556.23,102745.06
 83771,99557.36,102745.83
 83780,99557.22,102745.27
 83788,99556.78,102745.78
 83796,99557.08,102745.50
 83805,99557.09,102745.56
 83813,99556.64,102745.92
 83821,99556.89,102745.45
 83830,99557.59,102745.34
 83838,99557.19,102746.02
 83847,99557.39,102745.95
 83855,99557.81,102746.09
 83863,99557.73,102746.00
 83871,99557.48,102745.94
 83880,99557.52,102746.14
 83889,99557.06,102746.33
 83897,99557.55,102746.30
 83906,99557.58,102746.03
 83913,99557.28,102746.23
 83922,99557.44,102746.38
 83931,99557.97,102746.33
 83939,99557.28,102746.31
 83947,99557.75,102746.19
 83955,99557.33,102746.59
 83964,99557.81,102745.95
 83972,99557.73,102745.91
 83981,99557.95,102746.08
 83989,99557.66,102745.69
 83998,99557.27,102745.39
 84006,99557.17,102745.58
 84015,99556.77,102745.08
 84023,99557.25,102744.98
 84032,99557.00,102745.06
 84040,99557.05,102744.77
 84048,99556.73,102744.80
 84056,99556.97,102744.14
 84066,99556.55,102744.28
 84074,99556.62,102743.36
 84081,99556.12,102743.16
 84090,99556.30,102742.50
 84099,99555.98,102742.16
 84107,99556.09,102741.97
 84115,99555.25,102742.31
 84125,99555.25,102741.77
 84132,99555.17,102741.20
 84141,99554.86,102740.66
 84149,99555.09,102740.83
 84158,99554.70,102740.73
 84166,99554.28,102740.50
 84175,99554.00,102740.59
 84183,99553.94,102740.12
 84192,99553.73,102740.06
 84200,99553.55,102740.25
 84208,99554.12,102740.25
 84217,99553.64,102740.36
 84225,99553.80,102740.33
 84233,99553.34,102739.98
 84242,99553.20,102739.19
 84250,99552.70,102739.72
 84259,99553.23,102739.55
 84267,99552.88,102739.09
 84276,99553.05,102738.75
 84284,99552.81,102739.28
 84293,99552.84,102738.62
 84301,99552.91,102739.02
 84310,99552.11,102738.55
 84318,99552.31,102739.12
 84327,99552.06,102738.41
 84335,99552.25,102738.84
 84344,99552.31,102738.66
 84352,99552.09,102738.02
 84360,99551.81,102738.14
 84368,99552.05,102738.36
 84377,99551.39,102738.34
 84385,99551.61,102738.20
 84394,99551.62,102737.84
 84403,99551.55,102737.67
 84411,99551.55,102737.73
 84419,99551.48,102737.84
 84427,99551.36,102737.17
 84436,99550.89,102737.55
 84445,99551.61,102737.44
 84453,99551.25,102737.34
 84461,99551.45,102736.97
 84470,99551.41,102736.91
 84478,99551.03,102737.27
 84487,99551.64,102737.23
 84495,99551.59,102737.23
 84504,99551.55,102736.88
 84512,99551.44,102737.14
 84521,99551.08,102736.91
 84529,99551.02,102737.20
 84537,99550.91,102736.88
 84546,99551.42,102736.81
 84554,99550.52,102736.81
 84563,99551.33,102736.86
 84571,99551.30,102736.67
 84580,99550.72,102736.41
 84588,99551.09,102736.36
 84596,99550.98,102737.47
 84605,99551.00,102736.66
 84613,99550.64,102737.03
 84622,99551.17,102736.59
 84630,99550.95,102736.97
 84639,99551.08,102737.61
 84647,99550.77,102737.06
 84656,99551.12,102737.42
 84663,99550.56,102736.98
 84672,99551.11,102737.19
 84680,99550.94,102736.97
 84689,99551.30,102737.17
 84697,99551.16,102737.72
 84706,99551.08,102737.45
 84714,99550.64,102737.97
 84723,99551.48,102738.08
 84731,99551.03,102737.98
 84740,99551.27,102738.45
 84748,99551.30,102738.27
 84757,99551.38,102738.84
 84765,99551.42,102739.12
 84774,99551.41,102739.31
 84782,99551.91,102739.52
 84790,99552.12,102739.62
 84799,99552.00,102740.12
 84807,99552.41,102740.50
 84816,99551.92,102740.66
 84824,99552.52,102740.22
 84833,99551.95,102740.52
 84840,99552.59,102741.06
 84849,99552.73,102741.06
 84857,99552.84,102740.91
 84866,99553.11,102741.02
 84874,99553.25,102741.14
 84883,99553.02,102741.45
 84891,99553.22,102741.48
 84899,99553.67,102741.41
 84909,99553.78,102742.28
 84916,99553.42,102741.77
 84925,99553.56,102742.22
 84933,99554.16,102742.30
 84942,99554.03,102742.08
 84950,99554.38,102742.48
 84959,99554.14,102742.73
 84967,99554.53,102743.05
 84975,99554.27,102742.91
 84984,99554.81,102743.17
 84992,99553.80,102743.27
 85001,99554.06,102743.38
 85009,99553.92,102743.47
 85018,99554.03,102743.20
 85026,99553.91,102743.41
 85034,99553.98,102743.00
 85043,99553.91,102743.64
 85051,99554.17,102743.33
 85060,99554.44,102743.50
 85069,99554.38,102743.66
 85077,99554.48,102744.22
 85085,99554.56,102743.48
 85093,99554.31,102743.88
 85102,99554.45,102743.98
 85111,99554.11,102743.53
 85119,99554.62,102743.83
 85128,99554.52,102744.05
 85136,99554.52,102743.89
 85145,99554.56,102744.09
 85153,99554.42,102743.88
 85162,99554.53,102744.00
 85170,99555.08,102744.00
 85178,99554.86,102743.73
 85186,99555.25,102743.77
 85195,99554.75,102743.94
 85203,99554.75,102743.95
 85211,99555.73,102744.23
 85221,99554.70,102744.73
 85229,99555.47,102744.14
 85237,99555.59,102744.70
 85245,99555.48,102744.89
 85254,99555.50,102744.59
 85263,99555.23,102744.41
 85270,99555.58,102744.81
 85279,99555.22,102744.66
 85287,99555.33,102744.73
 85296,99555.47,102744.86
 85305,99555.59,102744.89
 85313,99555.52,102744.84
 85321,99555.36,102744.52
 85330,99556.00,102744.70
 85338,99555.05,102745.03
 85346,99555.38,102744.80
 85356,99555.47,102745.00
 85364,99555.77,102744.66
 85372,99555.84,102744.47
 85381,99555.47,102744.84
 85388,99556.44,102744.80
 85397,99556.11,102744.69
 85405,99556.33,102744.50
 85414,99555.55,102745.25
 85422,99555.33,102744.97
 85431,99555.67,102744.70
 85439,99556.31,102745.03
 85448,99555.88,102745.03
 85456,99556.23,102745.56
 85465,99556.09,102745.09
 85474,99556.45,102745.34
 85481,99556.39,102745.03
 85490,99556.09,102745.77
 85498,99556.44,102745.41
 85507,99555.97,102745.53
 85515,99556.34,102745.53
 85524,99556.12,102745.61
 85532,99556.59,102745.59
 85541,99556.38,102745.67
 85549,99556.20,102745.50
 85558,99556.42,102745.94
 85566,99556.23,102745.78
 85575,99556.55,102745.52
 85582,99556.50,102746.09
 85592,99556.20,102745.06
 85599,99556.27,102745.53
 85608,99556.20,102745.55
 85616,99556.47,102745.20
 85625,99556.48,102745.69
 85633,99556.38,102745.48
 85642,99556.23,102746.08
 85650,99556.44,102745.19
 85659,99556.36,102746.12
 85667,99556.23,102745.78
 85675,99555.98,102745.56
 85684,99556.17,102745.56
 85692,99556.09,102745.23
 85701,99556.06,102745.44
 85710,99556.22,102745.19
 85718,99555.64,102744.84
 85727,99555.84,102744.47
 85735,99556.06,102744.47
 85743,99555.83,102744.05
 85752,99555.25,102743.80
 85760,99555.45,102743.80
 85769,99555.27,102743.72
 85776,99555.16,102743.69
 85785,99554.95,102743.22
 85794,99554.83,102742.30
 85803,99554.30,102742.66
 85812,99554.64,102742.12
 85820,99553.88,102741.66
 85828,99553.89,102742.22
 85837,99553.73,102741.44
 85845,99553.56,102741.58
 85853,99554.00,102741.17
 85861,99553.61,102741.33
 85870,99553.05,102740.94
 85879,99553.38,102740.98
 85887,99553.30,102740.64
 85895,99552.94,102740.53
 85904,99553.00,102740.36
 85912,99553.17,102740.06
 85921,99552.98,102740.30
 85929,99552.55,102739.95
 85938,99552.34,102739.92
 85946,99552.47,102739.73
 85954,99552.44,102739.70
 85962,99551.91,102739.80
 85971,99552.17,102739.80
 85980,99552.09,102739.47
 85988,99551.92,102739.89
 85996,99551.84,102738.95
 86005,99551.72,102739.39
 86013,99551.95,102739.33
 86022,99551.66,102738.50
 86030,99551.48,102739.03
 86039,99551.86,102739.16
 86047,99551.39,102738.62
 86056,99551.39,102739.06
 86063,99551.22,102738.84
 86072,99550.88,102738.56
 86080,99551.03,102738.48
 86089,99551.23,102737.97
 86097,99550.92,102738.52
 86105,99551.25,102738.53
 86114,99550.62,102738.48
 86123,99550.78,102738.39
 86131,99550.97,102737.95
 86139,99550.78,102738.20
 86148,99550.77,102737.91
 86156,99551.31,102737.50
 86165,99550.91,102737.84
 86173,99551.42,102737.83
 86182,99550.61,102737.48
 86190,99550.89,102737.97
 86200,99551.02,102737.44
 86206,99550.83,102737.42
 86216,99550.81,102737.52
 86223,99550.94,102737.27
 86233,99550.59,102737.62
 86241,99550.80,102737.81
 86249,99551.09,102737.08
 86257,99551.17,102737.77
 86266,99550.88,102737.61
 86274,99550.80,102737.61
 86283,99550.53,102737.30
 86291,99550.56,102737.39
 86299,99551.02,102737.81
 86309,99550.59,102737.53
 86316,99550.80,102737.56
 86325,99550.52,102737.30
 86333,99550.66,102736.98
 86341,99550.55,102738.36
 86350,99550.69,102737.78
 86359,99550.52,102737.45
 86367,99550.62,102737.55
 86376,99550.50,102737.33
 86384,99550.20,102737.58
 86392,99550.81,102737.92
 86400,99550.94,102737.91
 86409,99550.83,102737.72
 86417,99550.08,102738.16
 86426,99551.23,102737.98
 86435,99551.08,102737.67
 86442,99550.92,102738.11
 86451,99550.75,102738.48
 86459,99550.86,102738.14
 86468,99550.66,102738.44
 86476,99550.94,102738.48
 86485,99550.95,102738.72
 86493,99550.64,102738.83
 86502,99550.59,102738.94
 86510,99550.47,102738.95
 86519,99550.88,102738.92
 86527,99550.94,102739.59
 86536,99551.09,102739.61
 86544,99550.70,102739.86
 86553,99550.92,102740.50
 86561,99550.88,102740.16
 86570,99550.56,102740.70
 86578,99550.98,102740.78
 86586,99551.20,102740.86
 86595,99551.42,102741.17
 86603,99551.05,102741.48
 86611,99551.39,102741.72
 86620,99550.98,102741.59
 86628,99551.56,102741.69
 86637,99551.98,102742.12
 86645,99551.69,102741.80
 86653,99551.36,102742.58
 86662,99551.77,102742.27
 86670,99552.09,102742.80
 86679,99551.95,102742.75
 86687,99551.77,102742.86
 86696,99552.33,102742.78
 86704,99551.53,102743.09
 86713,99552.20,102743.47
 86721,99552.02,102743.28
 86730,99552.33,102743.86
 86738,99552.73,102743.09
 86746,99552.88,102743.52
 86755,99552.61,102743.48
 86763,99553.12,102743.36
 86771,99553.73,102743.55
 86780,99553.41,102743.39
 86788,99553.38,102743.89
 86798,99553.58,102744.45
 86806,99553.52,102744.42
 86813,99553.09,102744.12
 86822,99553.23,102743.86
 86830,99553.59,102744.62
 86839,99553.77,102744.47
 86847,99553.97,102744.36
 86857,99553.61,102744.44
 86865,99554.05,102744.44
 86873,99554.06,102744.31
 86882,99553.97,102744.66
 86889,99554.09,102744.42
 86899,99553.58,102744.80
 86906,99553.50,102744.91
 86915,99553.53,102744.89
 86923,99553.72,102745.47
 86932,99553.91,102745.12
 86940,99553.59,102744.77
 86949,99553.64,102745.02
 86957,99553.67,102744.98
 86966,99553.88,102744.97
 86974,99553.75,102744.83
 86983,99553.83,102744.95
 86991,99554.14,102745.53
 86999,99554.16,102744.88
 87008,99554.06,102745.20
 87016,99554.58,102745.06
 87025,99553.98,102744.97
 87033,99554.42,102745.42
 87042,99553.83,102745.52
 87049,99554.41,102745.33
 87058,99554.31,102745.34
 87067,99554.09,102745.14
 87075,99554.44,102745.09
 87084,99554.41,102745.67
 87092,99554.53,102745.53
 87100,99554.64,102745.62
 87109,99554.88,102745.28
 87118,99554.19,102745.14
 87126,99554.73,102745.02
 87135,99553.88,102745.44
 87142,99554.38,102745.91
 87151,99554.58,102745.56
 87159,99554.61,102745.17
 87168,99554.56,102745.33
 87176,99554.53,102745.34
 87185,99555.11,102745.69
 87194,99554.88,102745.97
 87202,99554.53,102745.42
 87210,99554.95,102745.45
 87219,99554.86,102745.05
 87228,99554.50,102745.56
 87235,99554.44,102745.33
 87243,99554.77,102745.89
 87253,99554.52,102745.62
 87261,99554.66,102746.11
 87270,99555.08,102745.33
 87278,99554.56,102745.69
 87286,99554.64,102745.80
 87294,99554.59,102745.73
 87302,99555.30,102745.58
 87312,99554.92,102745.75
 87319,99554.58,102745.47
 87328,99554.91,102745.81
 87336,99554.59,102745.25
 87345,99554.86,102745.64
 87353,99554.67,102745.50
 87362,99554.77,102745.45
 87370,99554.81,102745.66
 87379,99554.97,102745.11
 87387,99555.17,102745.50
 87396,99554.31,102745.33
 87404,99554.77,102745.25
 87413,99554.22,102745.08
 87421,99554.81,102744.72
 87430,99554.48,102745.08
 87439,99554.59,102744.80
 87447,99554.42,102744.50
 87454,99554.44,102744.94
 87463,99554.28,102744.38
 87472,99554.16,102744.41
 87480,99553.91,102743.83
 87488,99554.33,102744.06
 87497,99553.77,102743.77
 87505,99553.58,102743.45
 87514,99554.02,102743.50
 87522,99553.92,102743.67
 87530,99554.06,102743.30
 87539,99553.20,102742.62
 87547,99553.22,102742.91
 87556,99553.45,102742.64
 87564,99553.42,102742.86
 87573,99552.86,102742.38
 87581,99552.69,102742.19
 87590,99553.45,102742.28
 87598,99552.67,102742.19
 87607,99553.20,102742.58
 87614,99552.59,102742.39
 87623,99552.08,102741.75
 87632,99552.08,102741.98
 87640,99552.44,102741.31
 87648,99552.34,102742.06
 87657,99552.11,102741.83
 87665,99552.56,102741.66
 87674,99552.50,102741.06
 87682,99552.44,102741.42
 87691,99552.30,102741.41
 87699,99552.28,102741.95
 87707,99552.39,102741.17
 87716,99551.98,102741.23
 87724,99551.92,102740.98
 87733,99551.86,102741.06
 87742,99552.02,102741.06
 87750,99551.56,102741.17
 87759,99551.70,102740.59
 87768,99551.70,102740.14
 87776,99551.97,102740.08
 87785,99550.92,102740.56
 87793,99551.77,102739.94
 87802,99551.06,102739.89
 87809,99551.09,102739.80
 87817,99551.31,102740.53
 87827,99551.23,102739.69
 87835,99551.48,102739.94
 87843,99551.00,102739.59
 87851,99551.06,102739.61
 87860,99551.00,102739.91
 87868,99551.23,102739.66
 87877,99550.97,102739.52
 87885,99551.17,102739.61
 87894,99550.97,102739.06
 87902,99550.88,102739.45
 87910,99550.83,102739.48
 87919,99551.00,102738.91
 87927,99550.84,102739.22
 87936,99550.91,102739.14
 87944,99550.39,102738.97
 87953,99550.78,102738.98
 87960,99550.20,102738.80
 87969,99550.97,102738.80
 87978,99550.31,102739.16
 87986,99550.20,102739.25
 87994,99550.58,102739.25
 88002,99550.58,102738.42
 88011,99550.08,102738.86
 88020,99550.75,102738.78
 88028,99550.38,102738.72
 88037,99550.52,102738.55
 88044,99550.75,102739.03
 88053,99550.62,102738.70
 88061,99550.81,102739.02
 88070,99550.67,102738.44
 88079,99550.44,102738.98
 88087,99550.38,102738.42
 88096,99550.53,102738.55
 88104,99550.48,102739.06
 88113,99550.73,102738.53
 88121,99550.84,102739.22
 88129,99550.36,102738.66
 88138,99550.53,102739.19
 88146,99550.78,102738.83
 88154,99550.50,102739.16
 88163,99550.67,102739.38
 88171,99550.33,102738.67
 88180,99550.41,102739.34
 88188,99550.27,102739.20
 88197,99550.61,102739.20
 88205,99550.78,102739.06
 88214,99550.75,102739.19
 88222,99550.41,102739.59
 88230,99550.56,102738.92
 88239,99550.28,102739.36
 88247,99550.38,102739.09
 88256,99550.55,102739.58
 88264,99550.39,102739.56
 88272,99550.50,102739.61
 88281,99550.25,102740.25
 88290,99551.30,102740.69
 88298,99550.48,102740.41
 88306,99550.77,102740.48
 88315,99550.84,102740.28
 88324,99551.08,102740.89
 88331,99551.22,102740.62
 88340,99551.12,102740.77
 88348,99551.30,102741.06
 88357,99551.50,102741.28
 88366,99551.72,102741.72
 88374,99552.33,102741.80
 88382,99551.89,102741.55
 88390,99551.72,102741.84
 88399,99551.66,102742.11
 88407,99551.78,102742.02
 88416,99552.16,102742.84
 88424,99552.00,102742.02
 88433,99551.81,102742.41
 88441,99552.06,102742.39
 88450,99552.52,102742.48
 88458,99552.22,102741.98
 88467,99551.42,102742.84
 88475,99551.92,102742.59
 88483,99551.28,102743.05
 88492,99552.27,102743.27
 88500,99552.44,102743.00
 88509,99551.83,102743.25
 88517,99551.88,102743.45
 88526,99552.39,102743.89
 88534,99552.31,102743.53
 88543,99552.12,102744.09
 88550,99552.38,102743.88
 88559,99552.48,102744.00
 88568,99552.92,102744.14
 88576,99552.62,102744.41
 88584,99552.70,102744.00
 88593,99552.59,102744.25
 88601,99552.62,102744.31
 88610,99552.66,102744.06
 88618,99552.86,102744.58
 88627,99552.84,102744.12
 88635,99553.25,102744.78
 88644,99552.73,102744.61
 88651,99553.12,102745.00
 88660,99552.84,102745.08
 88669,99553.14,102744.19
 88677,99553.30,102745.28
 88685,99552.86,102744.84
 88695,99553.50,102745.00
 88703,99553.30,102745.70
 88711,99553.91,102745.88
 88720,99553.80,102745.44
 88728,99553.33,102745.45
 88737,99554.05,102745.19
 88745,99553.42,102745.72
 88753,99553.75,102745.58
 88762,99553.61,102746.16
 88770,99553.44,102746.42
 88779,99553.67,102746.22
 88787,99553.56,102746.22
 88795,99553.69,102745.80
 88804,99553.67,102746.05
 88812,99554.44,102745.86
 88820,99554.05,102746.34
 88829,99554.09,102746.72
 88837,99554.34,102746.41
 88846,99553.88,102746.36
 88854,99554.17,102746.62
 88863,99554.38,102746.44
 88871,99554.38,102746.52
 88880,99554.55,102747.02
 88888,99553.83,102746.78
 88897,99554.58,102746.58
 88905,99554.52,102746.84
 88914,99554.62,102747.05
 88922,99554.19,102746.80
 88930,99554.62,102747.19
 88938,99554.38,102747.02
 88947,99555.05,102746.97
 88955,99554.80,102746.77
 88964,99554.66,102747.16
 88972,99554.72,102747.02
 88981,99554.80,102747.22
 88990,99555.48,102747.42
 88998,99554.73,102747.31
 89006,99554.66,102747.59
 89015,99555.17,102747.73
 89023,99555.45,102747.25
 89032,99554.94,102747.17
 89040,99555.20,102747.58
 89049,99555.36,102748.12
 89056,99555.45,102747.50
 89066,99555.11,102748.20
 89073,99556.02,102747.61
 89082,99555.48,102748.06
 89090,99555.77,102747.89
 89099,99555.14,102748.27
 89107,99555.42,102748.17
 89116,99555.80,102748.25
 89124,99555.69,102748.19
 89132,99555.31,102748.20
 89141,99555.95,102748.03
 89149,99555.84,102748.30
 89158,99555.58,102748.42
 89166,99556.02,102748.48
 89175,99555.58,102748.67
 89183,99555.69,102748.31
 89191,99556.12,102748.61
 89200,99556.52,102748.73
 89208,99555.78,102748.48
 89217,99556.20,102748.42
 89226,99555.69,102748.66
 89233,99556.00,102748.50
 89243,99555.95,102748.98
 89250,99555.89,102748.78
 89259,99555.77,102748.69
 89268,99556.17,102749.03
 89276,99555.83,102748.88
 89284,99556.19,102748.53
 89293,99556.12,102749.31
 89301,99556.27,102748.95
 89309,99556.44,102748.86
 89318,99556.66,102749.00
 89326,99556.58,102749.19
 89335,99556.23,102749.06
 89343,99556.44,102749.41
 89351,99556.56,102749.67
 89360,99556.95,102749.36
 89369,99556.09,102749.08
 89377,99556.55,102749.70
 89386,99556.77,102749.36
 89394,99556.70,102749.03
 89402,99556.00,102749.42
 89411,99556.58,102749.70
 89419,99556.59,102749.73
 89428,99556.69,102749.80
 89436,99556.81,102749.77
 89445,99556.75,102749.73
 89453,99557.08,102749.91
 89462,99556.91,102749.94
 89470,99557.00,102749.86
 89478,99557.22,102750.17
 89487,99557.34,102749.92
 89495,99557.61,102750.41
 89504,99557.03,102750.22
 89512,99557.19,102750.50
 89521,99556.69,102750.61
 89529,99556.88,102750.27
 89538,99557.28,102750.44
 89546,99556.98,102750.48
 89554,99557.59,102750.58
 89562,99557.62,102750.06
 89571,99557.03,102750.58
 89579,99557.17,102750.89
 89588,99557.30,102750.56
 89596,99557.31,102750.84
 89604,99557.75,102750.44
 89613,99557.91,102750.98
 89622,99557.92,102750.62
 89629,99557.88,102751.05
 89638,99558.17,102751.03
 89646,99557.58,102750.84
 89655,99557.94,102751.48
 89663,99557.52,102750.61
 89672,99558.34,102750.81
 89680,99557.58,102751.38
 89689,99558.45,102751.12
 89697,99557.89,102751.80
 89706,99558.16,102751.58
 89714,99558.08,102751.11
 89723,99558.02,102751.41
 89731,99557.89,102751.70
 89741,99557.95,102751.78
 89748,99558.02,102751.78
 89756,99558.44,102751.98
 89765,99557.98,102751.86
 89773,99557.92,102751.95
 89781,99558.17,102751.41
 89791,99558.17,102751.80
 89800,99558.58,102751.61
 89808,99558.33,102751.88
 89816,99557.95,102752.27
 89825,99558.33,102752.19
 89833,99558.16,102751.97
 89842,99558.39,102751.86
 89850,99558.53,102752.27
 89859,99558.39,102751.92
 89866,99558.22,102752.69
 89875,99558.19,102752.03
 89883,99558.62,102751.95
 89891,99558.11,102752.23
 89900,99558.53,102752.12
 89908,99558.47,102752.34
 89917,99558.52,102752.86
 89925,99559.02,102752.39
 89934,99558.58,102752.55
 89942,99558.88,102752.72
 89950,99559.30,102752.59
 89959,99558.30,102753.09
 89967,99558.84,102752.53
 89976,99559.17,102752.84
 89985,99558.80,102753.11
 89993,99559.41,102753.47
 90001,99559.06,102753.17
 90009,99559.02,102753.12
 90017,99559.09,102753.30
 90026,99558.98,102753.23
 90034,99559.39,102753.09
 90043,99559.31,102753.11
 90051,99559.23,102752.94
 90060,99559.56,102752.98
 90068,99559.02,102753.16
 90077,99558.92,102752.89
 90086,99559.14,102753.42
 90094,99559.34,102753.19
 90102,99559.28,102753.02
 90110,99559.23,102753.53
 90119,99559.92,102752.94
 90127,99559.30,102752.50
 90136,99559.02,102753.06
 90145,99559.64,102752.50
 90152,99558.66,102752.81
 90161,99558.97,102752.88
 90169,99559.08,102752.27
 90179,99559.19,102752.64
 90187,99559.41,102752.30
 90195,99559.58,102752.41
 90204,99559.69,102752.42
 90211,99559.31,102752.69
 90221,99559.59,102752.17
 90229,99559.53,102751.88
 90236,99559.09,102751.70
 90245,99559.64,102751.39
 90254,99559.36,102751.41
 90262,99559.22,102751.03
 90270,99559.20,102750.67
 90279,99559.02,102750.48
 90288,99558.69,102750.23
 90296,99558.61,102749.28
 90305,99557.98,102749.11
 90313,99557.97,102749.17
 90322,99558.17,102748.23
 90330,99557.92,102748.08
 90339,99558.17,102748.03
 90346,99557.58,102747.38
 90355,99557.36,102746.89
 90364,99557.28,102747.25
 90372,99557.06,102746.88
 90380,99556.34,102747.00
 90389,99556.36,102746.28
 90398,99556.22,102746.31
 90406,99556.12,102745.89
 90414,99556.22,102746.09
 90422,99556.50,102746.02
 90431,99555.91,102745.52
 90439,99555.80,102745.30
 90448,99556.28,102745.70
 90456,99555.69,102745.86
 90465,99555.84,102745.78
 90473,99555.81,102745.36
 90482,99556.12,102745.66
 90489,99555.36,102745.20
 90498,99555.72,102745.28
 90506,99556.02,102745.36
 90515,99555.22,102745.19
 90524,99555.42,102745.05
 90532,99555.53,102745.25
 90541,99555.84,102744.86
 90549,99555.59,102745.00
 90557,99555.52,102744.62
 90566,99555.39,102744.80
 90575,99555.20,102744.70
 90583,99555.28,102744.12
 90592,99555.84,102744.20
 90600,99554.84,102744.28
 90608,99555.05,102744.23
 90617,99555.20,102744.03
 90625,99554.92,102744.44
 90634,99554.70,102744.25
 90641,99554.59,102744.28
 90650,99554.75,102744.11
 90659,99555.14,102743.78
 90666,99554.80,102743.78
 90676,99555.19,102744.05
 90684,99554.48,102744.28
 90693,99555.27,102744.09
 90700,99554.30,102744.17
 90709,99555.31,102744.55
 90717,99554.67,102744.05
 90726,99554.72,102743.94
 90734,99554.94,102744.81
 90743,99554.61,102743.92
 90751,99554.94,102744.91
 90760,99554.52,102744.11
 90768,99555.08,102744.17
 90777,99554.73,102744.36
 90786,99555.02,102744.22
 90794,99555.20,102744.70
 90802,99554.73,102744.69
 90810,99554.67,102744.80
 90819,99555.34,102744.69
 90827,99555.31,102744.73
 90835,99554.86,102745.28
 90844,99554.77,102745.20
 90852,99555.00,102745.22
 90861,99554.56,102744.89
 90870,99555.17,102745.83
 90877,99554.98,102745.62
 90886,99555.39,102746.28
 90894,99555.25,102746.33
 90903,99555.89,102746.03
 90911,99555.80,102746.42
 90920,99555.97,102746.12
 90928,99555.75,102746.56
 90936,99555.83,102746.98
 90945,99555.81,102746.89
 90954,99556.30,102746.81
 90962,99555.80,102746.81
 90970,99556.16,102747.38
 90979,99555.61,102747.47
 90987,99556.03,102747.66
 90995,99556.34,102746.92
 91004,99556.11,102747.44
 91013,99555.95,102747.56
 91022,99556.08,102747.77
 91030,99556.61,102748.05
 91038,99556.42,102747.73
 91047,99557.12,102748.02
 91054,99556.09,102748.36
 91063,99556.72,102748.34
 91072,99556.95,102748.38
 91080,99556.91,102748.41
 91088,99556.66,102748.52
 91097,99556.91,102748.45
 91106,99556.48,102748.70
 91114,99556.69,102748.67
 91123,99556.67,102748.56
 91131,99556.86,102748.62
 91139,99556.78,102748.83
 91148,99557.09,102748.98
 91156,99556.94,102749.12
 91165,99557.25,102749.22
 91172,99557.41,102749.12
 91181,99556.92,102749.17
 91190,99557.05,102748.59
 91199,99557.23,102748.95
 91206,99557.56,102749.31
 91215,99557.48,102749.55
 91223,99556.97,102749.28
 91231,99557.23,102749.78
 91240,99557.03,102749.83
 91248,99557.05,102749.59
 91257,99557.33,102750.19
 91266,99557.48,102749.83
 91274,99557.33,102750.16
 91282,99557.20,102750.33
 91291,99557.12,102750.20
 91299,99556.92,102749.86
 91308,99557.61,102750.42
 91316,99557.33,102750.67
 91325,99557.05,102750.17
 91333,99557.69,102750.62
 91341,99557.48,102750.73
 91350,99557.53,102750.17
 91358,99557.66,102750.52
 91367,99557.75,102750.53
 91376,99557.09,102750.30
 91383,99557.61,102750.45
 91392,99557.78,102750.92
 91400,99557.59,102750.48
 91409,99557.11,102751.09
 91418,99557.91,102750.72
 91426,99557.53,102750.83
 91435,99557.11,102750.67
 91443,99557.06,102750.69
 91451,99557.28,102750.77
 91460,99556.95,102751.20
 91468,99557.50,102751.36
 91476,99557.89,102751.70
 91485,99557.33,102751.30
 91493,99557.58,102751.78
 91502,99557.34,102751.69
 91510,99558.16,102751.45
 91518,99556.83,102751.70
 91527,99557.69,102751.62
 91536,99557.78,102752.00
 91544,99558.03,102751.44
 91553,99557.88,102751.86
 91561,99557.52,102751.88
 91570,99557.98,102752.03
 91577,99557.55,102752.52
 91586,99558.41,102752.27
 91594,99557.39,102752.17
 91603,99558.16,102752.62
 91611,99557.92,102752.31
 91620,99557.86,102752.22
 91628,99557.72,102752.47
 91636,99558.38,102752.55
 91645,99558.31,102752.53
 91653,99557.98,102752.36
 91662,99558.42,102752.39
 91670,99558.17,102752.83
 91679,99558.06,102752.94
 91687,99558.20,102753.41
 91696,99558.22,102752.91
 91704,99558.25,102752.88
 91712,99558.09,102753.25
 91720,99558.03,102752.77
 91729,99558.28,102753.33
 91738,99558.34,102753.69
 91746,99558.06,102753.06
 91754,99558.16,102753.17
 91763,99558.47,102753.38
 91771,99558.70,102753.61
 91780,99558.30,102753.02
 91788,99559.16,102753.67
 91797,99558.03,102753.58
 91806,99558.69,102753.83
 91818,99558.44,102753.86
 91823,99557.94,102754.06
 91832,99558.91,102754.00
 91839,99558.88,102753.80
 91848,99558.80,102753.44
 91857,99558.53,102753.62
 91865,99558.80,102753.41
 91873,99558.80,102754.41
 91882,99559.09,102753.86
 91890,99558.95,102754.27
 91898,99559.19,102753.56
 91907,99559.39,102753.72
 91915,99559.41,102753.70
 91924,99559.55,102753.78
 91933,99559.23,102754.11
 91940,99559.08,102754.53
 91949,99559.30,102753.97
 91957,99559.22,102754.23
 91966,99559.22,102754.00
 91974,99559.16,102754.73
 91982,99559.72,102754.22
 91991,99559.19,102754.38
 91999,99559.17,102753.83
 92007,99559.52,102754.42
 92016,99559.59,102754.31
 92025,99559.27,102754.89
 92033,99559.30,102754.52
 92042,99559.45,102754.27
 92049,99559.89,102754.34
 92058,99559.77,102754.44
 92067,99559.89,102755.08
 92075,99559.77,102754.38
 92083,99559.67,102754.31
 92092,99559.94,102754.80
 92100,99559.88,102754.66
 92109,99559.66,102754.44
 92117,99559.78,102754.91
 92126,99559.77,102754.94
 92135,99560.17,102754.73
 92142,99559.78,102755.17
 92151,99559.58,102754.48
 92159,99559.97,102754.94
 92168,99560.16,102754.59
 92176,99560.36,102754.56
 92185,99560.61,102755.06
 92193,99559.81,102754.72
 92201,99559.94,102754.95
 92211,99559.91,102754.48
 92219,99560.02,102754.77
 92227,99559.80,102754.14
 92236,99559.81,102754.42
 92243,99559.72,102754.05
 92253,99559.81,102754.20
 92260,99559.88,102753.89
 92269,99559.53,102753.66
 92277,99559.48,102753.41
 92286,99559.17,102752.95
 92294,99559.30,102752.95
 92303,99559.52,102752.64
 92311,99558.91,102752.27
 92320,99558.88,102751.73
 92328,99558.92,102751.52
 92337,99558.56,102751.16
 92345,99558.59,102750.97
 92353,99558.70,102750.86
 92362,99558.73,102751.09
 92370,99558.11,102749.67
 92378,99558.23,102749.44
 92387,99557.95,102749.22
 92395,99557.53,102749.20
 92404,99557.69,102749.11
 92412,99557.67,102748.20
 92421,99557.45,102748.22
 92429,99557.52,102747.72
 92438,99557.22,102747.72
 92446,99556.86,102747.23
 92454,99556.66,102747.39
 92463,99556.67,102747.11
 92471,99555.97,102747.33
 92480,99555.88,102746.17
 92488,99555.88,102745.94
 92496,99555.84,102746.22
 92505,99555.41,102745.89
 92513,99555.56,102745.98
 92522,99555.06,102745.62
 92530,99555.05,102745.52
 92539,99555.34,102745.44
 92548,99554.77,102745.11
 92556,99554.86,102745.50
 92564,99554.70,102744.84
 92573,99554.39,102745.50
 92581,99554.64,102745.09
 92590,99555.08,102744.97
 92598,99554.61,102744.53
 92606,99554.77,102744.56
 92615,99555.11,102744.72
 92623,99554.64,102744.47
 92632,99554.44,102744.61
 92639,99554.27,102744.17
 92648,99555.00,102744.92
 92657,99555.06,102743.84
 92665,99554.69,102743.94
 92674,99554.73,102744.03
 92682,99554.47,102743.92
 92691,99554.75,102743.92
 92699,99554.92,102743.89
 92707,99554.91,102743.69
 92716,99554.36,102743.25
 92724,99554.75,102743.33
 92733,99554.77,102743.53
 92741,99554.23,102742.95
 92749,99554.28,102743.31
 92758,99554.48,102742.69
 92766,99554.73,102743.31
 92774,99554.36,102743.23
 92783,99554.70,102742.75
 92791,99554.17,102742.69
 92800,99554.05,102742.72
 92809,99554.09,102742.70
 92817,99554.17,102742.86
 92825,99554.41,102742.41
 92834,99553.94,102742.58
 92842,99553.67,102741.84
 92851,99553.70,102742.39
 92859,99553.77,102742.48
 92868,99553.47,102742.05
 92876,99553.44,102741.89
 92885,99553.86,102741.75
 92893,99553.89,102741.77
 92901,99554.05,102741.86
 92910,99553.09,102741.48
 92918,99553.19,102741.83
 92927,99553.20,102741.58
 92935,99553.47,102741.75
 92943,99553.11,102741.81
 92952,99553.41,102741.45
 92960,99553.05,102741.05
 92969,99553.42,102741.81
 92977,99552.86,102741.48
 92985,99552.67,102741.22
 92994,99552.73,102740.94
 93002,99553.02,102742.08
 93011,99553.42,102741.77
 93019,99553.28,102741.94
 93027,99553.12,102741.41
 93036,99553.08,102742.58
 93045,99553.41,102742.34
 93053,99553.58,102743.05
 93061,99553.16,102743.69
 93069,99552.92,102743.78
 93078,99553.56,102743.88
 93087,99553.14,102744.14
 93095,99553.28,102744.25
 93103,99553.47,102744.66
 93112,99553.31,102745.58
 93120,99553.23,102745.56
 93129,99553.73,102745.52
 93138,99553.77,102745.55
 93146,99553.81,102745.77
 93154,99553.98,102745.59
 93162,99554.23,102746.27
 93172,99553.98,102746.00
 93179,99553.83,102746.78
 93188,99554.36,102746.08
 93197,99554.16,102746.47
 93205,99554.30,102746.84
 93213,99554.09,102746.64
 93221,99554.00,102746.48
 93230,99553.84,102746.59
 93239,99554.16,102747.28
 93247,99554.27,102746.91
 93255,99553.98,102747.28
 93264,99554.06,102747.36
 93273,99554.08,102747.08
 93280,99554.30,102747.50
 93289,99554.14,102747.62
 93297,99554.08,102747.81
 93306,99554.00,102747.52
 93314,99554.39,102748.39
 93323,99554.05,102748.02
 93331,99554.16,102748.69
 93340,99553.83,102748.41
 93348,99554.00,102748.30
 93357,99554.25,102748.48
 93365,99553.89,102748.47
 93374,99554.14,102748.77
 93381,99554.62,102748.62
 93391,99554.28,102748.86
 93399,99554.45,102748.84
 93407,99554.08,102749.23
 93415,99554.61,102749.12
 93424,99554.50,102749.30
 93433,99555.11,102749.09
 93441,99554.95,102749.77
 93449,99555.20,102749.53
 93458,99555.17,102749.62
 93466,99554.73,102749.81
 93474,99555.06,102749.80
 93483,99554.81,102749.62
 93492,99555.23,102750.03
 93500,99554.77,102749.98
 93509,99555.62,102750.09
 93516,99555.38,102749.59
 93526,99554.66,102750.34
 93534,99555.48,102750.27
 93542,99555.44,102750.25
 93550,99555.44,102750.50
 93559,99555.59,102749.98
 93568,99555.27,102750.45
 93576,99555.47,102750.53
 93584,99555.28,102750.50
 93592,99555.11,102750.88
 93601,99555.39,102750.42
 93610,99555.44,102750.91
 93619,99555.72,102751.30
 93626,99555.12,102750.91
 93635,99555.48,102750.77
 93644,99555.56,102750.98
 93651,99555.50,102751.30
 93661,99555.67,102751.59
 93668,99555.41,102750.91
 93677,99555.53,102751.19
 93686,99556.03,102751.03
 93694,99555.61,102751.73
 93702,99555.17,102751.05
 93711,99555.61,102751.11
 93719,99556.03,102751.17
 93728,99555.83,102750.97
 93736,99555.94,102751.39
 93744,99555.75,102752.17
 93752,99555.86,102751.50
 93761,99555.66,102751.14
 93769,99556.12,102751.38
 93778,99555.64,102751.31
 93787,99555.39,102751.42
 93795,99555.56,102751.89
 93803,99555.34,102751.64
 93811,99556.02,102751.55
 93820,99555.81,102752.06
 93829,99555.64,102751.62
 93838,99555.64,102751.89
 93846,99555.75,102752.58
 93855,99555.50,102752.16
 93863,99555.56,102752.41
 93871,99555.16,102752.28
 93880,99555.80,102752.14
 93888,99555.78,102752.31
 93896,99555.70,102752.52
 93905,99555.08,102752.55
 93913,99555.66,102753.08
 93922,99555.95,102753.17
 93930,99555.97,102752.81
 93939,99556.67,102753.22
 93948,99555.61,102753.03
 93956,99555.86,102753.14
 93963,99555.48,102752.94
 93972,99555.83,102753.44
 93981,99555.84,102753.09
 93989,99555.78,102753.25
 93998,99556.00,102753.50
 94006,99556.27,102753.34
 94015,99556.28,102753.34
 94023,99556.78,102753.09
 94032,99556.19,102753.17
 94040,99555.03,102753.48
 94048,99556.22,102753.34
 94057,99555.81,102753.45
 94064,99556.44,102753.17
 94073,99556.09,102753.58
 94082,99556.27,102753.73
 94090,99556.03,102753.84
 94099,99556.47,102753.72
 94107,99556.25,102753.19
 94116,99556.38,102753.67
 94124,99555.98,102753.83
 94133,99556.58,102753.75
 94140,99556.06,102754.14
 94149,99556.52,102753.70
 94158,99555.97,102753.72
 94166,99556.88,102753.84
 94175,99556.55,102753.75
 94183,99556.66,102753.97
 94191,99556.56,102753.73
 94199,99556.55,102754.05
 94209,99556.39,102754.08
 94217,99555.97,102754.28
 94225,99557.08,102753.72
 94234,99556.64,102753.92
 94242,99556.73,102753.70
 94251,99556.61,102753.75
 94259,99556.86,102753.97
 94267,99556.66,102753.73
 94275,99556.45,102753.97
 94284,99557.41,102753.58
 94292,99556.78,102753.55
 94301,99557.55,102754.53
 94310,99556.77,102753.78
 94318,99556.81,102754.14
 94326,99557.20,102753.78
 94335,99556.95,102753.89
 94343,99556.66,102753.53
 94352,99556.23,102754.16
 94360,99556.84,102754.14
 94369,99556.48,102753.75
 94377,99556.58,102753.78
 94386,99556.25,102754.28
 94394,99556.72,102753.62
 94403,99556.69,102754.12
 94411,99556.70,102753.81
 94418,99556.67,102753.23
 94427,99556.91,102753.73
 94435,99556.42,102753.36
 94444,99555.98,102753.00
 94452,99556.64,102753.27
 94461,99556.39,102753.08
 94470,99556.66,102752.97
 94478,99556.20,102752.61
 94487,99556.05,102752.28
 94495,99555.86,102751.95
 94504,99555.62,102751.92
 94512,99555.86,102752.06
 94520,99555.09,102751.69
 94528,99555.17,102751.19
 94537,99555.19,102751.25
 94546,99555.52,102750.69
 94554,99554.69,102750.55
 94563,99554.89,102750.19
 94571,99554.84,102749.89
 94579,99554.53,102749.55
 94588,99553.86,102749.77
 94596,99554.47,102749.12
 94604,99553.56,102748.88
 94613,99553.66,102748.67
 94621,99552.77,102748.94
 94630,99553.28,102748.20
 94638,99553.17,102747.86
 94647,99553.08,102747.30
 94655,99553.36,102746.88
 94664,99552.61,102747.00
 94671,99552.45,102746.52
 94680,99552.52,102747.03
 94689,99553.03,102746.33
 94697,99552.58,102745.94
 94706,99552.92,102746.22
 94714,99552.02,102746.17
 94722,99552.59,102745.94
 94731,99552.39,102745.56
 94739,99552.94,102746.34
 94747,99552.47,102745.86
 94756,99552.53,102745.38
 94765,99551.92,102745.42
 94773,99552.17,102745.23
 94781,99551.95,102744.58
 94790,99552.48,102745.25
 94799,99552.14,102744.45
 94806,99552.27,102744.62
 94815,99552.36,102744.61
 94824,99551.78,102744.34
 94832,99552.64,102744.08
 94841,99551.95,102744.48
 94849,99551.84,102744.02
 94858,99552.03,102743.66
 94866,99551.84,102743.94
 94874,99551.52,102743.86
 94883,99551.67,102743.00
 94891,99551.84,102743.42
 94899,99551.84,102743.39
 94908,99551.84,102743.12
 94916,99551.70,102743.53
 94925,99551.52,102743.03
 94934,99551.97,102742.59
 94942,99551.28,102742.55
 94950,99551.58,102742.80
 94959,99551.20,102742.06
 94967,99551.19,102742.69
 94975,99551.30,102741.89
 94984,99551.22,102742.58
 94992,99551.91,102742.55
 95001,99551.67,102742.44
 95009,99551.75,102741.95
 95018,99552.03,102742.50
 95026,99551.55,102741.91
 95034,99551.58,102742.41
 95043,99551.59,102741.78
 95051,99551.17,102741.69
 95060,99551.25,102741.80
 95068,99551.08,102742.11
 95076,99551.31,102741.70
 95085,99550.75,102741.58
 95094,99550.84,102741.55
 95102,99551.17,102741.73
 95110,99551.02,102741.80
 95119,99550.45,102741.36
 95128,99550.88,102741.25
 95135,99550.91,102741.05
 95144,99550.78,102741.14
 95152,99550.66,102741.00
 95161,99550.62,102741.52
 95170,99551.16,102741.36
 95178,99550.92,102741.20
 95187,99551.12,102741.50
 95195,99550.70,102741.28
 95204,99550.33,102741.44
 95211,99550.83,102741.86
 95220,99550.97,102741.92
 95229,99550.84,102742.69
 95237,99550.58,102742.61
 95245,99551.06,102743.45
 95254,99551.30,102743.36
 95262,99551.27,102743.30
 95270,99551.39,102743.62
 95279,99551.61,102744.39
 95288,99551.42,102744.39
 95296,99551.61,102744.89
 95304,99551.86,102745.03
 95313,99552.02,102745.11
 95322,99551.78,102744.80
 95330,99551.72,102745.08
 95338,99551.94,102745.25
 95347,99551.77,102744.36
 95355,99552.41,102745.09
 95364,99552.16,102745.72
 95372,99552.56,102745.73
 95380,99552.67,102746.48
 95388,99553.27,102746.66
 95397,99552.34,102746.53
 95405,99553.11,102747.00
 95414,99552.95,102747.30
 95422,99553.22,102746.84
 95430,99552.47,102746.50
 95439,99552.80,102746.77
 95448,99553.36,102747.00
 95457,99552.97,102747.12
 95464,99552.91,102747.22
 95474,99553.12,102747.77
 95482,99553.12,102747.61
 95489,99553.14,102747.55
 95499,99553.06,102747.81
 95506,99553.41,102748.28
 95516,99553.14,102747.89
 95523,99553.14,102747.97
 95532,99553.06,102747.86
 95541,99553.19,102748.16
 95549,99553.22,102748.05
 95557,99552.80,102748.30
 95566,99552.58,102747.55
 95573,99553.08,102748.41
 95582,99552.94,102747.84
 95591,99552.52,102748.19
 95600,99553.47,102748.47
 95608,99553.58,102748.23
 95616,99553.22,102748.72
 95625,99553.30,102748.84
 95633,99553.31,102748.48
 95642,99552.84,102748.95
 95650,99553.30,102749.00
 95658,99553.16,102749.06
 95667,99553.06,102749.06
 95675,99553.52,102749.31
 95683,99553.31,102749.14
 95692,99553.80,102749.17
 95700,99553.45,102749.09
 95709,99553.44,102749.11
 95718,99553.25,102749.06
 95725,99553.05,102749.48
 95735,99553.17,102749.36
 95743,99552.77,102749.62
 95751,99553.06,102749.58
 95760,99553.52,102749.69
 95768,99553.05,102749.47
 95776,99553.14,102749.78
 95785,99553.42,102749.73
 95793,99553.28,102749.30
 95801,99553.20,102749.94
 95810,99552.91,102749.80
 95818,99553.20,102749.75
 95826,99553.64,102749.59
 95835,99553.12,102749.95
 95843,99553.55,102750.08
 95853,99553.05,102750.19
 95860,99553.36,102750.19
 95869,99553.91,102750.12
 95878,99553.33,102750.61
 95887,99553.55,102749.97
 95895,99553.78,102750.50
 95904,99553.61,102750.56
 95911,99553.80,102750.30
 95921,99553.64,102750.67
 95929,99554.08,102750.58
 95937,99553.94,102750.06
 95946,99553.83,102750.64
 95954,99554.17,102750.28
 95963,99554.05,102750.19
 95971,99554.06,102750.27
 95980,99554.20,102750.19
 95988,99554.19,102749.91
 95996,99554.47,102750.62
 96005,99554.31,102750.16
 96013,99554.33,102750.75
 96021,99554.03,102750.83
 96030,99554.36,102750.66
 96038,99554.48,102750.70
 96047,99554.56,102750.70
 96054,99554.39,102750.78
 96064,99554.41,102750.41
 96071,99554.66,102750.34
 96080,99554.80,102750.25
 96089,99554.11,102750.69
 96097,99553.92,102750.23
 96105,99554.23,102750.34
 96113,99554.14,102750.05
 96122,99554.20,102750.06
 96130,99553.80,102749.53
 96139,99554.17,102749.62
 96147,99554.00,102749.64
 96156,99553.25,102749.09
 96164,99553.16,102748.53
 96173,99553.77,102748.86
 96181,99552.45,102748.73
 96190,99552.78,102747.72
 96198,99552.45,102747.33
 96206,99551.94,102746.92
 96215,99551.77,102746.88
 96223,99551.39,102746.05
 96232,99551.34,102745.98
 96240,99550.89,102745.81
 96249,99550.78,102744.81
 96257,99550.66,102745.33
 96266,99550.25,102744.66
 96274,99550.12,102745.03
 96283,99549.77,102745.05
 96291,99549.67,102744.59
 96299,99549.64,102744.27
 96307,99549.45,102744.67
 96316,99549.75,102744.14
 96325,99549.52,102743.70
 96333,99549.17,102744.36
 96341,99549.91,102743.81
 96350,99548.86,102743.50
 96358,99549.86,102743.41
 96367,99549.62,102743.08
 96375,99549.44,102743.06
 96383,99549.53,102742.81
 96392,99549.25,102742.55
 96400,99549.36,102742.61
 96408,99549.69,102742.64
 96417,99549.28,102742.78
 96426,99549.58,102742.92
 96434,99549.72,102742.69
 96443,99549.86,102742.89
 96451,99549.86,102742.78
 96459,99549.97,102742.52
 96467,99549.86,102742.19
 96476,99549.81,102742.44
 96485,99549.86,102742.39
 96493,99549.58,102742.48
 96501,99549.36,102742.22
 96510,99549.23,102742.53
 96518,99549.28,102742.00
 96527,99549.22,102741.89
 96535,99549.50,102742.14
 96543,99549.02,102741.91
 96552,99549.09,102742.12
 96560,99549.30,102742.00
 96569,99548.94,102741.45
 96577,99549.19,102741.73
 96586,99548.72,102741.66
 96595,99549.69,102741.70
 96602,99549.38,102741.30
 96611,99549.61,102741.06
 96620,99549.62,102741.36
 96628,99549.73,102741.53
 96636,99548.98,102740.80
 96645,99549.50,102740.86
 96654,99549.78,102740.62
 96662,99550.05,102741.16
 96670,99550.23,102740.73
 96679,99550.41,102741.17
 96687,99550.23,102741.23
 96695,99550.64,102740.55
 96704,99550.61,102741.00
 96712,99550.52,102740.56
 96720,99550.28,102740.86
 96729,99550.55,102740.98
 96738,99550.14,102740.56
 96747,99550.45,102740.53
 96755,99550.72,102740.34
 96762,99550.84,102740.86
 96771,99550.80,102740.67
 96780,99550.80,102740.44
 96788,99550.59,102740.12
 96796,99550.52,102740.80
 96805,99550.91,102740.55
 96813,99550.47,102740.45
 96821,99551.36,102740.64
 96831,99551.05,102741.17
 96839,99551.20,102740.84
 96847,99551.59,102740.86
 96856,99551.30,102741.55
 96864,99551.84,102741.36
 96873,99551.59,102741.06
 96881,99552.47,102741.30
 96889,99552.00,102741.70
 96897,99552.77,102741.47
 96907,99553.16,102741.52
 96915,99553.14,102742.19
 96923,99553.91,102742.20
 96931,99554.17,102742.70
 96940,99554.56,102741.92
 96948,99555.42,102742.84
 96957,99555.14,102742.84
 96965,99555.48,102742.97
 96974,99555.91,102743.17
 96983,99556.78,102743.28
 96990,99556.53,102743.27
 96999,99557.08,102743.59
 97008,99557.50,102743.28
 97016,99557.81,102743.92
 97024,99558.19,102743.69
 97033,99557.95,102744.12
 97041,99558.75,102744.20
 97049,99558.83,102744.58
 97059,99558.50,102744.55
 97066,99559.00,102744.61
 97074,99559.81,102744.33
 97083,99559.53,102744.73
 97092,99560.09,102744.69
 97100,99560.53,102744.67
 97109,99560.22,102744.70
 97117,99560.52,102745.06
 97125,99560.81,102745.02
 97134,99560.86,102744.86
 97143,99560.97,102744.81
 97151,99561.05,102744.81
 97159,99561.28,102745.19
 97167,99561.64,102745.39
 97176,99561.56,102745.02
 97184,99561.58,102745.52
 97192,99561.33,102744.86
 97201,99561.83,102745.06
 97210,99561.80,102745.22
 97219,99562.02,102745.42
 97227,99562.19,102745.11
 97234,99561.91,102745.91
 97243,99561.92,102745.31
 97251,99562.36,102745.39
 97260,99562.86,102745.55
 97269,99562.66,102745.64
 97277,99562.95,102745.73
 97286,99563.12,102744.91
 97294,99562.91,102744.84
 97302,99563.12,102745.98
 97311,99562.94,102745.42
 97319,99562.88,102745.50
 97327,99563.38,102745.58
 97337,99563.36,102745.94
 97344,99563.34,102745.33
 97353,99563.36,102745.69
 97361,99563.64,102745.77
 97370,99563.81,102745.31
 97378,99563.80,102745.69
 97387,99564.08,102745.72
 97395,99563.94,102745.78
 97404,99563.59,102745.81
 97412,99564.03,102745.52
 97421,99563.95,102745.44
 97429,99564.22,102745.66
 97438,99564.25,102745.75
 97446,99564.17,102745.38
 97454,99563.98,102745.61
 97462,99564.09,102745.83
 97471,99564.52,102745.62
 97479,99564.48,102745.97
 97487,99564.83,102746.16
 97497,99564.36,102745.66
 97505,99564.28,102745.95
 97513,99564.59,102745.95
 97522,99564.64,102745.77
 97530,99564.39,102746.20
 97539,99564.64,102746.73
 97547,99564.17,102745.41
 97556,99564.97,102745.88
 97564,99564.84,102745.75
 97573,99564.73,102746.02
 97580,99564.45,102745.95
 97589,99564.53,102745.56
 97597,99565.02,102746.08
 97606,99565.16,102745.95
 97615,99564.22,102745.73
 97623,99564.80,102745.97
 97631,99564.73,102745.78
 97640,99564.89,102745.34
 97648,99564.41,102745.50
 97657,99564.84,102746.03
 97665,99564.00,102745.56
 97674,99564.20,102746.30
 97681,99564.11,102745.50
 97691,99564.11,102745.61
 97698,99564.64,102745.55
 97707,99564.20,102745.89
 97716,99563.91,102745.05
 97724,99564.05,102745.27
 97733,99563.61,102745.92
 97742,99563.73,102745.67
 97751,99564.02,102745.61
 97759,99563.66,102745.44
 97768,99563.84,102745.36
 97776,99564.27,102745.64
 97785,99563.38,102745.16
 97793,99563.75,102746.00
 97801,99563.05,102745.62
 97814,99563.27,102745.70
 97819,99563.70,102745.91
 97827,99563.00,102745.36
 97835,99563.33,102745.83
 97844,99564.03,102746.08
 97851,99562.92,102745.48
 97859,99564.08,102745.70
 97868,99562.98,102745.44
 97876,99563.30,102745.69
 97885,99562.89,102745.31
 97893,99563.31,102746.03
 97902,99563.72,102745.34
 97911,99562.78,102745.64
 97919,99562.83,102745.23
 97927,99563.08,102745.25
 97936,99563.17,102745.69
 97943,99562.88,102744.95
 97953,99563.45,102745.34
 97961,99563.11,102745.50
 97969,99562.94,102745.77
 97977,99563.48,102745.44
 97986,99562.64,102745.91
 97994,99562.88,102745.36
 98002,99563.03,102745.08
 98011,99562.47,102745.42
 98019,99562.61,102745.38
 98028,99562.83,102744.91
 98036,99562.44,102744.66
 98045,99562.05,102745.14
 98053,99562.22,102744.52
 98061,99561.55,102744.55
 98070,99561.72,102744.86
 98078,99561.12,102744.70
 98087,99560.62,102744.47
 98095,99560.86,102744.59
 98104,99560.84,102744.42
 98111,99559.91,102744.50
 98120,99559.70,102743.95
 98128,99559.28,102744.28
 98137,99559.19,102743.64
 98145,99559.17,102743.64
 98154,99559.09,102743.28
 98162,99558.28,102742.80
 98171,99558.73,102743.08
 98179,99557.69,102743.19
 98188,99557.89,102743.33
 98196,99557.86,102743.09
 98205,99557.17,102742.72
 98212,99557.03,102742.69
 98221,99556.88,102742.52
 98229,99556.59,102741.98
 98238,99556.44,102741.83
 98248,99555.97,102741.98
 98256,99556.52,102741.91
 98263,99556.16,102742.03
 98272,99555.62,102741.67
 98280,99555.31,102741.77
 98289,99555.06,102741.42
 98297,99554.77,102741.27
 98306,99554.45,102740.95
 98314,99554.53,102741.33
 98323,99554.41,102741.27
 98332,99554.22,102741.48
 98339,99554.41,102740.91
 98348,99553.95,102741.33
 98356,99553.69,102740.97
 98365,99554.36,102740.67
 98373,99553.36,102740.80
 98381,99553.47,102740.50
 98390,99553.06,102741.06
 98399,99553.19,102740.88
 98407,99552.89,102740.53
 98416,99552.70,102740.45
 98424,99552.89,102740.44
 98432,99552.08,102740.70
 98441,99552.78,102740.30
 98449,99551.97,102740.27
 98458,99552.02,102740.12
 98466,99552.20,102740.00
 98474,99551.72,102739.98
 98483,99551.59,102740.17
 98491,99551.27,102740.12
 98500,99551.59,102740.14
 98508,99551.19,102739.70
 98516,99551.09,102739.84
 98525,99551.31,102740.34
 98533,99551.42,102740.00
 98542,99551.28,102739.77
 98550,99550.53,102739.70
 98559,99551.27,102739.69
 98567,99550.98,102739.77
 98575,99550.78,102739.28
 98584,99551.30,102739.67
 98592,99550.81,102739.53
 98601,99550.45,102739.56
 98609,99550.11,102739.80
 98617,99550.09,102740.02
 98627,99550.38,102739.48
 98634,99549.55,102739.42
 98642,99550.33,102738.89
 98651,99550.30,102740.03
 98659,99550.16,102739.52
 98668,99549.97,102739.97
 98676,99549.78,102739.09
 98686,99549.86,102739.23
 98694,99549.98,102739.28
 98702,99549.91,102739.27
 98711,99549.70,102739.39
 98719,99550.31,102739.91
 98727,99550.06,102739.92
 98735,99550.45,102739.34
 98744,99549.83,102739.88
 98753,99549.88,102739.47
 98761,99550.42,102739.59
 98770,99550.03,102739.83
 98777,99550.20,102739.45
 98787,99550.33,102740.06
 98794,99550.53,102740.02
 98803,99550.48,102739.84
 98811,99550.62,102739.92
 98820,99550.34,102739.97
 98828,99550.12,102740.19
 98837,99550.89,102740.06
 98845,99550.70,102740.56
 98854,99550.92,102740.44
 98862,99551.25,102740.11
 98871,99551.41,102740.36
 98879,99551.48,102740.89
 98888,99551.45,102740.14
 98896,99551.53,102741.22
 98905,99551.94,102740.53
 98913,99552.09,102741.17
 98922,99552.00,102741.20
 98930,99551.92,102741.28
 98938,99552.34,102741.73
 98946,99552.02,102740.80
 98955,99552.41,102741.50
 98963,99552.53,102741.12
 98971,99552.48,102742.28
 98980,99552.17,102741.83
 98988,99552.62,102741.78
 98997,99552.16,102741.77
 99006,99552.75,102742.09
 99014,99552.97,102742.22
 99022,99552.08,102742.50
 99031,99552.75,102742.31
 99039,99552.84,102742.88
 99048,99553.08,102743.00
 99056,99553.58,102742.19
 99065,99553.45,102742.95
 99073,99553.69,102743.08
 99082,99553.69,102742.86
 99089,99554.11,102743.17
 99098,99553.86,102743.73
 99107,99553.97,102743.22
 99116,99553.89,102743.62
 99123,99554.77,102743.27
 99132,99554.91,102743.58
 99140,99554.78,102743.25
 99149,99554.88,102743.62
 99157,99554.55,102743.41
 99165,99555.22,102743.83
 99174,99555.33,102743.17
 99182,99555.47,102743.48
 99191,99555.41,102744.25
 99200,99555.25,102744.05
 99208,99555.50,102744.27
 99216,99556.00,102743.73
 99225,99555.67,102743.91
 99233,99555.97,102743.92
 99242,99556.39,102744.31
 99250,99556.22,102743.73
 99258,99555.94,102744.72
 99267,99556.25,102744.58
 99276,99555.73,102744.42
 99283,99556.38,102744.19
 99292,99556.22,102744.39
 99300,99556.27,102744.72
 99309,99556.31,102744.25
 99317,99556.05,102744.47
 99326,99556.28,102744.83
 99334,99556.67,102744.44
 99342,99557.22,102744.69
 99351,99557.03,102744.47
 99359,99556.91,102744.58
 99369,99556.62,102745.03
 99376,99556.95,102744.31
 99384,99556.75,102744.30
 99393,99556.95,102744.80
 99403,99557.08,102744.80
 99411,99557.05,102744.81
 99419,99557.12,102744.50
 99428,99557.50,102744.55
 99436,99557.73,102744.98
 99444,99557.23,102744.97
 99453,99557.45,102745.06
 99461,99557.52,102745.39
 99469,99557.62,102745.05
 99478,99557.61,102745.30
 99487,99558.31,102745.23
 99494,99558.12,102744.88
 99504,99557.75,102745.67
 99511,99557.69,102745.39
 99520,99557.67,102745.08
 99528,99558.09,102745.30
 99536,99557.83,102745.78
 99545,99558.34,102745.55
 99553,99558.02,102745.28
 99562,99558.66,102745.91
 99570,99558.23,102745.41
 99579,99558.39,102745.48
 99587,99557.89,102745.48
 99595,99558.52,102745.61
 99604,99558.64,102745.48
 99612,99557.97,102745.69
 99621,99558.41,102745.75
 99629,99558.55,102745.64
 99638,99558.62,102745.94
 99646,99558.23,102745.73
 99655,99558.20,102745.30
 99663,99558.67,102745.88
 99671,99558.42,102746.17
 99680,99558.50,102745.75
 99688,99558.88,102745.80
 99697,99558.36,102745.89
 99705,99558.64,102745.83
 99714,99559.16,102745.70
 99722,99558.62,102745.97
 99730,99558.81,102746.12
 99739,99558.45,102745.67
 99748,99558.58,102746.11
 99756,99558.50,102746.33
 99764,99558.39,102746.41
 99773,99558.55,102746.53
 99781,99558.41,102745.88
 99790,99558.89,102746.19
 99798,99558.92,102746.12
 99807,99558.42,102745.55
 99815,99558.56,102746.42
 99823,99558.38,102746.20
 99831,99559.31,102746.12
 99841,99559.33,102746.48
 99849,99559.23,102746.70
 99857,99558.55,102746.11
 99865,99558.81,102746.64
 99874,99558.92,102745.97
 99883,99558.56,102746.55
 99891,99558.91,102746.55
 99899,99558.66,102746.59
 99908,99558.77,102746.50
 99917,99559.09,102746.36
 99925,99559.33,102746.30
 99934,99559.20,102746.86
 99942,99559.31,102746.80
 99950,99558.98,102746.89
 99958,99559.25,102746.52
 99967,99558.75,102746.80
 99975,99559.03,102746.47
 99984,99558.97,102746.80
 99993,99558.45,102746.72
100001,99559.06,102746.77
100010,99558.95,102746.45
100018,99558.78,102746.48
100027,99558.98,102746.42
100034,99559.03,102746.48
100042,99559.16,102746.83
100052,99559.03,102746.42
100060,99559.11,102746.64
100068,99558.97,102746.30
100077,99559.17,102746.70
100085,99558.56,102746.92
100094,99558.75,102746.58
100101,99559.22,102746.73
100110,99559.64,102746.88
100118,99559.30,102746.61
100127,99559.02,102746.80
100135,99558.64,102746.94
100143,99559.25,102746.89
100152,99559.28,102746.89
100160,99558.62,102746.80
100169,99559.38,102747.09
100178,99559.11,102747.16
100185,99559.11,102747.05
100194,99559.42,102747.16
100202,99559.45,102747.55
100211,99559.78,102747.59
100219,99559.33,102747.23
100229,99559.86,102747.66
100237,99560.00,102747.77
100245,99559.88,102747.84
100253,99559.88,102748.05
100262,99559.72,102747.83
100270,99559.88,102747.94
100279,99560.05,102748.02
100287,99560.42,102748.28
100296,99560.70,102748.39
100304,99560.30,102748.02
100312,99560.39,102747.88
100320,99560.47,102748.25
100329,99560.22,102748.06
100337,99560.16,102748.27
100346,99560.50,102748.17
100355,99560.55,102748.23
100363,99560.59,102748.05
100371,99560.45,102747.88
100380,99560.14,102748.12
100388,99560.92,102748.08
100396,99560.98,102748.47
100405,99561.05,102748.02
100413,99560.72,102748.30
100422,99560.61,102748.28
100431,99561.12,102748.67
100439,99560.36,102748.27
100448,99560.55,102748.88
100456,99561.52,102748.12
100464,99561.11,102748.22
100472,99560.48,102748.33
100481,99560.80,102747.58
100489,99560.80,102748.38
100497,99560.86,102748.83
100507,99560.62,102748.38
100515,99560.97,102748.31
100524,99560.80,102748.30
100531,99560.77,102748.28
100540,99560.80,102748.53
100548,99560.84,102748.69
100557,99560.41,102748.56
100565,99560.62,102748.77
100574,99560.97,102749.05
100582,99560.69,102748.42
100591,99560.44,102748.73
100599,99560.52,102748.36
100608,99560.92,102748.61
100616,99560.34,102748.64
100624,99560.69,102748.19
100633,99560.14,102748.44
100641,99560.39,102748.52
100650,99560.75,102748.23
100658,99560.27,102748.03
100667,99560.50,102748.33
100675,99559.95,102748.00
100684,99560.06,102747.86
100692,99559.80,102747.89
100701,99559.66,102748.27
100709,99559.36,102747.62
100718,99559.09,102747.73
100725,99558.80,102748.02
100734,99558.77,102747.52
100742,99558.70,102747.09
100751,99558.50,102747.48
100760,99558.11,102747.36
100768,99557.95,102746.81
100776,99557.14,102747.22
100785,99557.19,102747.30
100792,99557.19,102746.52
100801,99557.00,102746.81
100810,99556.50,102746.95
100818,99556.48,102746.45
100827,99556.08,102746.05
100835,99556.23,102746.23
100844,99555.28,102746.09
100852,99555.42,102745.75
100860,99555.08,102746.12
100869,99555.41,102745.91
100877,99555.12,102745.84
100885,99554.83,102745.50
100895,99554.94,102745.03
100902,99554.81,102745.45
100911,99554.06,102745.02
100920,99553.94,102745.08
100928,99553.55,102745.28
100936,99553.77,102745.02
100945,99553.69,102745.03
100953,99553.42,102744.50
100961,99552.47,102744.86
100970,99552.41,102743.88
100979,99552.61,102744.41
100986,99552.80,102744.31
100996,99552.80,102743.80
101004,99552.25,102743.98
101013,99552.02,102743.95
101020,99551.61,102743.72
101029,99551.84,102744.00
101037,99551.30,102743.50
101046,99551.05,102744.22
101054,99550.80,102743.44
101063,99550.84,102743.41
101071,99550.28,102743.25
101080,99550.28,102742.94
101088,99550.25,102742.92
101097,99550.39,102742.86
101105,99549.94,102742.94
101113,99550.14,102743.02
101122,99550.00,102742.92
101130,99550.20,102742.75
101139,99549.75,102742.48
101146,99549.12,102742.55
101155,99549.58,102742.83
101164,99549.05,102742.09
101173,99549.06,102742.02
101181,99548.94,102743.09
101190,99548.73,102742.73
101198,99549.06,102742.20
101206,99548.41,102742.78
101214,99548.59,102742.23
101223,99548.30,102742.47
101232,99547.94,102741.95
101240,99548.14,102741.80
101248,99547.81,102741.97
101256,99547.47,102741.95
101265,99547.64,102741.73
101274,99547.20,102741.47
101282,99547.44,102741.80
101290,99547.31,102742.20
101299,99547.44,102741.81
101307,99547.09,102741.80
101316,99547.06,102741.25
101325,99546.84,102741.47
101333,99546.66,102741.81
101341,99546.80,102741.12
101350,99546.73,102741.14
101358,99546.80,102741.25
101367,99546.38,102740.67
101374,99546.25,102741.41
101383,99546.33,102741.20
101391,99546.33,102741.19
101400,99545.98,102741.42
101408,99546.45,102741.06
101417,99546.09,102741.20
101425,99545.56,102740.94
101434,99545.33,102740.72
101442,99545.20,102740.95
101451,99545.36,102740.88
101459,99545.23,102740.81
101467,99545.69,102740.61
101476,99545.06,102741.05
101484,99545.09,102740.62
101493,99545.30,102740.61
101501,99545.25,102741.03
101510,99544.95,102740.59
101517,99545.14,102740.42
101526,99545.36,102740.62
101535,99544.67,102740.12
101544,99544.66,102740.64
101551,99544.97,102739.89
101560,99544.98,102740.41
101568,99544.61,102739.95
101577,99544.75,102740.27
101585,99544.66,102740.02
101594,99544.91,102740.09
101603,99544.44,102740.03
101611,99544.73,102740.22
101620,99544.00,102740.08
101628,99543.86,102739.70
101636,99543.98,102740.17
101645,99544.16,102739.86
101653,99544.03,102740.23
101662,99544.33,102739.83
101670,99543.88,102740.20
101678,99543.84,102740.45
101686,99544.34,102740.06
101695,99544.33,102740.09
101704,99543.42,102740.25
101712,99543.80,102739.61
101721,99543.80,102740.62
101729,99544.02,102740.42
101737,99544.41,102740.33
101745,99544.47,102740.31
101754,99544.62,102740.75
101763,99544.97,102740.41
101771,99544.70,102740.58
101779,99544.59,102740.70
101788,99544.36,102741.31
101796,99545.02,102741.11
101805,99544.92,102741.22
101814,99545.22,102741.22
101821,99545.06,102741.91
101830,99545.27,102740.78
101838,99545.56,102741.50
101846,99545.73,102741.41
101855,99545.66,102741.78
101864,99546.03,102741.97
101872,99546.23,102742.06
101880,99546.05,102741.95
101889,99546.42,102742.17
101897,99546.81,102742.66
101906,99547.31,102742.42
101914,99547.05,102743.12
101923,99547.05,102743.23
101931,99547.27,102742.91
101939,99547.55,102742.98
101948,99547.22,102742.80
101957,99547.67,102743.62
101966,99547.41,102743.72
101975,99548.00,102743.48
101982,99547.61,102743.98
101990,99548.03,102744.03
101999,99548.12,102743.91
102008,99547.92,102744.30
102017,99548.03,102744.28
102025,99548.75,102744.66
102033,99548.62,102744.47
102042,99548.69,102744.45
102049,99548.47,102744.38
102058,99549.06,102744.75
102067,99548.72,102745.06
102075,99549.14,102744.88
102083,99549.91,102745.12
102092,99549.11,102745.61
102100,99549.75,102744.94
102109,99549.34,102745.00
102116,99549.50,102745.42
102125,99549.56,102745.05
102133,99549.73,102745.11
102142,99549.86,102745.03
102150,99550.42,102745.39
102159,99550.17,102745.36
102167,99550.52,102745.22
102175,99550.17,102745.45
102184,99549.95,102745.73
102193,99550.50,102745.75
102201,99550.44,102745.23
102209,99550.34,102745.42
102218,99550.47,102745.47
102226,99550.39,102745.48
102234,99550.94,102745.78
102243,99550.97,102745.34
102252,99551.22,102745.97
102259,99550.52,102745.86
102269,99550.62,102745.81
102277,99550.69,102746.09
102286,99550.88,102745.97
102294,99550.95,102745.89
102302,99551.22,102746.28
102310,99551.58,102746.41
102319,99551.42,102746.17
102328,99551.66,102746.39
102336,99551.69,102746.59
102345,99551.28,102746.55
102352,99551.30,102746.25
102361,99551.89,102746.55
102369,99551.36,102746.45
102378,99551.98,102746.45
102387,99552.06,102746.67
102394,99551.97,102746.38
102403,99551.95,102746.50
102412,99551.94,102747.12
102420,99551.75,102747.08
102428,99552.56,102747.34
102437,99551.77,102746.42
102445,99551.56,102746.84
102453,99551.98,102746.86
102462,99552.20,102746.94
102470,99552.42,102746.97
102479,99552.16,102747.30
102487,99552.39,102747.28
102496,99552.03,102747.42
102504,99552.52,102747.23
102513,99552.25,102747.36
102521,99552.47,102747.91
102530,99552.70,102748.39
102538,99552.39,102747.38
102546,99552.86,102747.39
102555,99552.52,102747.70
102563,99552.19,102747.52
102572,99552.69,102747.34
102580,99553.02,102747.41
102589,99552.30,102747.12
102597,99552.78,102747.91
102606,99552.67,102747.89
102614,99552.50,102747.73
102623,99552.88,102747.67
102631,99553.17,102747.91
102640,99552.95,102747.77
102648,99552.55,102748.19
102656,99553.19,102748.02
102665,99553.09,102748.09
102673,99553.06,102748.33
102682,99553.33,102747.92
102690,99553.06,102748.42
102699,99552.80,102748.16
102707,99553.53,102748.33
102715,99553.34,102748.22
102723,99553.17,102747.98
102732,99553.12,102748.36
102742,99553.20,102748.23
102749,99553.56,102748.42
102757,99553.78,102748.58
102766,99553.66,102748.78
102774,99553.38,102748.28
102783,99552.81,102748.30
102791,99553.25,102748.75
102799,99553.08,102748.44
102808,99553.72,102748.12
102816,99553.36,102748.81
102825,99553.05,102748.33
102833,99553.25,102748.30
102842,99552.84,102748.59
102850,99553.62,102748.77
102858,99553.22,102748.48
102867,99553.77,102748.84
102875,99553.50,102749.09
102884,99553.75,102748.23
102892,99553.02,102748.86
102901,99552.98,102748.64
102909,99553.22,102748.59
102918,99552.94,102748.02
102926,99552.88,102748.47
102935,99553.33,102748.56
102943,99553.17,102748.70
102952,99552.91,102748.45
102959,99552.66,102748.28
102969,99553.14,102748.77
102977,99552.97,102748.39
102985,99552.94,102748.58
102994,99553.03,102748.77
103002,99553.20,102748.56
103010,99552.70,102748.81
103019,99553.27,102748.53
103027,99553.19,102748.16
103036,99553.00,102748.45
103044,99552.95,102748.39
103053,99552.88,102748.56
103061,99553.62,102748.36
103069,99552.75,102748.59
103077,99552.41,102748.55
103086,99552.81,102748.61
103095,99552.86,102748.27
103103,99553.34,102748.80
103111,99552.59,102748.64
103119,99552.97,102748.25
103128,99552.88,102748.67
103137,99552.22,102748.27
103145,99552.28,102748.56
103154,99552.53,102748.48
103162,99552.44,102747.81
103171,99552.17,102748.95
103179,99552.20,102748.00
103188,99551.69,102747.98
103196,99551.64,102747.88
103204,99551.91,102747.27
103213,99551.23,102747.62
103221,99551.02,102747.56
103229,99551.30,102747.52
103238,99550.91,102747.20
103247,99550.02,102747.67
103254,99549.53,102746.62
103263,99549.47,102746.58
103271,99549.06,102745.61
103280,99548.12,102746.20
103289,99547.91,102745.62
103297,99547.34,102745.47
103305,99547.14,102745.14
103314,99546.75,102744.75
103322,99545.86,102745.03
103331,99545.62,102744.59
103339,99545.66,102744.23
103348,99545.45,102744.70
103356,99545.39,102744.17
103364,99544.77,102743.56
103373,99544.61,102744.31
103381,99544.72,102744.03
103390,99544.42,102743.84
103398,99543.75,102743.67
103407,99544.16,102743.81
103415,99543.53,102743.44
103424,99543.86,102743.48
103431,99543.69,102742.89
103440,99543.62,102743.30
103448,99543.09,102743.16
103457,99543.47,102743.16
103466,99543.23,102743.36
103474,99543.34,102743.61
103482,99542.77,102743.03
103491,99542.44,102743.00
103500,99542.88,102743.09
103508,99542.22,102742.36
103517,99542.55,102743.03
103524,99542.30,102743.27
103533,99542.09,102742.80
103541,99542.25,102742.50
103550,99542.14,102742.78
103558,99541.58,102742.42
103567,99541.83,102743.08
103575,99542.14,102743.52
103584,99541.97,102742.42
103592,99541.70,102742.55
103600,99541.94,102742.20
103609,99541.91,102742.73
103617,99541.38,102742.30
103626,99541.34,102742.34
103635,99540.92,102742.11
103642,99540.69,102742.56
103651,99540.83,102741.80
103659,99540.84,102741.75
103667,99540.92,102741.62
103677,99540.41,102741.62
103684,99541.47,102741.94
103693,99540.86,102741.94
103701,99540.23,102742.12
103710,99540.38,102741.95
103719,99540.36,102741.78
103727,99540.22,102741.72
103736,99540.30,102741.30
103743,99539.94,102741.77
103752,99540.16,102741.25
103760,99539.86,102741.70
103769,99539.56,102741.33
103777,99539.50,102741.30
103786,99540.02,102741.41
103794,99539.36,102741.56
103803,99539.17,102741.08
103812,99539.36,102741.14
103819,99539.05,102740.58
103828,99539.11,102741.16
103836,99538.62,102740.81
103844,99539.73,102741.02
103854,99538.77,102740.84
103862,99538.48,102741.02
103871,99538.36,102740.88
103880,99538.64,102740.84
103889,99538.78,102740.48
103897,99538.38,102740.55
103905,99538.42,102740.62
103914,99538.20,102740.45
103922,99538.36,102741.27
103930,99538.02,102740.28
103939,99538.05,102740.62
103947,99538.11,102740.95
103956,99538.12,102740.39
103964,99538.25,102740.47
103973,99537.41,102740.44
103980,99537.39,102740.73
103989,99537.48,102740.39
103998,99537.75,102740.50
104005,99537.47,102740.72
104014,99537.97,102740.98
104022,99537.67,102740.77
104031,99537.75,102740.70
104039,99537.95,102740.70
104048,99537.95,102740.75
104056,99537.88,102741.22
104065,99538.11,102741.39
104073,99538.22,102741.02
104082,99538.64,102741.92
104090,99538.84,102741.64
104098,99538.56,102741.61
104107,99539.02,102741.50
104115,99538.91,102741.95
104123,99539.11,102741.84
104132,99539.45,102742.14
104141,99539.00,102742.64
104149,99540.39,102742.20
104157,99540.06,102743.00
104166,99540.59,102742.75
104174,99540.20,102742.52
104182,99540.81,102743.67
104191,99541.39,102743.28
104199,99540.80,102743.06
104208,99540.92,102743.64
104216,99541.80,102743.55
104225,99541.25,102743.66
104232,99541.77,102743.77
104242,99542.00,102743.91
104250,99542.27,102743.80
104258,99542.00,102743.47
104266,99542.33,102743.58
104275,99542.62,102743.78
104283,99542.58,102744.09
104292,99542.70,102744.58
104300,99542.64,102743.91
104309,99543.28,102743.92
104317,99542.61,102744.05
104326,99543.53,102744.19
104334,99542.91,102744.55
104342,99543.20,102744.25
104351,99543.64,102744.25
104359,99543.36,102744.39
104367,99543.69,102744.94
104376,99543.22,102744.78
104384,99543.34,102744.34
104393,99543.94,102744.36
104401,99543.48,102744.80
104409,99543.86,102745.05
104418,99544.31,102745.05
104427,99543.64,102745.20
104435,99544.30,102744.84
104443,99544.23,102744.66
104452,99544.25,102744.83
104460,99544.47,102745.14
104469,99543.72,102744.69
104477,99544.34,102745.08
104486,99544.45,102744.94
104494,99544.34,102745.08
104503,99544.56,102744.94
104511,99544.67,102745.11
104519,99544.53,102744.94
104528,99544.59,102745.53
104536,99544.84,102744.59
104545,99544.70,102745.19
104553,99544.62,102745.16
104562,99544.94,102744.91
104570,99544.97,102745.59
104579,99545.05,102745.34
104587,99544.98,102745.67
104595,99545.12,102744.94
104604,99544.72,102745.23
104613,99545.80,102745.48
104620,99545.00,102745.34
104629,99545.23,102745.16
104637,99545.41,102745.22
104646,99545.11,102745.66
104655,99544.98,102745.33
104663,99544.67,102745.22
104671,99544.94,102745.34
104679,99544.97,102744.91
104689,99545.14,102745.30
104697,99544.34,102745.27
104705,99545.08,102745.27
104713,99545.11,102745.50
104722,99545.34,102745.52
104730,99545.47,102745.17
104738,99545.06,102745.22
104747,99544.72,102745.22
104755,99545.33,102745.34
104764,99545.23,102745.33
104772,99544.92,102745.52
104781,99545.12,102745.25
104789,99545.11,102744.78
104798,99544.98,102745.39
104806,99545.31,102745.33
104815,99544.73,102745.56
104823,99545.06,102745.92
104831,99544.70,102745.17
104839,99545.45,102745.36
104849,99544.89,102745.45
104856,99544.86,102745.38
104865,99545.34,102745.34
104873,99545.17,102745.17
104882,99544.42,102745.53
104891,99544.52,102745.42
104899,99544.70,102745.72
104907,99544.70,102745.33
104916,99545.22,102745.52
104924,99544.64,102745.91
104932,99544.83,102745.73
104941,99544.88,102745.53
104949,99544.77,102745.53
104958,99545.05,102745.72
104966,99545.34,102745.75
104974,99545.30,102745.45
104983,99545.03,102745.77
104991,99544.88,102745.94
105000,99545.22,102745.55
105008,99544.89,102745.47
105017,99545.38,102745.30
105025,99545.23,102746.05
105034,99544.83,102746.05
105042,99545.06,102745.61
105051,99545.25,102746.09
105059,99545.20,102745.64
105068,99545.22,102745.77
105075,99545.27,102746.17
105085,99545.42,102745.89
105092,99545.50,102746.30
105102,99544.97,102746.36
105110,99545.33,102746.61
105117,99545.19,102746.44
105126,99545.45,102746.61
105135,99545.50,102746.41
105143,99545.08,102746.42
105152,99545.20,102746.44
105161,99545.06,102746.44
105169,99545.03,102745.95
105177,99544.95,102745.81
105185,99544.69,102745.80
105194,99544.62,102746.23
105202,99545.28,102746.67
105211,99544.89,102745.80
105219,99545.41,102745.53
105227,99544.97,102746.03
105236,99544.78,102746.44
105244,99544.66,102745.83
105253,99544.70,102746.58
105261,99544.80,102746.25
105270,99544.30,102746.25
105278,99544.56,102746.45
105287,99544.48,102746.44
105295,99544.75,102746.39
105304,99544.61,102745.48
105312,99544.42,102746.41
105321,99544.62,102746.39
105328,99544.84,102746.39
105337,99544.83,102745.92
105346,99544.48,102746.02
105353,99544.16,102745.83
105362,99544.14,102745.95
105371,99544.09,102746.36
105379,99543.70,102745.80
105388,99543.58,102745.86
105396,99544.28,102745.98
105405,99544.44,102745.86
105413,99543.66,102745.48
105421,99543.73,102745.69
105430,99543.45,102745.64
105438,99543.38,102745.58
105447,99543.16,102745.28
105455,99543.23,102745.23
105463,99543.30,102745.41
105472,99542.78,102745.02
105480,99542.98,102745.53
105489,99542.47,102744.88
105497,99541.94,102745.31
105506,99541.88,102745.06
105514,99542.09,102745.38
105523,99542.23,102745.38
105531,99542.52,102745.05
105540,99541.61,102744.81
105548,99542.12,102744.81
105556,99541.69,102744.91
105565,99541.53,102744.88
105573,99541.81,102744.92
105582,99541.80,102744.50
105591,99541.67,102744.94
105598,99541.67,102744.77
105607,99541.05,102744.41
105615,99541.58,102744.91
105623,99541.08,102744.55
105632,99541.05,102744.45
105641,99541.33,102744.34
105649,99540.66,102744.41
105658,99540.30,102744.14
105665,99540.61,102743.92
105674,99539.88,102743.73
105682,99540.36,102743.19
105692,99539.56,102743.55
105700,99539.42,102743.08
105708,99539.03,102743.61
105717,99538.89,102743.34
105725,99539.28,102743.08
105733,99538.67,102742.97
105742,99538.58,102743.00
105750,99538.81,102742.89
105759,99538.27,102742.80
105767,99538.22,102742.53
105776,99538.67,102742.77
105784,99538.17,102742.84
105792,99538.52,102742.94
105800,99537.92,102743.22
105810,99537.56,102742.17
105817,99537.72,102742.50
105826,99537.92,102742.44
105834,99537.39,102742.50
105843,99537.58,102742.33
105851,99537.98,102742.88
105860,99537.78,102742.28
105869,99537.44,102742.41
105877,99537.75,102742.22
105885,99537.27,102742.53
105894,99537.38,102742.03
105902,99537.70,102742.64
105910,99537.48,102742.50
105919,99537.30,102742.27
105927,99537.34,102742.62
105935,99536.75,102742.02
105945,99537.06,102741.92
105953,99536.67,102741.92
105961,99536.53,102741.78
105969,99536.75,102741.78
105977,99537.02,102742.50
105986,99536.39,102742.06
105994,99536.56,102741.86
106004,99536.73,102742.27
106011,99536.39,102742.27
106020,99536.05,102742.47
106029,99536.52,102742.45
106038,99536.34,102742.20
106046,99536.41,102742.30
106055,99536.70,102741.97
106063,99536.67,102742.14
106071,99536.44,102742.17
106080,99536.62,102742.03
106088,99535.97,102742.36
106097,99536.00,102742.16
106105,99536.02,102741.64
106113,99535.81,102742.02
106121,99536.06,102742.25
106130,99536.09,102742.27
106138,99535.88,102741.91
106147,99536.17,102741.78
106156,99536.03,102741.69
106164,99535.73,102742.22
106172,99535.59,102742.02
106180,99536.06,102742.02
106189,99535.03,102742.28
106197,99535.88,102742.03
106206,99535.56,102741.50
106214,99534.97,102741.56
106223,99535.64,102741.44
106230,99535.55,102742.34
106240,99535.12,102741.95
106248,99535.44,102741.67
106257,99534.97,102741.81
106265,99535.52,102741.84
106272,99535.72,102741.91
106282,99534.98,102741.45
106289,99535.00,102741.81
106298,99535.52,102741.58
106306,99535.11,102741.62
106315,99535.09,102741.86
106323,99534.62,102741.69
106332,99534.86,102741.16
106341,99535.05,102741.69
106349,99534.73,102741.27
106357,99534.33,102741.30
106366,99534.81,102741.19
106374,99535.08,102741.47
106383,99534.66,102741.64
106391,99534.17,102741.50
106399,99534.19,102741.62
106408,99534.55,102741.33
106417,99534.19,102741.28
106425,99534.47,102741.58
106433,99534.14,102741.39
106441,99533.61,102741.28
106450,99533.67,102741.14
106459,99533.84,102741.17
106467,99533.78,102741.23
106475,99533.77,102741.08
106484,99534.25,102741.39
106492,99533.72,102741.47
106501,99533.92,102741.25
106509,99533.42,102741.12
106517,99533.58,102740.80
106526,99533.83,102740.84
106535,99533.58,102741.05
106543,99533.61,102740.58
106551,99533.59,102741.22
106560,99533.34,102740.73
106568,99533.45,102740.45
106577,99533.81,102740.98
106585,99532.81,102740.88
106593,99533.52,102740.73
106602,99533.12,102740.88
106611,99533.23,102740.59
106618,99533.36,102740.62
106627,99532.92,102739.81
106636,99532.89,102740.45
106644,99532.70,102740.47
106652,99532.53,102740.42
106660,99532.97,102740.44
106669,99532.77,102740.22
106678,99532.48,102740.50
106686,99532.48,102740.20
106694,99532.48,102739.92
106703,99532.56,102740.48
106711,99532.06,102739.94
106720,99532.14,102740.14
106728,99532.69,102739.77
106737,99532.39,102740.28
106745,99532.27,102740.03
106753,99532.12,102740.11
106762,99532.42,102740.19
106771,99531.22,102739.78
106779,99532.27,102739.86
106787,99531.50,102739.98
106795,99531.70,102739.69
106804,99531.66,102739.53
106813,99532.09,102739.86
106821,99531.86,102739.75
106829,99531.95,102739.58
106838,99531.14,102739.14
106847,99531.48,102740.11
106854,99531.38,102739.56
106863,99531.53,102739.78
106873,99531.23,102739.62
106880,99531.39,102739.48
106888,99531.45,102739.38
106897,99531.12,102738.94
106905,99531.09,102739.30
106913,99531.06,102739.59
106923,99531.33,102739.22
106930,99530.80,102739.30
106939,99530.75,102739.47
106947,99531.17,102739.03
106956,99530.72,102738.92
106964,99530.64,102739.58
106973,99530.86,102739.44
106981,99530.83,102739.41
106990,99530.45,102739.77
106999,99530.66,102739.19
107006,99530.53,102738.83
107015,99531.00,102739.23
107023,99530.81,102739.33
107032,99530.80,102739.73
107040,99530.67,102739.12
107048,99530.58,102738.94
107057,99530.77,102739.42
107065,99530.52,102739.36
107074,99531.03,102739.14
107082,99530.50,102738.83
107091,99530.25,102738.95
107099,99530.45,102739.22
107108,99530.56,102739.16
107117,99530.48,102739.39
107124,99529.98,102739.23
107133,99530.89,102739.27
107142,99530.81,102739.08
107150,99530.91,102739.81
107159,99531.03,102739.94
107167,99531.16,102739.83
107175,99531.38,102739.69
107184,99530.89,102739.72
107192,99531.53,102740.14
107200,99531.14,102739.94
107209,99531.64,102740.31
107218,99531.77,102740.23
107226,99531.89,102740.72
107234,99532.02,102740.66
107243,99532.36,102740.45
107251,99532.44,102741.11
107260,99532.45,102741.53
107267,99533.55,102741.03
107277,99533.44,102741.20
107284,99533.98,102741.41
107294,99534.02,102741.73
107302,99534.17,102741.84
107310,99534.17,102741.62
107319,99534.61,102741.88
107326,99534.53,102742.25
107336,99535.05,102742.05
107344,99535.12,102741.92
107352,99535.27,102742.14
107361,99535.38,102742.42
107369,99535.20,102742.31
107377,99535.19,102742.64
107386,99536.14,102742.78
107394,99535.86,102742.55
107402,99535.72,102742.95
107411,99536.16,102743.25
107419,99536.98,102743.09
107428,99536.17,102742.78
107436,99536.84,102742.88
107445,99536.55,102742.88
107453,99536.56,102742.72
107462,99536.69,102743.62
107471,99537.27,102743.19
107478,99537.33,102742.92
107487,99537.25,102743.42
107495,99537.27,102743.59
107504,99537.19,102743.48
107512,99538.11,102743.14
107521,99537.94,102743.34
107529,99537.95,102743.69
107537,99537.48,102743.59
107546,99537.70,102743.05
107555,99537.55,102743.45
107563,99538.20,102743.62
107571,99537.94,102743.38
107580,99538.06,102743.50
107589,99537.81,102743.52
107597,99537.91,102743.55
107605,99538.39,102743.92
107614,99537.95,102744.39
107622,99538.31,102743.73
107631,99538.12,102743.86
107639,99538.47,102743.92
107647,99538.41,102744.09
107655,99538.64,102744.20
107664,99538.23,102744.09
107673,99538.89,102744.22
107681,99538.16,102743.80
107690,99538.47,102744.09
107697,99539.22,102744.20
107706,99538.47,102743.67
107715,99538.50,102743.97
107723,99539.11,102744.06
107731,99538.67,102743.78
107741,99539.03,102744.16
107749,99539.02,102743.94
107756,99538.88,102744.39
107765,99539.02,102744.36
107774,99538.89,102744.47
107783,99539.02,102744.42
107791,99538.94,102743.86
107800,99539.28,102744.31
107807,99538.91,102744.08
107816,99539.30,102744.50
107824,99539.48,102744.75
107833,99539.33,102744.39
107842,99538.72,102744.27
107849,99539.44,102744.55
107858,99539.41,102744.62
107866,99539.34,102744.56
107875,99539.56,102744.20
107883,99539.48,102744.55
107892,99539.22,102744.48
107900,99539.62,102744.20
107909,99539.31,102744.56
107917,99539.45,102744.05
107926,99539.31,102744.56
107934,99539.62,102744.44
107943,99539.56,102744.22
107950,99539.73,102744.89
107959,99539.39,102744.67
107967,99539.67,102744.69
107976,99539.52,102744.30
107984,99539.45,102744.41
107993,99539.69,102744.62
108001,99539.73,102744.45
108010,99539.83,102744.78
108018,99539.12,102744.44
108027,99539.67,102744.38
108035,99539.67,102744.78
108044,99539.83,102744.80
108052,99539.14,102744.14
108061,99539.45,102744.75
108070,99538.95,102743.95
108078,99539.20,102744.62
108086,99539.27,102744.48
108095,99539.55,102744.58
108103,99539.44,102744.80
108112,99539.44,102743.84
108120,99539.23,102744.31
108129,99539.52,102744.41
108136,99540.00,102744.69
108145,99539.47,102744.59
108153,99539.66,102744.67
108162,99539.39,102744.95
108170,99539.59,102744.52
108179,99539.81,102744.53
108188,99539.59,102745.11
108195,99539.20,102744.64
108204,99539.64,102744.55
108212,99539.41,102745.20
108221,99539.27,102744.56
108229,99539.50,102744.67
108238,99539.53,102744.42
108246,99539.59,102744.66
108254,99539.30,102745.05
108263,99539.52,102744.64
108272,99539.78,102744.78
108280,99539.44,102745.12
108288,99539.56,102745.23
108296,99539.16,102745.17
108305,99539.41,102744.70
108313,99539.27,102744.66
108321,99539.98,102744.92
108330,99539.36,102744.73
108339,99539.70,102745.27
108347,99539.02,102744.34
108355,99539.41,102744.50
108364,99539.08,102744.52
108373,99539.50,102744.48
108381,99539.14,102744.36
108390,99539.38,102744.75
108398,99539.19,102744.20
108406,99538.78,102744.09
108414,99538.97,102744.45
108422,99538.81,102744.05
108431,99538.05,102743.58
108439,99538.11,102743.73
108448,99537.66,102743.80
108456,99537.34,102743.11
108465,99536.91,102743.11
108474,99536.05,102742.66
108481,99535.81,102742.19
108490,99535.44,102742.41
108499,99534.89,102742.17
108507,99534.86,102741.70
108516,99534.69,102741.53
108524,99534.02,102741.58
108533,99533.75,102741.09
108541,99533.64,102741.34
108550,99533.33,102740.97
108558,99532.97,102740.92
108566,99532.78,102740.92
108575,99532.31,102741.17
108583,99532.09,102740.41
108592,99531.95,102740.31
108600,99531.83,102740.67
108609,99531.59,102740.62
108617,99532.11,102740.36
108626,99531.61,102740.03
108633,99531.25,102740.09
108642,99531.36,102740.50
108651,99531.31,102740.39
108660,99531.44,102740.17
108668,99530.81,102740.61
108676,99531.20,102739.89
108684,99531.42,102740.08
108693,99530.75,102739.61
108701,99530.88,102739.95
108710,99530.98,102739.89
108718,99531.06,102739.61
108726,99530.89,102739.95
108734,99530.25,102740.00
108743,99531.22,102739.62
108751,99530.41,102739.83
108760,99530.30,102739.86
108768,99530.16,102739.55
108777,99530.61,102739.45
108785,99530.11,102739.70
108794,99530.50,102739.34
108802,99529.80,102739.22
108811,99529.91,102739.36
108819,99530.17,102739.44
108828,99530.03,102738.94
108836,99530.23,102739.42
108845,99529.77,102739.38
108853,99529.53,102739.56
108861,99529.75,102738.89
108870,99529.52,102738.86
108879,99529.48,102738.78
108886,99529.03,102738.56
108895,99529.28,102738.73
108903,99529.22,102738.67
108912,99529.19,102739.11
108921,99529.05,102738.98
108928,99529.22,102739.11
108937,99528.91,102738.73
108945,99528.48,102738.80
108954,99528.73,102739.56
108962,99529.05,102738.80
108971,99528.59,102738.92
108979,99528.45,102738.41
108987,99529.09,102738.66
108996,99528.48,102738.91
109005,99527.84,102738.48
109013,99528.55,102738.62
109021,99528.42,102738.36
109030,99528.02,102738.30
109038,99528.44,102738.69
109047,99527.64,102738.64
109055,99527.36,102737.78
109064,99527.77,102738.36
109072,99528.09,102738.56
109081,99527.64,102738.39
109089,99527.25,102737.77
109098,99527.69,102739.11
109105,99527.61,102738.34
109114,99527.28,102738.09
109123,99527.34,102738.42
109131,99526.88,102738.42
109140,99527.45,102738.08
109148,99527.39,102737.84
109156,99527.27,102738.34
109165,99527.34,102738.08
109174,99527.09,102737.78
109181,99527.28,102738.06
109191,99526.70,102738.06
109198,99527.12,102738.44
109207,99526.86,102738.30
109215,99526.95,102738.34
109224,99526.62,102737.83
109232,99526.55,102738.38
109241,99526.64,102737.97
109249,99527.11,102738.98
109258,99527.30,102738.50
109266,99526.98,102737.72
109275,99526.73,102738.08
109283,99526.52,102738.17
109291,99526.02,102738.12
109300,99526.28,102738.38
109308,99526.73,102738.08
109317,99526.45,102737.92
109325,99526.81,102738.36
109334,99526.70,102738.08
109341,99525.97,102738.34
109350,99526.77,102738.48
109358,99526.59,102738.38
109367,99526.41,102738.41
109376,99527.11,102738.09
109384,99526.73,102738.61
109392,99527.08,102738.64
109401,99526.88,102738.38
109409,99527.12,102739.14
109418,99526.36,102739.34
109427,99526.56,102739.45
109435,99526.84,102739.00
109443,99527.17,102739.50
109451,99526.67,102739.67
109460,99527.12,102739.58
109469,99527.50,102739.27
109477,99527.36,102739.62
109486,99527.02,102740.08
109493,99527.91,102740.02
109502,99527.91,102740.22
109510,99527.69,102740.64
109519,99527.91,102740.23
109527,99529.03,102740.36
109536,99528.33,102740.55
109544,99527.72,102740.98
109553,99528.53,102741.02
109561,99528.91,102740.98
109570,99528.95,102741.17
109578,99529.08,102741.20
109587,99529.09,102741.42
109595,99529.34,102741.33
109603,99529.09,102741.66
109612,99529.80,102741.83
109620,99529.94,102741.50
109629,99529.48,102741.89
109637,99530.56,102741.34
109645,99529.97,102742.06
109654,99530.28,102741.70
109662,99530.80,102742.58
109671,99531.02,102741.77
109680,99531.11,102741.67
109687,99530.86,102742.50
109696,99530.94,102742.05
109704,99531.42,102742.55
109713,99531.31,102742.12
109721,99531.05,102741.94
109730,99531.31,102742.27
109739,99531.69,102742.58
109746,99531.80,102742.78
109755,99531.33,102742.55
109764,99532.03,102742.27
109772,99532.08,102742.58
109781,99531.17,102742.83
109788,99531.69,102742.42
109797,99532.17,102742.55
109805,99531.88,102743.05
109814,99531.44,102742.88
109822,99531.72,102743.47
109831,99531.88,102742.56
109839,99532.44,102742.59
109847,99532.16,102742.84
109856,99531.67,102742.97
109864,99532.44,102743.23
109873,99532.47,102742.98
109881,99532.22,102743.28
109890,99531.92,102743.02
109898,99532.33,102743.30
109906,99532.22,102743.09
109916,99532.19,102742.73
109924,99532.02,102742.77
109933,99532.48,102742.91
109941,99532.66,102743.02
109949,99532.52,102743.33
109958,99532.61,102742.91
109966,99532.44,102743.09
109975,99532.94,102743.39
109982,99532.80,102742.92
109991,99532.84,102743.33
110000,99532.50,102743.09
110008,99532.45,102743.09
110017,99532.09,102743.17
110025,99533.39,102742.23
110033,99532.69,102742.23
110041,99532.52,102743.11
110050,99532.69,102743.45
110059,99532.36,102742.91
110068,99532.75,102743.00
110076,99532.86,102743.02
110084,99532.78,102743.56
110094,99532.61,102742.72
110102,99532.75,102743.06
110109,99532.23,102742.98
110119,99533.19,102743.45
110127,99532.67,102743.03
110135,99532.52,102743.53
110144,99533.22,102742.84
110151,99532.70,102743.42
110161,99532.81,102743.33
110168,99532.50,102743.44
110178,99532.53,102743.16
110185,99533.27,102743.39
110194,99532.81,102743.03
110202,99532.66,102742.88
110210,99532.38,102743.02
110219,99532.69,102743.06
110227,99532.59,102743.23
110236,99532.81,102743.16
110244,99532.64,102743.34
110253,99533.12,102743.64
110261,99532.92,102743.02
110269,99532.73,102743.48
110278,99532.72,102743.08
110286,99532.70,102743.27
110295,99532.16,102743.38
110303,99533.00,102743.36
110312,99532.95,102743.52
110320,99532.88,102743.58
110328,99532.42,102743.56
110337,99532.83,102743.58
110345,99532.83,102743.64
110354,99533.06,102743.41
110362,99532.97,102743.91
110370,99533.20,102743.58
110379,99533.02,102743.23
110387,99532.80,102743.69
110396,99532.83,102743.28
110404,99532.86,102743.19
110412,99533.08,102742.98
110421,99532.81,102743.05
110429,99532.59,102743.17
110438,99532.47,102743.16
110447,99532.86,102742.73
110455,99532.91,102743.36
110464,99532.50,102743.17
110471,99532.53,102742.61
110480,99532.20,102742.42
110488,99532.36,102742.91
110497,99532.16,102742.56
110506,99532.41,102742.47
110514,99531.98,102742.41
110523,99531.84,102742.78
110531,99531.81,102742.41
110539,99531.89,102742.44
110548,99531.95,102742.36
110556,99531.70,102742.02
110564,99532.09,102741.86
110573,99531.59,102741.81
110581,99531.59,102741.39
110589,99531.30,102741.53
110598,99531.70,102741.97
110606,99531.38,102741.39
110615,99531.28,102741.91
110623,99531.36,102741.50
110632,99531.44,102741.25
110641,99530.72,102741.25
110648,99530.34,102741.05
110658,99530.52,102741.06
110666,99530.69,102741.14
110675,99529.94,102741.30
110683,99530.12,102741.28
110691,99529.16,102741.38
110700,99529.02,102741.28
110708,99529.50,102740.33
110717,99529.06,102740.73
110725,99528.19,102739.80
110734,99528.08,102740.16
110742,99527.67,102739.89
110750,99527.61,102739.67
110759,99527.38,102739.45
110766,99527.03,102739.36
110775,99526.75,102739.08
110784,99526.88,102739.22
110793,99525.75,102739.00
110800,99526.45,102738.48
110809,99525.70,102738.55
110818,99525.27,102738.00
110826,99525.28,102737.89
110834,99525.38,102737.95
110843,99525.62,102737.83
110852,99525.00,102737.77
110860,99524.42,102737.50
110869,99524.64,102737.78
110876,99524.47,102737.31
110885,99524.83,102737.20
110893,99524.47,102737.02
110902,99524.70,102736.66
110910,99524.75,102737.00
110919,99524.41,102736.75
110927,99524.53,102736.56
110936,99524.78,102736.59
110943,99524.78,102736.52
110952,99524.39,102736.81
110961,99523.77,102736.69
110969,99524.31,102736.84
110977,99523.98,102736.58
110986,99524.14,102736.16
110995,99524.17,102736.34
111003,99524.41,102736.42
111011,99524.03,102736.31
111020,99523.83,102736.42
111028,99523.31,102735.53
111037,99523.45,102736.06
111045,99523.44,102736.34
111054,99522.91,102735.86
111062,99523.67,102735.64
111070,99522.36,102735.83
111079,99523.08,102736.06
111088,99522.88,102736.09
111096,99522.75,102736.09
111104,99522.55,102735.69
111112,99522.42,102735.34
111121,99521.94,102735.69
111129,99522.31,102735.34
111138,99522.09,102735.25
111147,99522.17,102735.45
111154,99521.88,102735.48
111163,99521.56,102734.78
111171,99522.06,102734.80
111180,99521.66,102734.94
111189,99521.59,102734.61
111197,99521.22,102734.73
111206,99520.95,102734.69
111214,99520.94,102734.67
111223,99521.28,102734.89
111230,99520.52,102735.12
111239,99520.73,102734.36
111247,99520.27,102734.25
111256,99520.41,102734.34
111264,99520.38,102734.16
111272,99520.25,102733.98
111281,99520.31,102734.02
111289,99520.05,102734.30
111298,99520.09,102734.22
111307,99519.61,102733.75
111315,99519.77,102734.12
111323,99519.95,102734.14
111332,99519.72,102733.83
111340,99519.86,102733.66
111348,99519.59,102733.81
111357,99519.66,102733.86
111365,99519.44,102733.67
111374,99519.56,102733.78
111383,99519.47,102733.80
111390,99519.42,102733.58
111399,99519.30,102733.34
111407,99519.09,102733.52
111416,99519.30,102733.81
111424,99519.81,102733.59
111433,99519.09,102733.72
111442,99518.78,102732.55
111449,99519.61,102733.42
111458,99518.56,102733.28
111467,99518.72,102733.27
111475,99519.14,102733.27
111484,99519.06,102733.30
111492,99518.41,102732.91
111501,99518.72,102733.22
111509,99518.69,102732.62
111517,99518.80,102732.94
111526,99517.81,102732.78
111534,99517.97,102732.12
111543,99518.30,102732.27
111551,99517.80,102733.06
111560,99517.95,102732.45
111568,99517.95,102732.00
111577,99517.53,102732.11
111584,99517.78,102732.09
111593,99517.11,102731.86
111601,99517.55,102732.34
111610,99516.77,102731.97
111618,99516.94,102731.42
111627,99516.91,102732.03
111635,99516.92,102731.42
111644,99516.97,102731.30
111652,99517.09,102731.80
111661,99516.56,102731.50
111668,99516.81,102731.72
111677,99515.95,102731.58
111686,99516.55,102731.17
111694,99516.50,102731.31
111703,99516.48,102732.03
111711,99516.41,102731.58
111720,99516.72,102731.14
111728,99516.09,102731.28
111737,99516.38,102731.09
111745,99515.84,102730.75
111753,99515.86,102731.22
111761,99516.38,102731.27
111770,99516.03,102731.38
111778,99516.03,102731.27
111787,99515.88,102731.19
111796,99515.77,102731.67
111804,99515.86,102731.25
111812,99515.56,102731.27
111821,99515.36,102731.02
111829,99515.58,102731.31
111838,99515.27,102731.19
111846,99515.27,102731.47
111855,99515.70,102730.86
111862,99515.25,102730.73
111871,99514.95,102731.20
111879,99515.28,102731.12
111888,99515.55,102731.17
111896,99515.08,102730.73
111905,99515.08,102731.27
111913,99515.33,102731.11
111922,99515.03,102731.44
111930,99515.31,102731.00
111939,99514.92,102730.81
111947,99515.08,102730.91
111956,99515.00,102730.70
111964,99514.81,102731.03
111972,99514.56,102730.98
111981,99515.14,102730.98
111990,99514.77,102730.55
111998,99514.84,102730.86
112006,99515.19,102730.95
112015,99515.31,102731.33
112023,99514.94,102731.03
112032,99515.19,102731.11
112040,99515.31,102731.03
112049,99515.95,102731.19
112056,99515.92,102731.52
112066,99516.11,102730.94
112073,99516.34,102730.94
112082,99516.17,102731.39
112090,99516.73,102731.39
112099,99516.69,102731.47
112108,99516.80,102730.91
112117,99517.08,102731.86
112125,99517.02,102731.73
112134,99517.42,102731.33
112142,99517.50,102731.16
112150,99517.66,102731.55
112159,99517.53,102731.28
112167,99517.77,102731.59
112175,99517.69,102731.28
112183,99517.52,102731.88
112192,99517.84,102731.45
112200,99517.72,102732.08
112209,99518.27,102732.09
112217,99517.50,102731.88
112226,99517.89,102732.08
112235,99517.91,102732.12
112243,99518.00,102732.03
112251,99517.66,102732.12
112259,99518.19,102731.91
112267,99518.62,102732.39
112276,99518.30,102732.55
112285,99518.34,102732.53
112293,99518.36,102732.33
112301,99517.95,102732.67
112310,99518.84,102732.92
112318,99518.56,102733.08
112327,99518.69,102733.17
112335,99518.53,102733.81
112344,99518.75,102733.42
112352,99519.17,102733.95
112361,99518.38,102733.45
112369,99518.53,102733.45
112377,99518.61,102734.03
112385,99519.19,102733.84
112394,99518.89,102734.23
112402,99519.38,102734.00
112411,99518.89,102734.08
112419,99519.12,102733.94
112428,99518.58,102734.11
112436,99519.19,102734.59
112445,99519.16,102734.23
112453,99519.14,102734.59
112462,99518.91,102734.88
112470,99519.19,102734.59
112479,99519.84,102734.75
112487,99519.81,102734.34
112496,99519.39,102734.78
112503,99519.64,102735.09
112512,99519.97,102735.03
112520,99520.05,102735.16
112529,99520.08,102735.05
112537,99519.66,102735.11
112546,99519.92,102735.38
112554,99520.05,102735.52
112563,99520.47,102734.78
112572,99520.02,102734.95
112579,99520.55,102735.47
112589,99519.98,102735.55
112597,99520.28,102735.41
112604,99520.06,102735.22
112613,99520.58,102735.53
112622,99520.92,102736.05
112630,99520.48,102735.97
112639,99520.56,102736.30
112646,99520.91,102736.12
112656,99520.58,102736.50
112664,99520.44,102736.55
112672,99520.28,102736.28
112680,99520.94,102736.22
112690,99520.80,102736.83
112698,99520.67,102737.19
112707,99520.86,102736.88
112714,99521.14,102737.06
112723,99520.61,102737.02
112731,99521.34,102737.64
112741,99521.47,102736.92
112749,99521.70,102738.11
112757,99521.28,102737.75
112766,99521.09,102737.61
112774,99521.58,102737.47
112781,99521.14,102737.25
112790,99521.72,102737.58
112799,99521.56,102737.70
112807,99521.66,102737.78
112816,99520.91,102737.47
112824,99521.53,102737.84
112833,99522.05,102738.36
112840,99521.73,102738.02
112849,99521.97,102738.31
112858,99522.52,102738.16
112867,99521.97,102737.86
112875,99522.16,102738.19
112884,99521.98,102738.27
112892,99522.11,102738.30
112900,99522.05,102738.34
112909,99521.75,102738.83
112916,99521.73,102738.41
112925,99522.22,102738.67
112935,99522.72,102738.66
112943,99522.23,102739.16
112950,99522.44,102739.08
112959,99522.52,102738.62
112967,99522.62,102739.12
112976,99522.42,102738.67
112984,99522.33,102739.05
112993,99522.28,102739.22
113001,99522.84,102739.06
113009,99522.31,102739.16
113018,99522.69,102739.72
113026,99522.59,102739.09
113035,99522.72,102739.67
113043,99522.52,102739.27
113052,99522.58,102739.52
113060,99522.44,102739.66
113069,99523.06,102739.70
113078,99522.77,102739.23
113085,99522.50,102739.39
113094,99522.94,102739.98
113102,99523.31,102739.83
113111,99523.42,102740.02
113119,99523.39,102740.19
113128,99523.22,102739.42
113136,99523.06,102740.06
113144,99523.64,102740.02
113153,99523.14,102740.08
113161,99522.97,102739.84
113170,99523.33,102739.78
113179,99523.42,102739.84
113186,99523.48,102739.92
113195,99523.52,102740.22
113204,99523.45,102740.14
113212,99523.19,102740.62
113221,99523.55,102740.38
113229,99523.20,102740.34
113237,99523.48,102740.09
113245,99523.78,102740.42
113255,99523.61,102740.47
113262,99523.06,102740.41
113271,99523.70,102741.08
113279,99523.48,102740.53
113287,99523.86,102740.83
113296,99523.77,102740.62
113304,99523.69,102740.53
113313,99523.48,102740.94
113321,99523.48,102741.02
113330,99523.41,102741.00
113338,99523.59,102740.66
113347,99523.05,102740.95
113355,99524.30,102740.77
113364,99523.36,102740.70
113373,99523.23,102740.73
113380,99523.92,102740.80
113389,99524.42,102741.23
113397,99523.61,102740.98
113406,99524.03,102741.34
113414,99523.33,102741.30
113423,99523.89,102741.12
113431,99523.59,102741.08
113440,99523.88,102741.20
113448,99523.73,102741.27
113457,99523.67,102740.67
113465,99523.39,102741.50
113474,99524.27,102741.39
113481,99523.67,102741.28
113490,99523.53,102741.28
113499,99523.80,102741.66
113507,99523.70,102741.30
113515,99523.62,102741.36
113524,99523.42,102741.14
113533,99524.11,102741.12
113541,99523.64,102741.31
113549,99524.06,102741.06
113557,99523.66,102741.19
113566,99523.66,102741.20
113575,99523.64,102741.36
113582,99523.38,102741.19
113591,99523.44,102741.25
113600,99523.47,102741.41
113608,99523.56,102740.89
113617,99523.59,102741.41
113625,99523.23,102741.19
113633,99523.47,102741.16
113642,99523.52,102741.36
113651,99523.28,102741.59
113658,99523.44,102741.14
113667,99523.77,102741.47
113676,99523.41,102741.98
113684,99523.56,102741.25
113693,99523.47,102741.11
113701,99523.25,102741.41
113710,99523.50,102741.52
113718,99523.47,102741.53
113726,99523.25,102741.64
113735,99522.72,102741.47
113743,99523.12,102741.61
113751,99523.00,102741.45
113760,99523.39,102741.05
113769,99523.55,102741.75
113777,99523.25,102741.72
113785,99523.38,102741.28
113794,99523.59,102741.61
113802,99523.12,102741.31
113811,99523.80,102741.58
113819,99523.58,102741.64
113828,99523.27,102741.62
113835,99523.58,102741.61
113844,99523.33,102741.58
113853,99523.22,102741.47
113861,99523.30,102741.19
113870,99522.89,102741.34
113878,99523.11,102741.70
113887,99522.97,102741.64
113894,99523.02,102741.23
113903,99523.05,102741.56
113912,99523.41,102741.48
113920,99522.73,102741.50
113929,99523.14,102741.88
113937,99522.97,102741.61
113946,99522.77,102741.45
113954,99523.55,102741.67
113963,99523.03,102741.64
113970,99523.27,102741.70
113980,99523.36,102741.56
113987,99522.72,102741.66
113997,99523.33,102741.91
114005,99522.80,102741.12
114013,99522.86,102741.73
114021,99523.09,102741.58
114030,99522.95,102741.58
114038,99523.47,102741.58
114046,99523.02,102741.75
114055,99523.30,102742.05
114063,99523.03,102741.98
114072,99522.91,102742.12
114080,99523.09,102741.88
114089,99523.44,102741.58
114097,99523.23,102741.58
114106,99522.66,102741.73
114114,99522.92,102741.33
114122,99523.45,102741.48
114131,99522.56,102742.03
114140,99522.97,102741.36
114148,99522.97,102742.09
114156,99523.00,102741.45
114165,99523.34,102741.64
114173,99523.20,102741.81
114183,99523.00,102741.95
114190,99523.58,102741.64
114199,99522.94,102741.61
114207,99522.78,102741.61
114215,99523.05,102741.83
114224,99522.83,102742.03
114232,99523.09,102742.11
114241,99522.88,102741.72
114249,99523.02,102742.05
114258,99523.03,102742.09
114266,99522.75,102742.69
114275,99522.89,102742.17
114283,99523.25,102741.98
114291,99523.34,102741.58
114300,99522.64,102742.20
114308,99523.72,102742.11
114317,99523.20,102742.00
114325,99522.95,102742.06
114334,99523.34,102741.98
114341,99523.41,102742.06
114350,99523.12,102742.19
114359,99523.02,102742.16
114368,99522.67,102742.05
114375,99522.98,102741.98
114384,99523.34,102742.25
114392,99522.58,102741.73
114401,99522.67,102742.14
114409,99523.25,102742.06
114418,99523.12,102741.95
114426,99523.09,102742.33
114434,99522.98,102742.11
114443,99523.06,102742.02
114452,99523.27,102742.25
114460,99522.94,102742.38
114469,99522.73,102741.91
114477,99523.05,102741.97
114486,99523.39,102742.25
114494,99523.08,102742.20
114502,99523.27,102742.03
114511,99523.28,102742.12
114519,99523.06,102742.39
114528,99523.47,102742.42
114536,99523.58,102742.23
114544,99523.45,102742.27
114553,99523.55,102742.17
114561,99523.41,102742.38
114570,99523.45,102742.19
114577,99523.53,102741.84
114587,99523.56,102742.41
114594,99523.62,102741.92
114603,99523.44,102742.47
114612,99523.56,102742.39
114621,99523.75,102742.81
114629,99523.69,102742.06
114636,99523.23,102742.25
114646,99523.62,102742.84
114654,99523.42,102742.05
114662,99523.55,102742.12
114671,99523.53,102742.17
114678,99523.75,102742.20
114688,99523.47,102742.45
114695,99523.62,102742.25
114705,99523.92,102742.27
114712,99523.59,102742.67
114721,99523.78,102742.36
114729,99524.14,102742.84
114738,99523.72,102742.59
114746,99523.75,102742.33
114755,99524.08,102742.42
114764,99523.95,102742.56
114771,99523.73,102742.88
114781,99524.58,102742.86
114788,99524.06,102742.86
114797,99523.42,102742.47
114805,99524.33,102742.70
114814,99524.81,102742.30
114823,99524.36,102742.86
114831,99524.47,102742.80
114839,99524.42,102742.61
114848,99524.80,102742.88
114857,99524.80,102742.89
114865,99524.55,102743.11
114873,99525.02,102742.64
114882,99524.23,102742.92
114890,99524.69,102742.86
114898,99524.75,102743.11
114907,99524.89,102742.86
114915,99524.95,102742.45
114924,99525.06,102742.83
114932,99525.33,102742.78
114941,99525.28,102743.14
114948,99525.25,102742.42
114958,99525.31,102743.05
114965,99525.11,102743.39
114974,99525.09,102743.14
114983,99525.03,102742.97
114991,99525.34,102743.28
115000,99525.05,102743.36
115008,99525.52,102743.48
115016,99525.98,102742.89
115025,99525.34,102743.36
115033,99525.95,102743.06
115042,99526.16,102743.36
115050,99526.09,102743.27
115059,99526.12,102743.16
115067,99525.50,102743.58
115076,99525.77,102743.31
115084,99526.25,102743.55
115092,99526.16,102743.30
115100,99526.84,102743.64
115109,99526.39,102743.08
115117,99526.81,102743.50
115126,99526.53,102743.66
115134,99526.94,102743.11
115143,99527.41,102743.81
115151,99527.48,102743.41
115159,99527.39,102743.97
115168,99527.41,102743.72
115176,99527.89,102744.06
115185,99528.17,102743.47
115193,99528.02,102744.09
115202,99528.17,102743.83
115210,99528.23,102743.77
115218,99528.45,102744.27
115227,99528.83,102744.19
115236,99529.09,102744.06
115244,99529.62,102744.36
115253,99530.20,102744.47
115261,99530.31,102745.02
115270,99531.41,102744.84
115277,99531.61,102745.42
115286,99531.52,102744.88
115294,99531.98,102744.77
115303,99532.44,102744.91
115311,99533.02,102745.33
115320,99532.98,102745.41
115328,99533.70,102745.31
115336,99533.59,102745.00
115345,99533.58,102745.83
115353,99533.77,102745.75
115362,99534.17,102745.45
115371,99534.27,102745.83
115379,99534.23,102745.55
115387,99535.16,102745.44
115396,99534.78,102745.81
115404,99534.83,102745.88
115413,99535.27,102745.88
115421,99535.33,102746.59
115430,99535.58,102746.22
115437,99535.72,102746.39
115446,99536.55,102746.19
115455,99536.39,102746.52
115464,99536.95,102746.27
115472,99536.73,102746.44
115480,99536.91,102746.53
115489,99536.84,102746.56
115496,99537.39,102747.16
115505,99537.27,102747.36
115514,99537.27,102746.86
115522,99537.69,102746.55
115531,99537.52,102747.08
115538,99537.97,102746.52
115548,99538.12,102747.19
115555,99537.83,102747.17
115565,99538.16,102746.84
115573,99538.14,102746.75
115581,99537.94,102746.91
115590,99538.17,102746.69
115598,99538.03,102746.58
115607,99538.17,102747.19
115615,99538.50,102746.86
115623,99538.66,102747.34
115632,99538.14,102747.09
115640,99538.89,102747.47
115649,99538.31,102747.53
115657,99538.55,102747.22
115665,99538.44,102747.58
115674,99539.09,102747.41
115683,99538.81,102747.16
115690,99539.22,102747.25
115699,99539.12,102747.83
115707,99539.11,102747.30
115716,99538.77,102747.09
115725,99538.64,102747.27
115733,99538.88,102747.41
115743,99538.36,102747.02
115749,99538.50,102746.89
115758,99537.89,102747.09
115767,99537.75,102747.36
115775,99537.11,102747.17
115783,99536.89,102746.72
115792,99537.03,102747.25
115802,99536.03,102747.09
115810,99536.38,102747.09
115818,99536.52,102746.66
115826,99535.55,102747.11
115834,99535.50,102746.48
115843,99535.50,102746.89
115851,99535.16,102746.72
115860,99535.39,102746.64
115868,99534.92,102746.16
115877,99535.23,102746.66
115885,99534.86,102746.69
115893,99535.05,102746.12
115902,99534.83,102746.83
115909,99533.78,102746.41
115919,99534.06,102745.89
115926,99534.27,102745.95
115936,99534.30,102746.00
115943,99533.91,102746.09
115952,99533.88,102746.02
115961,99533.83,102745.77
115969,99533.91,102746.02
115978,99533.84,102746.27
115986,99532.94,102746.09
115994,99533.34,102745.97
116002,99533.45,102746.05
116011,99533.38,102746.16
116020,99533.42,102745.98
116028,99532.61,102745.92
116036,99533.05,102746.12
116045,99533.03,102746.33
116053,99532.97,102745.61
116062,99532.72,102746.22
116070,99532.41,102746.48
116079,99532.69,102745.50
116087,99532.05,102745.83
116095,99531.88,102745.92
116104,99532.42,102745.75
116114,99532.23,102745.72
116122,99531.64,102745.80
116131,99532.14,102745.36
116139,99531.55,102745.53
116146,99532.06,102745.42
116155,99531.66,102745.64
116163,99531.75,102745.64
116172,99531.75,102745.52
116180,99531.94,102745.92
116189,99531.42,102745.28
116198,99531.55,102746.12
116205,99531.44,102745.89
116214,99531.55,102745.70
116222,99531.28,102745.81
116231,99531.55,102745.53
116239,99531.70,102745.14
116247,99531.14,102746.19
116257,99531.53,102745.59
116265,99531.94,102746.08
116273,99531.77,102746.02
116282,99531.31,102746.12
116290,99531.44,102745.75
116298,99531.52,102745.70
116307,99531.42,102745.72
116315,99531.75,102746.05
116324,99531.88,102745.59
116332,99531.42,102745.80
116340,99531.88,102746.08
116348,99531.38,102745.75
116357,99531.89,102745.50
116365,99531.34,102746.03
116374,99531.28,102745.50
116383,99531.45,102745.64
116390,99531.14,102745.72
116399,99531.69,102746.17
116408,99532.27,102745.98
116416,99531.38,102745.64
116425,99531.67,102745.62
116433,99531.50,102746.14
116441,99531.97,102746.30
116449,99531.33,102745.84
116458,99530.67,102745.94
116466,99531.09,102745.72
116475,99531.14,102745.98
116483,99531.80,102745.84
116492,99531.59,102745.69
116500,99531.70,102745.58
116509,99530.83,102745.50
116517,99531.12,102746.02
116525,99531.39,102745.69
116534,99531.23,102745.95
116542,99531.28,102746.02
116551,99531.17,102745.86
116559,99531.36,102746.33
116568,99531.61,102745.83
116576,99531.23,102745.75
116585,99530.95,102745.42
116592,99531.20,102745.88
116601,99531.31,102745.95
116610,99531.61,102745.77
116618,99531.80,102745.62
116627,99531.94,102745.89
116635,99531.83,102746.23
116643,99531.36,102745.73
116652,99530.86,102745.92
116661,99531.89,102746.08
116669,99531.17,102745.67
116678,99531.81,102746.53
116686,99531.41,102746.61
116695,99531.61,102745.77
116702,99531.56,102746.08
116711,99531.86,102745.75
116719,99531.31,102745.62
116728,99531.72,102745.70
116736,99531.23,102745.95
116745,99531.53,102746.27
116753,99531.83,102745.88
116761,99531.36,102746.05
116771,99531.34,102745.66
116779,99531.59,102745.98
116787,99532.00,102745.84
116796,99532.19,102746.14
116803,99531.72,102746.03
116813,99531.50,102746.28
116821,99531.59,102745.69
116829,99531.77,102745.84
116837,99532.12,102745.91
116846,99531.02,102746.00
116854,99531.48,102745.97
116863,99531.73,102746.42
116871,99531.53,102745.81
116880,99531.55,102746.11
116888,99531.20,102746.08
116897,99531.11,102745.92
116905,99531.38,102745.62
116914,99531.84,102745.83
116921,99531.34,102746.02
116930,99531.27,102746.03
116939,99531.86,102746.25
116948,99531.72,102746.17
116956,99531.58,102746.28
116964,99530.88,102745.80
116972,99531.44,102746.00
116981,99531.14,102745.86
116989,99531.66,102745.98
116998,99531.64,102745.91
117006,99531.69,102746.06
117015,99531.84,102746.19
117023,99531.86,102746.08
117031,99531.59,102746.02
117040,99531.55,102745.73
117048,99531.73,102745.91
117056,99532.14,102746.53
117065,99531.88,102746.52
117074,99532.58,102746.36
117082,99532.31,102746.50
117091,99532.75,102746.52
117100,99532.31,102746.64
117107,99533.20,102746.61
117116,99532.73,102746.66
117125,99532.77,102746.77
117133,99533.48,102746.72
117142,99533.27,102747.05
117150,99533.28,102746.03
117158,99533.50,102746.70
117167,99533.58,102747.11
117175,99533.36,102746.98
117183,99533.31,102746.88
117191,99533.95,102747.23
117201,99533.56,102746.84
117209,99533.64,102747.38
117217,99533.94,102747.22
117226,99534.27,102747.55
117233,99533.89,102747.81
117242,99533.98,102747.20
117251,99534.41,102747.47
117259,99534.30,102747.09
117267,99534.20,102747.42
117276,99534.06,102747.28
117285,99534.48,102747.09
117293,99534.20,102747.67
117301,99534.53,102747.89
117309,99534.17,102747.72
117318,99534.81,102747.88
117326,99534.75,102747.95
117335,99534.28,102747.58
117343,99534.23,102747.88
117352,99534.02,102747.75
117360,99534.42,102747.94
117369,99534.66,102747.48
117377,99534.55,102747.47
117386,99534.56,102747.75
117394,99534.77,102747.81
117402,99534.20,102747.62
117411,99534.52,102747.95
117419,99534.52,102747.97
117428,99534.23,102747.98
117436,99534.34,102747.73
117445,99534.62,102747.92
117453,99534.25,102747.45
117461,99534.66,102748.41
117470,99534.44,102747.70
117478,99534.61,102748.12
117486,99534.91,102748.22
117495,99534.45,102748.62
117504,99534.77,102748.44
117511,99534.81,102747.78
117520,99534.66,102748.08
117529,99534.47,102747.61
117537,99534.80,102748.11
117545,99533.92,102748.36
117555,99535.23,102748.28
117562,99535.22,102748.59
117571,99535.31,102748.34
117579,99535.89,102748.22
117588,99534.89,102747.89
117596,99535.14,102748.16
117605,99535.42,102748.23
117613,99535.19,102748.03
117622,99534.84,102748.39
117630,99534.88,102748.23
117639,99535.45,102748.12
117647,99534.88,102748.53
117656,99535.33,102748.30
117663,99535.00,102748.45
117672,99535.59,102748.16
117681,99535.45,102748.25
117690,99535.08,102748.25
117697,99535.69,102748.20
117706,99535.33,102748.64
117715,99535.11,102748.09
117723,99535.38,102748.77
117732,99535.12,102748.64
117740,99535.34,102748.77
117749,99535.59,102748.56
117757,99535.27,102748.50
117765,99535.30,102747.92
117774,99534.91,102748.52
117781,99535.62,102748.88
117791,99535.70,102748.62
117799,99535.50,102748.88
117807,99535.69,102748.81
117815,99535.44,102748.72
117825,99535.56,102748.67
117832,99535.61,102748.67
117841,99535.89,102748.27
117849,99535.75,102748.14
117857,99535.55,102748.84
117866,99535.28,102749.05
117874,99535.64,102748.53
117883,99535.17,102748.86
117891,99535.70,102749.05
117900,99535.97,102748.81
117908,99536.19,102749.14
117917,99535.50,102748.39
117925,99535.41,102748.80
117934,99535.55,102748.53
117942,99535.69,102749.02
117950,99535.64,102749.05
117959,99535.73,102748.66
117967,99535.89,102748.77
117976,99536.14,102749.02
117985,99535.53,102748.83
117992,99535.98,102748.81
118001,99535.83,102748.88
118009,99535.84,102748.83
118018,99535.44,102748.94
118026,99535.84,102748.86
118034,99535.66,102749.09
118043,99535.88,102749.00
118051,99535.67,102748.61
118060,99536.39,102749.02
118068,99536.00,102749.47
118077,99536.30,102748.72
118085,99536.56,102748.84
118093,99535.62,102748.55
118102,99535.84,102749.05
118110,99535.91,102749.19
118119,99535.77,102749.62
118128,99535.95,102749.62
118137,99536.11,102748.81
118145,99536.34,102748.89
118153,99535.92,102749.25
118162,99536.05,102748.86
118170,99536.22,102749.14
118179,99536.00,102748.73
118188,99535.97,102748.92
118195,99535.64,102748.89
118204,99535.91,102749.09
118212,99536.16,102749.48
118221,99536.47,102749.55
118229,99535.94,102748.81
118238,99536.08,102749.16
118246,99536.36,102749.27
118255,99536.25,102749.28
118263,99536.00,102749.16
118271,99535.91,102748.84
118280,99536.48,102749.38
118288,99536.30,102749.41
118296,99536.61,102749.41
118305,99536.08,102749.38
118313,99536.41,102749.11
118322,99536.38,102749.02
118330,99535.81,102749.34
118339,99536.27,102749.27
118347,99536.41,102749.67
118356,99536.47,102749.12
118364,99536.61,102749.36
118371,99536.08,102749.08
118380,99536.55,102749.42
118390,99536.47,102749.36
118398,99536.78,102749.31
118406,99536.62,102749.61
118415,99536.44,102749.48
118422,99535.91,102749.16
118431,99536.19,102749.56
118440,99536.11,102749.23
118447,99536.89,102749.03
118456,99536.25,102749.19
118464,99536.19,102749.31
118473,99536.20,102749.05
118481,99536.42,102749.45
118490,99536.36,102749.41
118498,99536.48,102749.25
118507,99536.58,102749.38
118515,99536.06,102749.27
118524,99536.50,102748.91
118532,99536.28,102749.44
118541,99536.19,102749.59
118549,99536.02,102749.14
118558,99535.91,102749.03
118566,99536.42,102749.28
118574,99536.52,102749.36
118583,99536.56,102748.95
118591,99535.92,102749.30
118599,99536.39,102749.00
118608,99536.14,102749.53
118616,99536.55,102749.20
118625,99536.36,102749.28
118633,99536.84,102749.56
118641,99536.03,102749.02
118650,99536.09,102749.02
118658,99536.14,102749.67
118667,99536.41,102749.39
118676,99536.17,102749.52
118684,99535.88,102749.34
118693,99536.12,102749.45
118701,99536.14,102749.52
118710,99536.38,102749.45
118718,99535.81,102749.30
118726,99536.38,102749.45
118735,99535.84,102749.52
118743,99535.91,102749.53
118752,99536.28,102749.33
118760,99535.95,102749.25
118768,99535.97,102749.16
118778,99535.53,102749.53
118786,99536.00,102749.23
118794,99535.64,102748.95
118802,99535.73,102749.39
118810,99535.78,102749.48
118819,99535.94,102749.42
118827,99536.27,102749.03
118836,99535.88,102748.83
118845,99536.14,102749.50
118852,99535.97,102749.33
118862,99535.86,102749.30
118869,99535.55,102749.02
118878,99535.97,102749.38
118887,99535.97,102749.36
118895,99535.98,102749.16
118903,99536.16,102749.17
118912,99535.98,102749.06
118920,99536.12,102749.05
118928,99535.78,102748.95
118937,99535.64,102749.30
118945,99535.70,102749.17
118954,99536.25,102748.61
118962,99536.03,102749.27
118971,99536.17,102749.98
118979,99535.89,102749.67
118987,99536.00,102749.36
118996,99536.11,102749.34
119004,99536.08,102749.55
119013,99535.72,102749.47
119021,99536.08,102749.45
119030,99536.47,102749.22
119038,99535.81,102749.22
119047,99535.91,102748.92
119055,99535.78,102749.94
119064,99535.88,102749.33
119072,99535.78,102749.47
119081,99535.50,102749.42
119088,99535.89,102749.28
119098,99535.72,102749.02
119105,99535.98,102749.34
119114,99536.41,102749.91
119123,99535.91,102748.92
119130,99535.73,102749.45
119140,99535.53,102749.44
119148,99536.16,102749.05
119157,99535.92,102749.25
119165,99535.45,102749.34
119173,99535.56,102748.95
119181,99535.98,102749.16
119190,99536.06,102749.09
119198,99535.78,102749.05
119206,99535.97,102749.11
119216,99535.98,102749.36
119223,99535.91,102749.73
119232,99535.81,102749.23
119240,99535.78,102749.05
119249,99535.50,102749.55
119258,99535.56,102749.75
119266,99535.88,102749.16
119274,99535.91,102749.28
119283,99535.53,102749.23
119291,99535.70,102749.62
119300,99536.03,102749.20
119308,99535.91,102749.53
119316,99535.75,102750.17
119325,99535.67,102749.48
119333,99535.88,102749.20
119342,99535.69,102748.83
119350,99535.98,102749.53
119358,99535.73,102749.17
119367,99535.77,102749.50
119375,99535.81,102749.38
119384,99535.80,102749.12
119392,99535.97,102749.61
119400,99535.97,102749.73
119409,99535.69,102749.80
119417,99535.52,102749.52
119426,99535.52,102749.56
119434,99536.11,102749.16
119443,99536.22,102749.61
119451,99535.59,102749.19
119460,99535.80,102749.55
119468,99535.89,102749.31
119477,99535.59,102749.80
119486,99536.23,102749.48
119493,99536.19,102749.11
119502,99535.89,102749.28
119510,99535.89,102749.62
119519,99536.11,102749.62
119527,99536.16,102749.12
119535,99535.98,102749.61
119544,99535.92,102749.62
119552,99535.62,102749.88
119561,99536.11,102749.53
119569,99536.02,102749.52
119578,99535.88,102749.48
119586,99535.97,102749.77
119595,99536.08,102749.45
119603,99536.08,102749.50
119611,99536.53,102749.58
119620,99535.72,102749.44
119628,99536.03,102749.44
119637,99536.17,102749.53
119645,99536.16,102749.48
119654,99535.88,102749.70
119662,99536.16,102750.11
119670,99536.56,102749.33
119679,99535.72,102749.70
119687,99536.31,102749.66
119696,99536.02,102749.97
119705,99536.61,102749.55
119712,99536.27,102750.12
119721,99536.83,102749.52
119730,99536.45,102750.33
119738,99536.83,102749.97
119747,99536.69,102749.95
119755,99537.45,102750.08
119764,99536.84,102750.17
119772,99537.58,102750.14
119781,99537.27,102750.20
119789,99537.69,102750.38
119798,99537.81,102750.17
119806,99538.05,102750.45
119814,99537.89,102750.55
119822,99538.86,102750.72
119831,99538.70,102750.91
119839,99538.39,102750.67
119848,99538.81,102751.31
119856,99539.33,102750.61
119864,99539.95,102751.31
119873,99540.14,102751.38
119881,99540.52,102751.03
119889,99540.59,102751.12
119898,99540.55,102751.47
119906,99540.81,102751.14
119915,99540.94,102751.55
119923,99541.30,102751.25
119932,99541.70,102751.81
119940,99541.45,102751.11
119949,99541.42,102751.58
119957,99541.64,102751.16
119966,99541.14,102751.52
119974,99541.58,102751.86
119983,99541.50,102751.34
119990,99541.73,102751.36
120000,99541.64,102751.70
120008,99541.31,102751.47
120016,99541.36,102751.72
120025,99541.55,102751.50
120033,99541.31,102751.55
120042,99541.56,102751.66
120050,99540.59,102751.08
120059,99540.83,102751.16
120067,99540.28,102751.58
120075,99540.73,102751.22
120084,99539.94,102751.22
120092,99539.92,102751.50
120101,99539.67,102751.41
120108,99539.19,102751.09
120118,99538.75,102750.75
120125,99539.38,102750.75
120134,99539.11,102750.94
120142,99538.84,102750.27
120151,99538.98,102750.72
120159,99538.27,102750.50
120168,99538.66,102750.09
120177,99538.59,102751.00
120186,99538.66,102750.72
120195,99538.06,102750.52
120202,99537.91,102750.38
120211,99538.14,102750.39
120220,99538.34,102750.52
120228,99538.03,102750.58
120236,99538.16,102750.22
120245,99538.31,102750.34
120253,99538.44,102750.38
120261,99538.23,102750.39
120270,99538.23,102750.61
120278,99538.19,102750.92
120287,99538.17,102750.86
120295,99538.42,102750.50
120304,99538.34,102751.38
120312,99538.61,102750.58
120320,99539.02,102750.12
120329,99538.53,102750.86
120337,99539.11,102751.00
120346,99539.09,102751.12
120354,99539.25,102750.80
120362,99539.38,102750.86
120370,99539.50,102751.31
120379,99539.73,102750.97
120387,99540.00,102751.31
120395,99540.38,102751.58
120404,99540.33,102751.59
120412,99540.97,102751.98
120420,99541.64,102751.83
120430,99541.72,102752.19
120438,99542.16,102752.09
120446,99542.50,102752.16
120455,99542.91,102752.73
120463,99543.31,102752.56
120472,99543.55,102752.31
120480,99543.73,102752.47
120488,99544.11,102752.81
120497,99544.34,102752.88
120505,99544.03,102752.88
120515,99544.58,102753.53
120523,99545.38,102753.02
120530,99544.83,102753.12
120540,99545.02,102753.34
120547,99545.72,102753.44
120555,99545.28,102753.45
120564,99545.50,102753.64
120572,99546.00,102753.81
120581,99546.16,102753.22
120589,99546.39,102753.77
120598,99546.56,102753.86
120607,99545.77,102753.31
120615,99546.23,102753.75
120623,99546.83,102753.31
120631,99546.95,102753.70
120641,99546.75,102753.70
120649,99546.59,102753.38
120656,99546.66,102753.73
120665,99546.88,102753.97
120673,99546.89,102753.70
120682,99547.44,102754.11
120690,99546.88,102753.70
120699,99547.14,102753.77
120708,99547.23,102753.98
120716,99546.94,102754.05
120724,99547.02,102753.81
120733,99547.62,102753.73
120741,99547.25,102753.66
120750,99547.20,102754.16
120758,99546.77,102753.72
120767,99546.94,102753.55
120775,99546.75,102754.00
120784,99546.23,102753.16
120792,99545.86,102753.69
120800,99545.75,102753.33
120808,99545.70,102753.45
120818,99545.62,102753.17
120826,99545.16,102753.41
120834,99545.03,102752.94
120842,99544.28,102752.98
120851,99544.44,102752.77
120859,99544.45,102752.59
120867,99544.11,102752.83
120876,99544.45,102752.78
120885,99543.70,102752.16
120893,99543.34,102753.00
120902,99543.80,102752.70
120910,99543.14,102752.12
120918,99543.44,102752.64
120926,99543.14,102752.55
120935,99542.69,102752.81
120943,99542.67,102752.66
120952,99542.33,102752.61
120961,99542.09,102752.48
120969,99542.56,102752.23
120978,99542.28,102752.27
120986,99542.03,102752.05
120994,99542.14,102752.34
121002,99542.23,102752.14
121011,99542.22,102752.30
121019,99542.55,102752.41
121028,99541.98,102752.52
121036,99541.95,102752.42
121045,99542.75,102752.61
121053,99542.78,102752.59
121062,99543.06,102752.44
121070,99543.33,102752.91
121079,99543.38,102752.88
121087,99544.28,102753.14
121096,99544.27,102753.64
121104,99544.56,102753.67
121112,99544.91,102753.67
121120,99545.36,102753.75
121129,99545.89,102753.31
121137,99545.91,102753.36
121146,99546.27,102754.19
121155,99546.45,102754.00
121162,99546.83,102754.80
121171,99546.80,102754.41
121180,99547.17,102755.12
121189,99547.78,102754.53
121196,99548.30,102754.48
121205,99547.83,102754.84
121214,99548.27,102755.20
121222,99548.61,102755.72
121231,99548.75,102755.28
121239,99548.89,102755.20
121247,99549.77,102755.78
121255,99549.08,102756.38
121264,99549.41,102755.88
121272,99550.48,102755.86
121281,99550.14,102755.81
121289,99549.83,102756.03
121298,99550.73,102756.00
121306,99550.42,102756.08
121315,99550.52,102756.16
121323,99550.94,102756.44
121331,99550.77,102756.22
121340,99551.30,102756.47
121348,99551.59,102756.22
121357,99551.61,102756.00
121365,99551.38,102756.27
121374,99551.83,102756.00
121382,99552.30,102755.67
121390,99551.47,102756.14
121399,99552.00,102756.30
121407,99551.42,102756.05
121416,99551.77,102756.30
121424,99551.77,102756.31
121433,99552.09,102756.31
121441,99552.44,102756.52
121449,99552.25,102756.11
121458,99552.44,102756.42
121466,99551.59,102756.14
121475,99552.28,102756.02
121483,99551.94,102755.89
121492,99551.98,102756.23
121500,99551.52,102755.80
121508,99551.83,102755.67
121517,99551.05,102756.22
121525,99551.02,102755.80
121534,99550.56,102755.53
121542,99550.41,102755.41
121550,99549.78,102754.73
121559,99549.52,102755.17
121567,99548.84,102755.00
121576,99548.89,102754.44
121584,99548.02,102754.67
121592,99547.81,102754.70
121601,99547.61,102754.50
121610,99547.17,102754.50
121618,99546.86,102754.41
121627,99546.53,102754.39
121635,99546.44,102754.09
121643,99546.66,102754.11
121652,99546.55,102753.98
121661,99546.28,102754.58
121669,99546.56,102753.66
121677,99546.25,102754.38
121686,99545.77,102753.86
121694,99546.88,102754.02
121702,99546.20,102753.75
121711,99546.17,102753.84
121719,99545.28,102754.28
121727,99546.20,102753.66
121736,99545.86,102753.14
121745,99546.30,102753.91
121753,99545.64,102753.50
121761,99545.62,102753.78
121770,99545.88,102753.45
121778,99545.83,102754.16
121787,99545.88,102753.52
121795,99545.72,102753.42
121804,99545.22,102754.53
121813,99545.58,102753.44
121820,99546.28,102754.25
121829,99546.19,102753.50
121837,99546.67,102753.77
121846,99546.95,102754.70
121854,99546.80,102754.20
121863,99547.80,102754.36
121871,99548.02,102754.72
121880,99547.91,102754.92
121888,99548.61,102754.25
121897,99548.36,102754.97
121905,99549.31,102754.94
121913,99549.03,102755.41
121922,99548.95,102755.20
121931,99549.88,102755.59
121939,99550.25,102755.83
121947,99550.34,102755.89
121956,99550.92,102756.27
121964,99551.20,102755.92
121972,99551.45,102756.09
121981,99551.23,102756.20
121989,99551.55,102755.73
121997,99551.42,102756.31
122007,99551.62,102756.28
122015,99551.88,102756.05
122023,99552.03,102756.30
122031,99552.62,102757.17
122040,99552.38,102757.08
122048,99552.70,102757.11
122057,99552.23,102757.22
122066,99552.81,102756.72
122073,99553.25,102756.64
122082,99553.20,102757.11
122090,99553.44,102756.77
122099,99553.28,102756.81
122107,99553.05,102756.61
122116,99552.70,102756.52
122124,99552.36,102756.36
122132,99552.67,102756.34
122141,99552.67,102756.44
122149,99552.92,102756.84
122158,99552.78,102755.95
122166,99551.70,102756.50
122174,99552.12,102756.44
122183,99551.61,102755.92
122192,99550.73,102755.91
122200,99550.53,102755.97
122208,99550.39,102755.97
122217,99549.48,102755.56
122226,99549.64,102754.52
122235,99548.95,102754.84
122242,99549.52,102755.17
122251,99548.48,102754.66
122259,99548.16,102754.19
122268,99548.09,102754.20
122276,99548.08,102754.48
122285,99547.47,102754.30
122293,99547.52,102754.12
122301,99547.45,102754.05
122310,99547.22,102753.91
122319,99547.02,102754.25
122327,99546.69,102753.78
122335,99547.25,102753.92
122344,99547.05,102754.16
122351,99547.09,102753.83
122360,99546.66,102753.84
122369,99546.84,102753.44
122377,99546.44,102754.34
122386,99546.92,102753.83
122394,99546.89,102753.19
122402,99546.47,102753.78
122411,99546.84,102753.58
122419,99546.27,102753.58
122427,99546.83,102753.66
122436,99546.72,102753.88
122444,99546.75,102753.88
122452,99546.70,102753.73
122461,99546.58,102753.67
122469,99546.66,102754.09
122478,99546.66,102753.50
122486,99546.20,102753.91
122495,99546.81,102754.17
122503,99546.95,102753.59
122512,99546.58,102753.41
122520,99546.22,102753.78
122529,99546.39,102753.78
122537,99546.31,102753.77
122546,99545.86,102753.64
122554,99546.12,102753.86
122563,99546.19,102753.55
122571,99546.12,102754.12
122580,99546.38,102753.88
122587,99546.41,102753.59
122596,99546.19,102753.81
122605,99546.03,102753.97
122613,99546.34,102753.72
122622,99546.41,102753.95
122630,99546.06,102754.22
122639,99546.66,102753.80
122647,99546.25,102754.23
122655,99546.92,102753.97
122663,99546.95,102753.75
122672,99547.02,102754.56
122681,99547.12,102754.28
122689,99546.88,102754.55
122697,99547.69,102754.47
122706,99547.17,102754.09
122714,99548.17,102754.12
122723,99547.89,102754.97
122732,99548.17,102754.56
122739,99548.48,102755.48
122748,99548.91,102755.00
122756,99548.16,102754.75
122764,99548.72,102754.89
122773,99549.33,102755.00
122782,99548.75,102755.92
122790,99548.83,102755.27
122799,99549.08,102755.55
122807,99549.39,102755.09
122815,99549.50,102755.27
122824,99549.19,102755.52
122832,99549.66,102755.47
122841,99549.44,102755.66
122850,99549.34,102755.33
122858,99549.38,102755.30
122866,99549.41,102755.53
122874,99549.58,102755.30
122883,99549.22,102754.92
122891,99549.36,102755.20
122900,99549.59,102755.16
122908,99549.55,102755.12
122917,99549.53,102755.19
122925,99549.70,102755.25
122933,99549.88,102755.34
122942,99550.03,102755.59
122950,99549.59,102755.58
122958,99549.77,102755.22
122967,99550.11,102755.69
122976,99550.16,102755.14
122984,99549.72,102755.03
122992,99550.06,102755.12
123001,99549.72,102755.33
123009,99549.89,102755.38
123018,99550.33,102755.41
123026,99550.02,102755.53
123034,99550.59,102755.70
123043,99549.84,102755.69
123051,99550.44,102755.59
123060,99550.02,102754.91
123068,99550.30,102755.08
123077,99550.50,102755.55
123085,99550.50,102755.47
123094,99550.05,102755.19
123102,99550.30,102755.66
123110,99550.16,102755.16
123119,99550.14,102755.66
123127,99550.45,102755.44
123136,99550.56,102755.58
123144,99550.05,102755.83
123153,99550.23,102755.33
123161,99550.52,102755.59
123169,99550.78,102755.67
123178,99550.36,102755.38
123187,99550.50,102755.67
123195,99550.30,102755.52
123203,99550.48,102755.58
123211,99550.20,102755.41
123220,99550.52,102755.45
123228,99550.55,102755.81
123237,99550.28,102755.73
123245,99550.55,102755.84
123254,99550.23,102755.75
123262,99550.56,102755.97
123271,99550.56,102755.80
123279,99550.72,102755.67
123287,99550.33,102756.19
123296,99550.33,102755.92
123304,99550.70,102756.14
123313,99551.08,102756.06
123321,99550.92,102755.77
123330,99551.14,102755.84
123338,99551.00,102756.42
123347,99550.94,102756.11
123355,99551.42,102756.47
123364,99550.62,102756.53
123372,99551.14,102755.50
123380,99551.73,102755.36
123389,99551.31,102755.81
123397,99551.53,102756.58
123406,99551.06,102756.78
123414,99551.62,102756.06
123422,99551.59,102756.34
123431,99551.41,102756.08
123439,99551.19,102755.92
123448,99551.66,102755.73
123456,99551.59,102756.64
123464,99552.20,102756.27
123473,99551.47,102756.41
123482,99551.83,102756.56
123490,99552.19,102756.45
123499,99551.59,102756.48
123506,99551.56,102756.30
123515,99551.58,102756.31
123524,99551.89,102756.28
123532,99551.95,102756.69
123540,99551.70,102756.34
123549,99551.77,102756.50
123557,99551.50,102756.31
123566,99551.73,102756.84
123574,99551.83,102756.25
123583,99551.61,102756.22
123591,99551.64,102756.20
123600,99551.62,102756.23
123608,99551.73,102756.23
123616,99551.88,102756.45
123625,99551.50,102756.61
123633,99551.86,102756.00
123641,99551.59,102756.69
123650,99551.92,102756.39
123659,99551.98,102756.42
123668,99551.73,102756.39
123675,99552.08,102756.59
123684,99552.31,102756.84
123693,99552.39,102756.56
123701,99551.75,102756.66
123709,99551.94,102756.39
123718,99552.31,102756.42
123726,99552.56,102756.64
123734,99552.38,102756.38
123743,99552.23,102755.97
123751,99552.12,102756.56
123759,99552.53,102756.38
123768,99552.08,102756.25
123777,99551.78,102756.22
123785,99552.44,102756.36
123793,99552.44,102756.38
123802,99552.64,102756.45
123811,99552.05,102756.77
123819,99552.17,102756.64
123827,99552.33,102756.45
123835,99552.58,102756.47
123844,99552.58,102756.61
123852,99552.02,102757.00
123861,99552.56,102756.84
123869,99552.52,102756.25
123878,99552.88,102756.59
123886,99552.83,102756.58
123895,99552.73,102756.84
123903,99552.36,102756.33
123911,99552.89,102756.42
123919,99552.77,102756.84
123928,99552.66,102756.31
123936,99552.75,102756.91
123945,99552.77,102756.97
123953,99552.39,102756.36
123962,99552.73,102756.59
123970,99552.41,102756.50
123979,99552.38,102757.11
123988,99552.62,102756.75
123996,99552.55,102756.27
124004,99552.38,102756.69
124012,99552.44,102757.14
124021,99552.61,102756.77
124030,99552.09,102756.66
124038,99551.92,102756.73
124046,99551.92,102756.58
124055,99552.45,102756.44
124064,99552.58,102756.50
124071,99551.94,102756.66
124080,99552.28,102756.77
124088,99552.17,102756.59
124097,99552.48,102756.91
124106,99551.75,102756.38
124114,99551.81,102756.11
124122,99551.48,102756.77
124131,99552.16,102756.33
124139,99551.75,102756.55
124148,99551.78,102756.77
124156,99552.61,102756.84
124164,99551.50,102756.70
124173,99551.62,102756.03
124182,99551.67,102756.27
124190,99551.55,102756.12
124199,99551.77,102756.22
124206,99551.47,102756.22
124215,99552.11,102756.34
124223,99551.47,102756.08
124232,99551.39,102755.83
124240,99551.78,102755.89
124249,99551.72,102756.20
124258,99551.42,102756.08
124266,99551.52,102756.64
124275,99551.17,102755.88
124284,99551.31,102756.28
124291,99550.83,102755.77
124301,99550.84,102756.12
124309,99550.52,102756.03
124316,99550.83,102756.39
124325,99550.39,102756.02
124334,99550.58,102756.09
124342,99550.83,102756.06
124351,99549.56,102755.83
124358,99549.94,102755.73
124367,99549.70,102755.45
124376,99549.67,102755.80
124384,99549.69,102755.72
124392,99549.36,102755.59
124401,99549.89,102755.95
124409,99549.45,102755.34
124418,99549.42,102755.45
124426,99549.23,102755.25
124435,99548.75,102755.44
124442,99548.92,102755.48
124451,99548.97,102755.20
124460,99548.52,102755.42
124468,99549.19,102755.34
124477,99548.59,102755.41
124485,99548.81,102754.94
124494,99548.91,102755.09
124502,99548.77,102755.31
124511,99548.41,102755.19
124518,99548.52,102755.22
124527,99548.14,102755.20
124536,99548.30,102755.06
124543,99548.55,102755.20
124552,99548.28,102755.31
124560,99548.50,102755.69
124569,99548.27,102755.09
124578,99548.52,102754.98
124585,99548.62,102754.92
124594,99548.28,102755.47
124603,99548.62,102754.92
124612,99548.02,102755.17
124620,99548.33,102755.66
124629,99548.16,102755.38
124636,99548.09,102755.28
124645,99548.11,102754.91
124654,99548.47,102755.05
124661,99547.94,102755.30
124670,99547.92,102755.22
124679,99547.42,102755.06
124687,99547.61,102755.59
124695,99547.98,102755.50
124704,99547.81,102755.25
124712,99547.66,102755.55
124721,99547.66,102754.92
124729,99547.50,102755.20
124738,99547.30,102754.95
124746,99547.67,102754.86
124754,99547.17,102755.03
124763,99547.22,102755.19
124771,99547.58,102754.89
124780,99547.94,102755.16
124789,99547.00,102755.17
124796,99547.67,102754.92
124805,99546.97,102755.22
124813,99547.34,102755.16
124821,99547.19,102755.06
124830,99547.19,102754.78
124839,99546.81,102755.23
124847,99547.00,102755.31
124856,99547.30,102754.64
124864,99546.81,102754.98
124873,99547.08,102754.86
124881,99546.88,102754.67
124890,99547.39,102755.09
124898,99547.03,102754.66
124906,99546.53,102754.83
124915,99546.70,102754.72
124923,99546.34,102754.83
124932,99546.73,102754.23
124940,99546.98,102754.61
124949,99546.41,102754.73
124957,99546.98,102754.69
124966,99546.78,102754.70
124974,99546.72,102754.25
124982,99546.80,102754.61
124991,99546.69,102754.45
124999,99546.62,102753.98
125008,99546.30,102754.47
125016,99546.62,102754.55
125024,99547.22,102754.58
125033,99546.30,102754.14
125041,99546.20,102755.38
125049,99545.98,102754.33
125058,99546.66,102754.61
125066,99546.67,102754.78
125075,99546.56,102754.77
125083,99546.14,102754.78
125091,99545.88,102754.34
125100,99546.38,102754.31
125108,99546.31,102754.61
125117,99546.53,102754.28
125125,99546.00,102754.30
125134,99546.09,102754.77
125142,99546.44,102754.58
125151,99546.34,102754.66
125160,99546.08,102754.75
125168,99545.97,102754.66
125176,99546.56,102754.70
125185,99545.75,102754.84
125193,99546.28,102754.78
125202,99546.53,102754.59
125209,99546.00,102754.47
125218,99546.80,102754.64
125227,99546.66,102754.50
125235,99546.64,102754.45
125244,99546.97,102754.47
125252,99546.98,102754.98
125260,99547.39,102754.92
125269,99547.17,102754.69
125277,99546.98,102754.94
125286,99547.58,102755.22
125294,99547.50,102755.06
125302,99547.53,102754.89
125311,99547.48,102755.31
125320,99547.53,102754.98
125327,99547.17,102755.73
125336,99548.11,102755.58
125345,99547.97,102756.02
125354,99548.59,102755.25
125361,99548.92,102755.53
125370,99548.61,102755.41
125378,99548.78,102755.12
125387,99548.91,102755.16
125395,99549.28,102755.62
125404,99549.08,102755.84
125412,99549.03,102755.52
125420,99549.36,102755.38
125429,99549.70,102755.80
125437,99549.77,102755.80
125446,99549.77,102755.64
125454,99549.91,102755.66
125463,99550.12,102756.17
125471,99550.22,102756.12
125479,99550.05,102756.11
125488,99550.61,102756.20
125496,99550.75,102756.06
125505,99550.47,102755.70
125513,99550.39,102755.75
125522,99550.75,102756.09
125530,99551.09,102756.20
125538,99550.98,102756.08
125547,99551.33,102756.23
125555,99551.48,102756.09
125564,99551.16,102755.94
125573,99550.66,102756.31
125581,99551.27,102756.34
125590,99551.09,102756.17
125598,99551.20,102756.22
125606,99551.12,102756.56
125615,99552.08,102756.78
125623,99551.22,102756.38
125631,99552.08,102755.91
125640,99551.84,102756.41
125648,99551.78,102756.17
125657,99552.08,102756.20
125665,99551.78,102756.12
125674,99551.47,102756.38
125681,99552.17,102756.48
125690,99552.23,102756.50
125698,99552.03,102756.19
125708,99551.84,102756.61
125715,99552.31,102756.42
125724,99551.72,102756.11
125732,99551.84,102756.84
125741,99551.75,102756.56
125749,99552.36,102756.84
125758,99551.98,102756.67
125766,99552.00,102756.62
125775,99552.41,102756.81
125783,99552.47,102756.88
125792,99552.20,102756.61
125800,99552.17,102756.95
125808,99552.27,102756.48
125817,99552.38,102757.02
125825,99552.84,102756.39
125834,99552.50,102756.72
125842,99552.53,102756.77
125851,99553.19,102756.77
125859,99552.41,102756.89
125868,99552.33,102756.86
125876,99552.12,102756.67
125885,99552.92,102757.03
125893,99552.69,102756.88
125902,99552.80,102756.94
125910,99553.20,102757.16
125917,99552.92,102757.05
125927,99553.00,102756.59
125935,99553.00,102757.56
125944,99552.92,102757.48
125952,99553.42,102757.16
125960,99553.33,102756.61
125969,99553.09,102757.47
125977,99552.95,102757.42
125986,99553.19,102757.31
125994,99553.16,102757.36
126003,99553.50,102757.30
126011,99553.03,102757.20
126019,99553.19,102757.17
126028,99553.33,102757.33
126036,99553.33,102756.83
126044,99553.20,102757.53
126052,99553.39,102757.42
126061,99553.77,102757.03
126069,99553.31,102757.33
126079,99553.36,102757.48
126086,99553.39,102757.48
126095,99553.70,102757.31
126104,99553.73,102757.91
126112,99553.39,102757.36
126121,99553.56,102757.59
126128,99554.64,102757.72
126137,99554.36,102757.91
126146,99553.47,102757.14
126154,99553.86,102757.59
126162,99554.00,102757.59
126171,99553.72,102757.00
126179,99553.70,102757.95
126188,99554.05,102757.53
126197,99554.17,102757.44
126205,99554.28,102757.31
126214,99553.64,102757.50
126222,99553.77,102757.50
126231,99553.64,102757.50
126238,99553.94,102757.50
126247,99553.89,102757.34
126257,99553.94,102758.09
126265,99554.64,102757.84
126273,99554.42,102757.06
126281,99554.33,102757.64
126290,99553.92,102757.16
126298,99554.67,102757.45
126306,99554.23,102757.53
126315,99554.12,102757.62
126323,99554.39,102757.22
126332,99553.72,102757.72
126340,99554.02,102757.81
126349,99554.34,102757.94
126357,99554.33,102757.58
126365,99554.39,102757.88
126374,99554.28,102757.45
126382,99554.55,102757.77
126391,99554.33,102757.25
126399,99554.66,102757.72
126408,99554.22,102757.59
126416,99555.14,102757.98
126424,99554.47,102758.30
126433,99554.42,102757.19
126441,99554.53,102757.91
126449,99553.77,102757.83
126458,99554.59,102757.64
126466,99554.31,102758.14
126475,99554.69,102757.56
126483,99554.67,102757.83
126492,99554.73,102757.88
126500,99554.31,102757.48
126509,99554.44,102757.86
126517,99554.84,102757.72
126526,99554.08,102758.22
126534,99554.44,102757.73
126542,99554.77,102757.78
126551,99554.12,102757.77
126558,99554.88,102758.19
126568,99554.33,102757.38
126575,99555.08,102758.12
126584,99554.38,102757.70
126592,99554.50,102758.14
126601,99555.14,102757.70
126609,99554.70,102757.75
126618,99554.48,102758.03
126626,99554.56,102757.78
126636,99554.80,102758.11
126644,99555.39,102757.94
126651,99554.47,102757.97
126660,99554.20,102758.16
126668,99554.78,102758.00
126677,99554.66,102757.95
126685,99554.67,102757.97
126693,99554.75,102757.83
126702,99554.36,102758.09
126710,99554.23,102758.23
126719,99554.42,102757.78
126727,99554.80,102758.12
126735,99554.59,102758.28
126744,99555.22,102757.73
126752,99554.83,102757.52
126762,99555.06,102758.05
126769,99555.03,102758.16
126778,99554.62,102757.80
126786,99554.95,102758.03
126794,99554.59,102757.75
126803,99554.75,102757.59
126811,99554.52,102757.64
126820,99554.55,102757.92
126829,99554.41,102757.44
126837,99554.45,102757.62
126845,99554.52,102757.77
126854,99554.17,102757.64
126862,99554.53,102757.66
126871,99553.88,102757.70
126879,99554.05,102757.48
126887,99553.80,102757.97
126896,99554.19,102757.86
126904,99554.19,102757.62
126913,99553.59,102757.72
126921,99553.41,102757.48
126929,99553.58,102757.92
126938,99553.42,102757.50
126946,99552.61,102757.11
126955,99552.42,102757.33
126963,99552.48,102757.56
126972,99552.03,102757.17
126980,99552.70,102756.95
126989,99552.23,102757.47
126997,99551.91,102757.00
127006,99551.70,102757.25
127014,99551.52,102756.70
127022,99551.84,102756.52
127031,99551.83,102756.98
127039,99551.42,102756.42
127048,99551.00,102756.91
127056,99551.12,102756.17
127065,99551.06,102756.86
127074,99550.81,102756.27
127082,99551.14,102756.14
127090,99550.47,102756.72
127098,99549.95,102756.30
127107,99550.30,102756.25
127115,99550.47,102756.14
127124,99549.98,102756.25
127132,99550.06,102755.58
127141,99550.11,102756.34
127149,99550.00,102756.20
127158,99549.91,102756.23
127166,99549.70,102755.72
127175,99549.98,102756.28
127182,99549.97,102755.89
127192,99550.09,102756.28
127199,99549.92,102755.52
127208,99549.72,102755.45
127217,99550.05,102755.70
127224,99549.59,102755.48
127234,99550.20,102755.92
127242,99549.73,102755.84
127251,99549.69,102755.44
127259,99549.72,102755.53
127268,99549.75,102755.80
127275,99549.55,102755.77
127284,99549.86,102755.64
127293,99549.56,102756.06
127301,99549.69,102755.69
127310,99549.84,102755.17
127318,99549.34,102755.53
127326,99549.72,102755.64
127335,99549.02,102755.81
127343,99549.73,102756.06
127352,99549.55,102755.50
127359,99549.42,102755.23
127368,99549.14,102755.28
127377,99549.00,102755.33
127385,99548.98,102755.30
127393,99549.50,102755.44
127402,99548.81,102755.52
127411,99549.20,102755.19
127419,99548.88,102755.83
127428,99548.89,102755.72
127436,99549.02,102755.28
127445,99548.97,102755.42
127452,99548.73,102755.61
127461,99548.92,102754.98
127469,99548.77,102755.16
127478,99549.19,102755.58
127486,99548.73,102755.39
127495,99548.77,102755.66
127503,99548.66,102755.39
127512,99548.45,102755.45
127520,99548.58,102755.17
127529,99548.48,102755.14
127537,99548.41,102754.97
127545,99548.61,102755.11
127553,99548.39,102755.20
127562,99548.17,102755.42
127571,99548.69,102754.97
127579,99548.03,102754.95
127588,99548.31,102755.14
127596,99547.97,102755.11
127604,99548.20,102755.25
127613,99548.53,102755.11
127621,99548.23,102754.98
127629,99548.00,102755.09
127638,99548.48,102755.16
127646,99547.94,102755.28
127655,99547.72,102754.78
127663,99547.67,102755.16
127671,99548.25,102754.92
127680,99548.19,102754.81
127689,99547.72,102754.59
127697,99547.22,102754.72
127705,99547.73,102754.86
127714,99547.94,102755.05
127723,99547.69,102755.17
127730,99547.52,102754.77
127739,99547.62,102755.42
127748,99547.70,102755.20
127756,99547.48,102754.53
127764,99547.56,102754.81
127773,99547.83,102755.09
127781,99547.80,102754.91
127790,99547.30,102754.67
127798,99547.45,102754.78
127808,99547.81,102754.97
127815,99547.52,102755.00
127825,99547.59,102754.62
127832,99547.91,102754.62
127840,99547.61,102754.78
127848,99547.83,102754.28
127857,99547.59,102755.05
127866,99547.89,102754.98
127875,99547.72,102754.66
127882,99547.38,102754.78
127891,99548.05,102754.88
127899,99547.41,102754.44
127908,99547.25,102755.11
127916,99547.58,102754.72
127925,99548.05,102755.41
127933,99547.73,102754.58
127942,99547.47,102754.88
127950,99548.08,102755.11
127959,99548.03,102755.31
127967,99548.48,102754.94
127975,99548.41,102755.38
127983,99548.30,102755.30
127992,99547.94,102755.45
128000,99548.83,102755.66
128009,99548.78,102755.48
128017,99548.98,102755.88
128026,99549.45,102755.62
128034,99549.22,102755.64
128043,99549.34,102755.86
128051,99549.38,102755.77
128060,99549.84,102756.25
128068,99549.42,102756.08
128076,99550.22,102756.19
128085,99550.39,102756.22
128094,99550.02,102755.66
128102,99550.89,102755.98
128110,99550.45,102755.95
128119,99550.27,102755.88
128127,99550.86,102756.00
128136,99550.58,102756.39
128144,99550.48,102756.52
128153,99550.89,102756.08
128161,99550.58,102756.44
128170,99550.62,102756.52
128177,99551.36,102756.89
128186,99550.62,102756.38
128194,99551.61,102756.56
128203,99551.45,102756.53
128211,99551.27,102756.00
128219,99551.38,102756.89
128228,99551.50,102756.44
128237,99551.41,102756.56
128245,99551.62,102756.67
128254,99551.58,102756.22
128262,99552.09,102756.84
128270,99551.52,102756.64
128279,99550.97,102756.36
128287,99551.30,102756.36
128296,99551.73,102756.70
128305,99551.17,102756.75
128314,99551.67,102756.84
128321,99551.67,102756.81
128331,99551.09,102756.89
128339,99551.08,102756.75
128347,99551.77,102757.08
128356,99551.19,102756.97
128364,99551.62,102756.48
128372,99552.03,102757.11
128381,99551.67,102756.28
128389,99552.09,102756.56
128397,99552.06,102756.94
128406,99552.42,102756.86
128414,99552.20,102756.48
128423,99552.06,102757.55
128431,99552.36,102756.69
128439,99551.77,102756.91
128447,99552.08,102757.03
128456,99552.14,102757.20
128465,99552.64,102757.42
128473,99552.20,102756.94
128481,99551.92,102757.16
128490,99551.88,102756.84
128498,99552.41,102757.52
128507,99552.27,102756.80
128515,99552.20,102757.39
128523,99552.44,102756.83
128532,99551.77,102756.84
128541,99552.08,102757.16
128549,99552.19,102757.09
128557,99552.36,102756.84
128565,99552.23,102757.19
128574,99552.45,102757.38
128582,99552.73,102756.67
128590,99552.20,102757.36
128599,99552.78,102757.39
128607,99552.00,102756.89
128616,99552.86,102757.27
128624,99552.72,102757.81
128632,99552.38,102757.52
128641,99552.69,102757.88
128649,99552.78,102757.16
128658,99552.97,102757.20
128666,99552.66,102757.59
128675,99552.80,102757.66
128684,99553.06,102757.16
128692,99552.86,102757.53
128701,99552.95,102757.38
128708,99552.95,102757.64
128717,99553.16,102757.73
128726,99552.95,102757.23
128734,99553.08,102757.77
128743,99553.03,102757.69
128751,99553.41,102757.08
128759,99553.44,102757.16
128767,99553.42,102757.80
128776,99553.44,102758.08
128785,99552.61,102757.36
128793,99553.16,102757.44
128802,99552.83,102757.67
128809,99553.28,102758.09
128818,99553.39,102757.77
128827,99552.95,102757.66
128836,99553.08,102758.12
128844,99553.33,102757.55
128853,99553.20,102757.88
128860,99553.11,102758.03
128869,99553.50,102757.45
128878,99553.42,102757.52
128885,99553.11,102757.69
128894,99553.09,102757.58
128902,99553.45,102757.61
128911,99553.33,102757.86
128919,99553.28,102757.25
128928,99553.50,102758.36
128937,99552.94,102757.78
128945,99553.48,102757.89
128953,99553.72,102757.88
128962,99553.50,102758.00
128970,99553.86,102757.56
128978,99553.55,102758.19
128987,99554.17,102757.83
128996,99553.56,102757.75
129004,99553.64,102757.91
129013,99553.55,102758.06
129021,99553.91,102757.56
129030,99553.78,102758.08
129038,99553.84,102757.64
129046,99554.30,102757.77
129055,99553.59,102758.25
129063,99553.73,102757.94
129071,99553.58,102757.92
129080,99553.75,102757.81
129088,99553.80,102757.73
129097,99554.06,102758.05
129105,99553.89,102757.94
129113,99553.73,102758.17
129122,99553.86,102757.86
129130,99553.75,102758.56
129138,99553.53,102758.00
129147,99554.08,102758.00
129156,99554.47,102757.97
129165,99554.11,102758.11
129172,99553.72,102757.75
129181,99553.98,102758.03
129190,99554.45,102758.31
129197,99554.34,102757.86
129206,99554.09,102758.17
129214,99553.80,102758.17
129223,99554.52,102758.16
129232,99554.30,102758.14
129239,99554.11,102758.27
129248,99553.62,102758.28
129256,99554.38,102758.38
129265,99554.08,102758.27
129273,99554.09,102758.34
129282,99553.72,102758.55
129291,99554.27,102757.75
129299,99554.03,102758.31
129308,99553.69,102757.78
129316,99554.81,102757.97
129325,99554.38,102758.17
129333,99554.38,102758.48
129341,99554.52,102758.53
129350,99554.12,102758.59
129358,99554.25,102758.39
129367,99554.61,102758.34
129375,99554.62,102758.22
129384,99554.42,102758.30
129392,99555.08,102758.28
129400,99554.45,102758.33
129409,99554.81,102757.75
129417,99554.31,102758.75
129425,99554.61,102758.36
129434,99554.47,102758.34
129442,99554.23,102758.09
129451,99554.50,102758.00
129459,99554.45,102758.14
129467,99554.61,102758.66
129475,99554.84,102758.78
129485,99554.45,102758.03
129493,99554.56,102758.56
129501,99554.41,102758.48
129509,99555.05,102758.20
129519,99554.83,102758.44
129526,99554.88,102757.89
129535,99554.53,102758.17
129543,99554.70,102758.31
129552,99555.12,102758.33
129560,99554.75,102758.33
129569,99554.81,102758.44
129577,99554.53,102758.22
129586,99554.94,102758.38
129593,99555.09,102758.52
129602,99555.00,102758.78
129611,99555.33,102758.83
129619,99554.42,102758.69
129627,99555.11,102758.84
129636,99555.09,102758.39
129644,99555.14,102758.38
129654,99554.48,102758.50
129661,99554.58,102758.00
129670,99554.88,102758.23
129678,99554.50,102758.08
129687,99554.23,102758.12
129696,99554.53,102758.27
129704,99554.72,102758.39
129712,99554.80,102758.45
129721,99554.17,102758.09
129729,99554.67,102758.36
129737,99554.34,102758.20
129746,99554.23,102758.41
129754,99554.89,102758.30
129763,99555.12,102757.78
129771,99554.48,102757.89
129780,99554.64,102757.94
129788,99554.44,102758.23
129797,99554.11,102757.98
129805,99553.78,102758.02
129813,99554.50,102758.14
129822,99554.61,102757.89
129830,99553.92,102758.00
129838,99553.95,102758.05
129847,99554.19,102758.09
129856,99554.88,102758.16
129863,99553.56,102758.00
129873,99553.41,102757.86
129881,99553.52,102757.55
129889,99554.25,102757.83
129897,99553.58,102758.16
129906,99554.12,102757.83
129914,99553.44,102757.67
129923,99553.55,102757.91
129931,99553.16,102757.62
129939,99553.14,102757.42
129948,99553.86,102757.88
129957,99553.36,102757.80
129966,99553.23,102757.27
129974,99553.53,102757.22
129981,99553.11,102758.00
129990,99553.33,102757.64
129999,99552.23,102757.67
130007,99552.38,102757.58
130015,99552.45,102757.33
130024,99552.28,102757.30
130032,99551.97,102757.59
130041,99551.59,102757.25
130049,99551.97,102757.08
130058,99551.88,102757.48
130066,99552.02,102757.11
130075,99551.77,102757.20
130083,99551.61,102756.95
130092,99551.97,102756.59
130100,99550.92,102756.78
130108,99550.67,102756.64
130118,99551.23,102756.42
130126,99551.20,102756.95
130134,99551.09,102756.55
130142,99551.34,102756.28
130151,99551.23,102756.47
130159,99551.22,102756.36
130168,99550.86,102756.52
130175,99550.69,102756.31
130185,99550.14,102756.64
130192,99551.33,102756.22
130201,99551.03,102756.16
130210,99550.69,102756.89
130219,99550.47,102756.61
130226,99550.73,102756.48
130235,99550.78,102756.30
130244,99550.80,102756.09
130252,99550.17,102756.09
130260,99550.48,102756.09
130269,99550.73,102756.38
130277,99550.47,102756.22
130285,99550.17,102756.22
130294,99550.50,102756.23
130303,99550.09,102756.19
130311,99550.48,102756.22
130321,99550.22,102756.28
130328,99550.94,102756.27
130337,99550.62,102756.52
130345,99550.88,102756.28
130354,99550.42,102756.03
130362,99550.22,102756.14
130371,99550.39,102756.08
130379,99550.33,102755.72
130387,99550.38,102756.42
130396,99550.58,102756.02
130404,99550.28,102755.83
130412,99550.50,102756.02
130421,99550.39,102756.31
130429,99550.28,102755.91
130438,99550.50,102756.27
130447,99550.16,102755.52
130455,99550.42,102756.17
130462,99550.59,102755.77
130471,99550.17,102755.88
130479,99550.20,102755.77
130488,99550.33,102755.77
130496,99549.97,102756.09
130505,99550.02,102756.55
130513,99550.28,102755.78
130522,99550.09,102755.91
130530,99550.23,102755.81
130538,99549.50,102756.12
130547,99550.20,102755.58
130555,99549.73,102755.64
130564,99550.12,102755.73
130573,99549.56,102756.06
130580,99549.78,102755.73
130589,99549.69,102755.86
130598,99550.23,102755.72
130606,99549.94,102755.52
130614,99550.03,102755.86
130622,99549.62,102755.95
130631,99549.69,102755.75
130640,99549.86,102755.67
130648,99549.94,102755.70
130656,99550.06,102755.94
130665,99549.59,102755.95
130673,99549.92,102755.88
130681,99549.75,102756.14
130690,99549.59,102755.64
130699,99549.67,102755.83
130707,99549.77,102756.02
130715,99549.75,102755.66
130724,99549.42,102755.95
130732,99549.44,102755.84
130741,99549.67,102756.03
130750,99549.47,102755.70
130758,99549.36,102755.59
130766,99549.86,102755.95
130774,99549.42,102755.88
130783,99549.72,102755.48
130791,99549.28,102755.47
130799,99549.34,102755.55
130808,99549.55,102755.78
130816,99549.56,102755.91
130825,99549.08,102755.70
130833,99549.42,102755.86
130842,99549.20,102755.70
130850,99549.80,102755.95
130859,99549.64,102755.75
130867,99549.58,102755.47
130876,99549.47,102755.75
130884,99548.97,102755.30
130892,99549.59,102755.84
130901,99549.09,102755.81
130909,99549.09,102755.84
130918,99549.31,102755.58
130927,99549.89,102755.45
130934,99549.73,102756.00
130943,99549.42,102756.14
130951,99549.88,102755.59
130960,99549.67,102755.94
130969,99549.92,102756.11
130976,99549.88,102756.06
130985,99549.77,102755.91
130993,99550.06,102755.94
131002,99550.91,102756.06
131010,99550.58,102756.34
131019,99550.92,102756.92
131027,99551.30,102756.55
131036,99551.27,102756.33
131045,99551.31,102756.73
131052,99552.25,102757.41
131061,99551.50,102756.84
131070,99552.17,102757.14
131078,99552.12,102756.67
131086,99552.42,102756.95
131095,99552.52,102756.42
131103,99552.91,102757.48
131112,99552.84,102756.86
131120,99553.27,102756.98
131128,99553.00,102757.30
131137,99553.05,102757.27
131145,99553.66,102757.02
131154,99553.33,102757.44
131162,99553.42,102757.48
131171,99553.83,102757.64
131179,99553.84,102757.44
131188,99553.62,102757.84
131196,99553.44,102757.64
131205,99553.34,102757.39
131212,99554.06,102757.17
131222,99554.06,102758.17
131230,99553.67,102758.08
131239,99554.03,102757.59
131246,99554.42,102758.08
131256,99554.52,102757.56
131263,99554.72,102757.72
131272,99554.25,102757.88
131280,99554.22,102757.89
131289,99554.05,102758.02
131297,99554.19,102758.05
131306,99554.69,102758.03
131314,99554.73,102757.45
131323,99555.03,102757.67
131331,99554.64,102758.22
131340,99555.00,102758.34
131348,99555.16,102758.19
131356,99554.98,102757.86
131365,99555.25,102758.08
131373,99555.11,102758.20
131382,99555.20,102758.34
131390,99555.03,102758.00
131399,99555.62,102758.41
131407,99555.30,102758.06
131415,99555.62,102757.75
131424,99555.66,102758.61
131432,99555.42,102758.08
131441,99555.12,102758.75
131449,99555.47,102758.34
131457,99555.67,102758.66
131466,99555.59,102758.91
131474,99555.48,102758.38
131483,99555.67,102758.53
131491,99556.06,102758.66
131500,99555.94,102758.50
131508,99555.69,102758.73
131517,99555.92,102758.67
131525,99556.62,102758.67
131533,99556.64,102758.81
131542,99555.72,102758.70
131550,99556.25,102758.77
131559,99556.55,102758.78
131567,99556.17,102758.77
131576,99556.27,102759.08
131584,99556.36,102758.77
131592,99556.52,102758.95
131601,99556.50,102759.17
131609,99556.47,102758.98
131618,99557.14,102759.41
131626,99555.97,102758.55
131635,99556.55,102758.83
131643,99556.53,102759.64
131651,99556.62,102759.19
131660,99556.11,102758.72
131668,99556.55,102758.86
131677,99556.53,102758.97
131685,99556.94,102759.42
131694,99556.91,102759.17
131701,99556.38,102759.72
131710,99556.92,102758.89
131719,99556.58,102759.22
131727,99556.98,102759.38
131736,99556.31,102759.86
131744,99557.03,102759.44
131752,99557.22,102759.12
131761,99557.19,102759.23
131769,99557.50,102759.55
131778,99557.14,102759.30
131786,99557.20,102759.47
131795,99556.92,102759.50
131803,99557.36,102759.50
131811,99557.14,102759.31
131820,99557.55,102759.47
131828,99557.25,102759.42
131837,99557.34,102759.19
131845,99557.38,102759.50
131854,99557.66,102759.64
131862,99557.28,102759.31
131871,99557.23,102759.30
131879,99557.69,102759.42
131887,99557.45,102760.28
131896,99557.34,102759.86
131904,99557.89,102759.44
131913,99558.19,102759.14
131921,99557.62,102759.44
131930,99558.00,102759.36
131938,99557.70,102759.41
131947,99558.31,102759.44
131955,99557.55,102759.48
131963,99558.12,102759.19
131972,99557.45,102759.59
131981,99557.83,102759.58
131988,99557.97,102760.02
131997,99558.14,102759.80
132006,99558.12,102760.02
132014,99557.77,102759.44
132022,99558.25,102759.53
132031,99558.20,102759.80
132039,99558.39,102759.66
132047,99558.23,102759.36
132055,99557.16,102759.62
132064,99557.80,102759.77
132073,99558.23,102759.73
132081,99558.27,102760.02
132090,99558.19,102759.89
132098,99558.41,102759.80
132107,99557.97,102759.95
132115,99558.34,102759.92
132123,99558.16,102759.69
132131,99558.08,102759.78
132140,99558.23,102759.83
132148,99558.25,102760.48
132157,99558.17,102759.50
132166,99558.12,102760.30
132174,99558.27,102759.94
132183,99558.22,102759.38
132191,99558.22,102760.06
132199,99558.50,102760.11
132208,99558.42,102760.28
132216,99558.14,102760.12
132225,99558.48,102759.77
132233,99558.44,102760.11
132241,99558.91,102759.91
132250,99558.56,102760.00
132258,99558.47,102759.92
132267,99558.58,102760.11
132275,99558.25,102759.62
132283,99559.05,102759.72
132292,99558.06,102760.17
132301,99558.56,102759.98
132309,99558.23,102759.98
132318,99558.66,102760.12
132326,99558.52,102759.67
132335,99558.39,102759.89
132343,99558.83,102759.61
132353,99558.45,102759.58
132360,99558.23,102759.81
132369,99558.16,102760.08
132377,99558.70,102760.27
132386,99558.80,102759.78
132394,99558.61,102760.27
132403,99559.05,102759.75
132411,99558.91,102759.70
132419,99558.84,102759.53
132428,99558.89,102759.92
132436,99558.41,102759.48
132445,99559.30,102759.62
132453,99558.91,102760.11
132461,99558.95,102759.84
132469,99558.69,102759.88
132478,99558.56,102759.78
132486,99558.80,102760.06
132495,99558.72,102759.50
132503,99558.95,102760.14
132511,99558.72,102759.66
132520,99558.73,102760.08
132528,99559.38,102759.92
132537,99559.17,102759.84
132546,99558.67,102759.50
132554,99558.62,102760.02
132561,99558.80,102759.94
132570,99558.92,102759.77
132579,99558.88,102760.05
132587,99558.78,102759.72
132595,99558.95,102760.20
132604,99558.69,102760.06
132612,99559.02,102759.77
132621,99558.73,102759.86
132629,99558.39,102759.61
132638,99558.55,102760.03
132646,99558.73,102759.67
132654,99558.62,102759.91
132663,99558.34,102760.17
132671,99558.50,102759.92
132680,99557.95,102759.83
132688,99558.09,102759.72
132698,99558.20,102759.19
132705,99557.84,102759.50
132714,99557.36,102759.42
132722,99557.33,102759.73
132730,99557.64,102759.81
132739,99556.44,102759.64
132747,99556.72,102759.28
132756,99556.88,102759.41
132764,99556.53,102758.88
132773,99555.94,102759.22
132780,99555.94,102759.00
132789,99555.09,102759.20
132798,99555.45,102758.66
132806,99555.58,102758.55
132815,99555.45,102758.25
132824,99555.03,102758.69
132831,99555.48,102758.83
132840,99555.59,102758.98
132849,99555.06,102758.20
132857,99554.53,102758.31
132865,99554.69,102758.36
132874,99554.22,102758.23
132883,99554.45,102758.27
132891,99554.80,102758.16
132899,99554.53,102758.00
132908,99554.47,102758.16
132916,99554.14,102758.56
132925,99554.08,102758.52
132933,99554.41,102757.78
132941,99553.95,102758.14
132950,99554.30,102757.80
132958,99554.89,102758.30
132967,99554.44,102758.05
132975,99554.14,102757.83
132983,99553.73,102758.41
132992,99553.98,102758.28
133000,99553.50,102757.58
133009,99553.42,102758.14
133018,99553.80,102757.92
133025,99553.16,102758.20
133034,99554.08,102758.34
133042,99553.14,102758.14
133051,99552.80,102758.05
133059,99553.80,102758.03
133067,99553.00,102758.16
133076,99552.94,102758.50
133085,99553.23,102758.70
133093,99552.62,102758.12
133101,99553.36,102758.14
133109,99553.08,102757.98
133118,99553.27,102757.77
133127,99553.22,102758.11
133135,99553.38,102758.36
133144,99553.03,102758.41
133151,99553.31,102758.09
133161,99552.88,102757.81
133169,99553.31,102758.08
133178,99552.88,102757.84
133185,99552.78,102757.80
133194,99553.28,102757.84
133202,99552.91,102757.97
133211,99553.08,102758.19
133219,99552.64,102757.73
133228,99552.75,102757.56
133236,99552.92,102758.03
133245,99552.59,102758.17
133253,99552.53,102758.03
133262,99552.55,102758.12
133270,99552.81,102757.56
133279,99552.47,102757.59
133287,99552.47,102758.11
133296,99552.56,102757.81
133304,99552.94,102758.31
133313,99552.06,102757.59
133321,99552.02,102757.77
133329,99552.62,102757.22
133338,99552.12,102758.11
133346,99552.39,102757.42
133355,99552.36,102757.70
133363,99552.36,102757.56
133371,99552.23,102757.64
133380,99552.11,102757.88
133388,99552.66,102757.58
133397,99551.91,102757.48
133405,99552.05,102757.39
133413,99552.97,102757.88
133422,99552.73,102758.02
133430,99552.19,102758.31
133439,99552.53,102757.53
133448,99552.62,102757.95
133455,99552.61,102757.78
133463,99552.72,102758.22
133472,99553.39,102758.58
133481,99553.38,102758.56
133489,99552.75,102758.56
133499,99553.14,102758.09
133507,99553.47,102758.31
133515,99553.50,102757.98
133523,99553.30,102758.33
133532,99553.39,102758.44
133540,99553.62,102758.33
133549,99553.61,102759.09
133556,99553.47,102758.59
133565,99553.33,102758.86
133574,99553.50,102758.50
133582,99553.12,102758.53
133590,99553.52,102758.70
133600,99553.16,102758.22
133607,99553.66,102758.31
133615,99553.61,102758.53
133624,99553.11,102758.84
133632,99553.64,102758.67
133641,99553.53,102758.33
133649,99553.77,102758.86
133657,99553.86,102758.97
133666,99553.41,102758.55
133674,99554.12,102759.23
133683,99553.67,102758.55
133691,99553.52,102758.81
133700,99553.73,102758.70
133708,99553.61,102758.83
133717,99554.08,102758.84
133725,99553.89,102759.55
133733,99553.89,102758.67
133742,99554.20,102759.05
133751,99553.86,102758.92
133759,99553.48,102759.03
133767,99554.38,102759.17
133776,99553.91,102759.38
133784,99554.38,102758.89
133793,99553.73,102759.14
133802,99554.48,102759.05
133809,99554.89,102759.44
133818,99554.41,102759.17
133826,99554.27,102759.03
133835,99554.62,102759.42
133843,99555.11,102759.62
133852,99555.11,102758.95
133860,99554.89,102759.55
133868,99555.38,102759.36
133877,99555.19,102759.61
133885,99555.47,102759.50
133893,99555.64,102759.47
133902,99555.19,102759.36
133911,99555.53,102759.94
133920,99555.80,102759.88
133928,99556.20,102760.06
133936,99556.12,102760.36
133944,99556.28,102759.94
133953,99556.53,102760.66
133962,99556.17,102760.06
133970,99556.36,102760.06
133978,99556.64,102759.97
133987,99557.06,102760.52
133995,99556.53,102760.20
134004,99557.11,102760.44
134011,99556.89,102760.19
134020,99557.39,102760.81
134029,99557.45,102761.08
134038,99557.88,102760.55
134046,99557.33,102760.92
134054,99557.94,102760.67
134063,99558.00,102760.56
134071,99557.53,102760.92
134080,99558.66,102760.83
134087,99558.23,102761.22
134096,99557.86,102760.64
134105,99558.59,102761.11
134114,99558.56,102761.02
134122,99558.34,102760.70
134130,99558.25,102760.94
134139,99558.34,102761.03
134146,99558.14,102761.03
134155,99559.03,102761.09
134164,99558.66,102761.19
134173,99558.64,102761.08
134181,99559.06,102761.56
134188,99558.28,102760.97
134197,99558.92,102760.84
134205,99559.44,102761.36
134214,99558.89,102761.03
134223,99559.11,102761.59
134231,99559.39,102761.08
134240,99558.80,102761.30
134248,99559.06,102761.17
134257,99559.17,102761.38
134264,99558.67,102761.03
134273,99559.05,102761.28
134281,99559.45,102761.61
134291,99559.50,102761.55
134298,99559.20,102761.30
134306,99559.38,102761.50
134316,99559.41,102761.61
134324,99559.08,102761.61
134332,99559.38,102761.89
134341,99559.67,102761.67
134349,99559.58,102761.50
134358,99559.66,102761.70
134366,99559.97,102761.70
134374,99560.05,102761.72
134383,99559.98,102761.72
134391,99559.92,102761.72
134399,99559.69,102761.67
134409,99559.50,102761.86
134417,99559.95,102762.03
134426,99560.44,102761.86
134434,99560.00,102762.25
134442,99560.14,102762.11
134452,99560.09,102761.89
134459,99560.23,102761.91
134468,99560.78,102762.25
134476,99560.70,102762.34
134484,99560.73,102762.19
134493,99560.45,102762.36
134501,99560.39,102762.08
134510,99560.80,102762.28
134518,99560.67,102762.27
134527,99560.50,102762.39
134535,99560.69,102762.14
134544,99560.89,102761.30
134552,99561.09,102762.31
134560,99561.16,102762.05
134569,99560.98,102762.03
134577,99561.36,102762.30
134586,99561.22,102762.45
134594,99561.36,102762.30
134602,99561.45,102762.41
134610,99561.25,102762.06
134619,99561.59,102762.22
134627,99561.27,102762.34
134636,99561.59,102762.23
134645,99561.75,102762.64
134652,99561.62,102762.34
134661,99561.55,102762.08
134670,99561.56,102762.08
134678,99561.83,102762.72
134687,99561.69,102762.30
134695,99561.56,102762.86
134703,99561.56,102762.17
134711,99561.80,102762.25
134720,99562.03,102762.77
134729,99561.75,102762.30
134737,99561.95,102762.81
134746,99562.03,102762.36
134754,99561.89,102762.56
134763,99561.89,102762.50
134770,99562.08,102762.98
134779,99562.08,102762.55
134788,99561.67,102762.62
134796,99561.88,102762.61
134805,99561.70,102762.66
134813,99562.38,102762.41
134821,99562.36,102763.25
134829,99562.41,102763.08
134838,99562.27,102763.47
134847,99562.58,102762.80
134856,99562.53,102762.39
134863,99562.58,102762.58
134872,99562.33,102762.98
134880,99562.02,102762.64
134889,99562.70,102762.86
134897,99562.36,102763.09
134906,99562.55,102762.86
134914,99562.47,102762.88
134923,99562.45,102763.17
134931,99562.70,102763.02
134939,99563.11,102762.50
134947,99562.69,102762.16
134956,99562.77,102762.94
134964,99562.97,102762.88
134973,99562.91,102763.41
134982,99562.67,102762.78
134990,99562.73,102762.61
134998,99562.48,102762.95
135007,99562.75,102762.88
135016,99562.91,102763.08
135023,99562.97,102762.77
135033,99562.58,102762.73
135041,99562.50,102762.91
135049,99562.55,102763.20
135057,99562.72,102763.16
135066,99563.14,102763.23
135075,99562.89,102763.19
135082,99563.02,102762.77
135091,99562.78,102762.75
135099,99563.12,102763.06
135108,99562.64,102762.73
135116,99563.16,102763.41
135124,99563.17,102763.05
135133,99562.91,102762.78
135142,99563.38,102763.08
135150,99562.80,102762.61
135159,99562.80,102763.16
135167,99562.73,102763.30
135175,99562.83,102762.84
135184,99562.94,102762.95
135193,99562.78,102763.00
135201,99562.50,102762.92
135209,99562.50,102763.11
135218,99562.81,102762.81
135226,99562.95,102763.09
135235,99562.92,102763.12
135243,99563.11,102762.94
135251,99562.84,102762.95
135259,99562.56,102763.00
135268,99562.36,102762.27
135276,99563.44,102763.14
135284,99562.50,102762.72
135294,99562.73,102762.92
135302,99562.84,102763.11
135311,99562.27,102762.62
135318,99562.27,102762.94
135327,99562.33,102763.02
135336,99562.45,102763.00
135344,99561.75,102762.97
135353,99561.98,102762.88
135360,99562.00,102762.86
135370,99562.09,102763.06
135377,99561.94,102762.31
135386,99561.62,102762.30
135394,99562.00,102762.31
135403,99561.33,102762.42
135411,99561.52,102762.67
135420,99561.38,102762.12
135429,99561.84,102762.80
135436,99561.22,102762.39
135445,99561.25,102762.86
135454,99561.11,102762.59
135463,99561.03,102762.19
135470,99560.73,102762.22
135479,99561.08,102762.23
135487,99560.97,102762.22
135496,99560.86,102762.41
135504,99561.16,102762.06
135513,99561.12,102762.27
135522,99561.14,102762.16
135529,99560.80,102762.31
135538,99560.72,102762.22
135546,99561.44,102761.81
135555,99560.58,102762.22
135563,99560.69,102761.78
135572,99560.75,102762.14
135580,99560.52,102761.95
135588,99560.31,102762.59
135597,99560.28,102761.61
135605,99560.17,102762.05
135614,99560.16,102761.81
135623,99560.19,102761.80
135631,99560.08,102761.83
135639,99560.12,102761.44
135647,99559.78,102761.47
135656,99559.59,102761.50
135664,99559.44,102761.52
135674,99559.69,102761.83
135681,99558.95,102761.33
135690,99559.44,102761.53
135698,99559.39,102761.64
135707,99558.95,102761.62
135715,99558.88,102761.95
135724,99558.48,102761.62
135731,99558.73,102760.97
135741,99558.55,102761.17
135749,99558.55,102761.44
135757,99558.69,102760.97
135766,99558.36,102761.39
135774,99558.41,102761.50
135783,99558.58,102760.97
135790,99558.50,102761.02
135800,99558.23,102761.20
135808,99558.48,102761.20
135817,99558.20,102761.42
135824,99557.73,102761.08
135833,99557.67,102761.70
135841,99558.23,102761.50
135850,99558.33,102760.88
135858,99558.22,102761.25
135867,99558.06,102761.11
135875,99557.45,102761.09
135884,99557.62,102761.08
135892,99558.00,102760.97
135901,99557.50,102761.25
135909,99557.55,102761.06
135918,99557.64,102760.75
135926,99557.62,102761.08
135935,99557.34,102761.08
135942,99557.45,102761.03
135951,99557.66,102760.86
135959,99557.28,102761.03
135968,99557.64,102760.89
135977,99557.38,102760.89
135985,99557.27,102761.08
135993,99557.06,102760.77
136002,99557.52,102760.73
136010,99557.41,102760.88
136018,99557.45,102761.11
136027,99557.14,102760.83
136035,99557.34,102760.98
136044,99557.22,102760.81
136052,99556.91,102760.30
136061,99557.12,102760.75
136069,99557.12,102761.03
136078,99556.61,102760.61
136086,99557.12,102761.41
136095,99557.02,102760.92
136103,99556.94,102760.53
136111,99557.08,102760.73
136120,99556.80,102760.67
136128,99556.78,102760.72
136136,99556.94,102760.84
136145,99556.50,102761.11
136153,99557.22,102760.89
136162,99557.20,102760.81
136170,99557.22,102761.03
136179,99557.33,102760.91
136187,99556.55,102760.55
136195,99556.75,102760.86
136204,99556.94,102761.03
136213,99556.70,102761.14
136221,99556.84,102760.77
136230,99556.67,102760.28
136238,99556.77,102760.69
136246,99557.08,102760.91
136254,99556.73,102760.08
136263,99556.95,102760.73
136272,99556.67,102760.20
136280,99556.81,102760.41
136288,99556.70,102760.89
136297,99556.73,102760.06
136305,99556.81,102760.45
136314,99556.69,102761.09
136322,99556.41,102760.64
136330,99556.47,102760.42
136339,99556.50,102760.64
136347,99556.55,102760.58
136356,99556.75,102760.80
136364,99556.22,102760.59
136372,99556.50,102760.75
136382,99556.45,102760.16
136389,99555.97,102760.16
136398,99556.06,102760.91
136406,99556.09,102760.36
136415,99555.92,102760.34
136423,99556.38,102759.91
136432,99555.89,102760.59
136441,99556.66,102760.70
136449,99555.80,102760.31
136458,99555.95,102760.62
136466,99555.84,102760.62
136475,99555.72,102760.38
136482,99556.27,102760.45
136491,99555.47,102760.77
136499,99556.61,102760.73
136508,99555.91,102760.45
136516,99555.42,102760.53
136525,99555.91,102760.67
136534,99555.80,102760.41
136541,99555.73,102760.31
136550,99556.25,102760.30
136558,99555.75,102760.53
136567,99555.61,102760.45
136575,99555.36,102760.80
136584,99555.31,102760.88
136593,99555.77,102760.59
136601,99556.08,102760.62
136609,99555.94,102760.69
136617,99556.02,102760.39
136626,99555.73,102760.25
136634,99556.12,102760.88
136642,99556.22,102761.20
136650,99556.02,102760.98
136659,99556.77,102760.83
136668,99556.52,102761.14
136677,99557.11,102760.75
136684,99556.92,102761.06
136693,99557.67,102760.95
136701,99557.94,102761.48
136710,99557.88,102761.44
136718,99558.39,102761.80
136727,99557.84,102761.75
136735,99558.41,102761.73
136744,99558.77,102761.62
136752,99558.48,102761.84
136760,99559.14,102762.06
136769,99558.47,102761.88
136777,99559.56,102762.36
136786,99559.62,102761.86
136794,99559.39,102761.88
136803,99559.95,102762.38
136812,99560.19,102762.00
136819,99560.09,102761.75
136828,99559.89,102762.25
136836,99560.42,102762.06
136845,99560.23,102762.39
136854,99560.39,102762.84
136861,99560.17,102762.50
136870,99560.89,102762.78
136878,99561.11,102762.22
136887,99560.98,102762.66
136895,99561.42,102762.61
136904,99561.47,102762.55
136912,99561.17,102762.86
136920,99561.12,102763.09
136929,99560.95,102763.20
136938,99561.77,102762.86
136946,99561.72,102762.89
136954,99561.80,102762.95
136963,99561.64,102763.08
136972,99562.02,102763.16
136979,99562.19,102762.89
136989,99562.08,102763.19
136996,99562.70,102763.02
137005,99562.47,102762.83
137013,99563.08,102763.31
137022,99561.81,102763.20
137030,99562.28,102763.45
137038,99562.12,102763.14
137047,99562.28,102762.98
137056,99562.23,102763.47
137064,99562.45,102763.41
137072,99562.58,102763.00
137080,99562.84,102763.06
137090,99562.95,102763.75
137098,99562.75,102763.36
137106,99563.08,102763.09
137114,99562.81,102762.92
137123,99562.55,102763.42
137131,99562.52,102763.55
137140,99562.67,102762.88
137148,99562.97,102763.62
137156,99563.22,102763.14
137166,99563.41,102763.22
137173,99563.06,102763.67
137182,99562.98,102763.47
137191,99563.27,102763.36
137199,99562.88,102763.80
137208,99562.62,102763.80
137216,99562.64,102763.92
137224,99563.27,102763.56
137233,99563.06,102763.80
137241,99563.23,102763.66
137250,99562.86,102763.55
137258,99563.03,102763.62
137266,99563.55,102763.84
137275,99562.78,102763.41
137283,99563.03,102763.44
137292,99563.48,102764.11
137300,99563.22,102763.45
137309,99562.84,102763.72
137317,99562.58,102763.55
137326,99563.12,102763.61
137334,99562.66,102763.77
137342,99563.38,102764.00
137350,99563.06,102763.94
137359,99562.98,102764.12
137367,99562.92,102764.02
137376,99563.00,102764.03
137384,99563.92,102763.62
137392,99563.44,102763.58
137401,99562.84,102764.16
137410,99563.20,102763.44
137418,99562.72,102763.84
137426,99563.20,102763.73
137435,99562.70,102764.05
137443,99563.31,102764.50
137451,99563.33,102763.66
137460,99563.39,102763.84
137469,99563.00,102763.59
137477,99562.95,102763.86
137486,99563.59,102764.19
137494,99563.52,102763.97
137502,99563.81,102764.02
137511,99563.31,102764.05
137519,99563.38,102764.62
137527,99563.70,102763.98
137536,99563.83,102764.19
137545,99563.67,102764.23
137553,99563.30,102763.84
137562,99563.84,102764.12
137570,99563.52,102764.17
137579,99563.61,102763.91
137587,99563.58,102764.14
137596,99563.92,102764.12
137604,99563.84,102764.05
137612,99563.81,102763.77
137620,99563.30,102764.25
137629,99563.61,102764.48
137637,99563.11,102763.89
137646,99564.08,102764.14
137655,99563.56,102764.05
137663,99564.05,102764.19
137671,99563.48,102763.70
137679,99563.75,102763.97
137688,99563.44,102764.12
137697,99563.69,102764.20
137704,99563.27,102764.22
137713,99563.42,102764.25
137721,99563.78,102764.23
137730,99563.41,102764.06
137739,99562.94,102763.64
137747,99562.94,102763.78
137756,99563.45,102764.52
137764,99563.78,102763.69
137772,99563.00,102763.91
137781,99563.03,102763.52
137789,99563.34,102764.02
137798,99563.41,102763.61
137806,99563.16,102764.12
137814,99563.30,102764.25
137823,99562.66,102763.53
137831,99563.16,102763.88
137839,99562.61,102763.58
137848,99562.83,102763.98
137856,99562.78,102763.80
137865,99562.89,102763.58
137874,99562.42,102763.55
137882,99562.66,102763.69
137890,99562.58,102763.50
137899,99561.72,102764.09
137908,99561.98,102763.56
137915,99562.08,102763.47
137923,99561.97,102763.44
137933,99561.73,102763.22
137941,99561.42,102763.17
137949,99561.75,102762.98
137957,99561.00,102762.98
137966,99561.73,102762.47
137975,99561.28,102762.75
137983,99560.81,102763.30
137991,99561.39,102763.06
138000,99561.22,102763.39
138008,99561.05,102763.56
138017,99561.23,102762.70
138025,99560.22,102763.02
138033,99560.45,102762.41
138042,99560.14,102762.64
138050,99560.59,102762.50
138059,99559.77,102762.30
138067,99560.02,102762.69
138075,99560.22,102763.02
138084,99559.92,102762.67
138093,99559.19,102762.31
138100,99559.44,102762.33
138110,99559.89,102762.14
138118,99559.47,102762.58
138126,99559.05,102762.05
138135,99559.31,102761.61
138143,99559.34,102761.95
138151,99558.75,102762.00
138160,99558.92,102762.34
138169,99558.92,102761.98
138177,99559.11,102761.86
138186,99558.50,102761.56
138194,99558.72,102761.91
138202,99558.69,102761.61
138210,99559.20,102761.70
138219,99559.11,102761.81
138228,99558.97,102761.81
138236,99558.56,102761.67
138244,99558.89,102761.33
138253,99559.08,102761.78
138261,99558.91,102761.50
138270,99558.72,102761.47
138279,99559.05,102761.28
138287,99558.80,102761.72
138295,99558.89,102761.48
138304,99559.05,102761.30
138312,99558.75,102761.62
138320,99558.52,102761.47
138329,99558.58,102761.55
138338,99558.84,102761.58
138345,99558.42,102761.58
138354,99558.38,102761.05
138362,99557.92,102761.22
138370,99558.23,102761.48
138379,99558.80,102761.11
138387,99558.09,102761.28
138396,99558.08,102761.25
138404,99558.42,102761.27
138413,99557.97,102761.31
138422,99558.05,102761.23
138430,99558.20,102761.38
138438,99557.50,102761.38
138447,99557.92,102760.91
138456,99557.20,102760.94
138464,99557.45,102760.66
138473,99557.38,102761.09
138481,99556.91,102760.75
138490,99557.88,102761.05
138498,99557.14,102760.95
138506,99557.70,102760.77
138515,99557.52,102761.42
138524,99557.95,102761.52
138531,99557.66,102761.08
138540,99557.64,102760.70
138548,99557.00,102760.75
138557,99557.55,102760.72
138565,99557.61,102761.05
138574,99557.12,102760.48
138581,99557.67,102760.88
138590,99557.11,102760.64
138599,99557.19,102760.66
138607,99557.09,102760.52
138615,99557.28,102760.77
138624,99556.89,102760.50
138632,99557.42,102760.88
138641,99557.09,102760.59
138649,99556.39,102760.69
138657,99556.61,102760.73
138666,99556.62,102760.50
138674,99556.94,102760.36
138683,99556.59,102760.62
138691,99556.14,102760.88
138700,99556.69,102760.50
138708,99556.83,102760.55
138717,99556.62,102760.48
138725,99556.83,102760.36
138734,99556.66,102760.39
138742,99556.22,102760.38
138750,99556.58,102760.59
138759,99556.19,102759.98
138767,99556.58,102760.03
138776,99556.12,102760.48
138784,99556.69,102760.58
138793,99555.78,102760.05
138800,99556.81,102760.41
138809,99556.16,102760.34
138817,99556.44,102759.98
138826,99556.25,102760.27
138835,99556.50,102760.47
138842,99556.23,102760.08
138851,99556.64,102760.34
138859,99556.09,102760.11
138868,99556.06,102760.36
138877,99556.14,102760.16
138885,99555.97,102761.05
138893,99556.02,102759.53
138903,99556.00,102760.27
138911,99555.84,102760.27
138918,99555.55,102760.20
138927,99555.91,102760.31
138936,99556.05,102759.73
138944,99555.70,102760.12
138953,99555.89,102760.12
138961,99556.41,102760.17
138969,99555.56,102760.30
138978,99556.20,102760.64
138986,99556.44,102759.95
138995,99556.03,102760.02
139003,99555.97,102760.09
139012,99556.05,102759.73
139020,99555.97,102759.95
139029,99556.52,102759.78
139037,99555.89,102760.09
139045,99556.22,102760.25
139054,99556.17,102760.45
139062,99556.41,102759.89
139071,99556.53,102759.84
139079,99556.44,102759.80
139087,99556.33,102759.89
139096,99556.92,102760.00
139104,99556.62,102760.59
139113,99556.36,102760.53
139121,99556.94,102760.12
139130,99557.02,102760.34
139138,99556.94,102760.80
139146,99557.39,102760.55
139155,99557.36,102761.11
139163,99557.56,102760.45
139172,99557.03,102760.58
139180,99557.44,102760.33
139189,99557.34,102760.47
139197,99557.45,102760.39
139206,99557.95,102760.58
139214,99557.73,102760.47
139222,99557.64,102760.62
139231,99557.14,102760.75
139239,99557.70,102760.48
139248,99557.88,102760.31
139256,99557.92,102760.66
139265,99557.83,102760.48
139273,99558.06,102760.52
139282,99558.12,102761.05
139289,99558.41,102761.08
139298,99558.52,102760.92
139306,99558.44,102761.59
139315,99559.17,102760.72
139323,99558.31,102760.80
139332,99558.94,102761.41
139341,99559.38,102760.77
139350,99558.94,102760.88
139357,99559.19,102761.23
139366,99558.59,102760.81
139374,99558.56,102760.67
139383,99558.81,102761.09
139391,99558.81,102761.28
139399,99559.16,102760.92
139408,99558.72,102761.50
139416,99558.84,102761.58
139424,99558.92,102761.03
139433,99558.86,102760.83
139441,99559.53,102761.41
139450,99559.34,102760.91
139458,99558.94,102760.98
139467,99559.12,102761.42
139475,99559.02,102760.91
139484,99559.16,102761.78
139493,99559.23,102761.42
139501,99559.42,102761.23
139509,99559.50,102761.38
139518,99559.70,102761.53
139526,99560.14,102761.50
139534,99559.58,102761.38
139543,99559.03,102761.41
139552,99559.72,102761.69
139560,99559.61,102761.11
139569,99559.50,102761.28
139576,99559.64,102761.55
139586,99560.12,102761.47
139594,99559.62,102761.42
139601,99559.66,102761.45
139610,99559.53,102761.44
139619,99560.02,102761.77
139628,99559.73,102761.44
139635,99559.69,102761.55
139644,99560.08,102761.33
139653,99559.92,102761.88
139660,99560.28,102761.06
139669,99559.27,102761.58
139678,99559.72,102761.08
139686,99559.52,102760.98
139694,99559.66,102761.59
139703,99559.59,102761.06
139711,99560.12,102761.47
139720,99559.25,102761.09
139728,99559.53,102761.00
139737,99560.00,102761.33
139746,99560.08,102761.08
139754,99559.27,102760.95
139762,99559.59,102761.48
139771,99559.62,102760.89
139779,99559.83,102761.08
139788,99559.66,102760.84
139796,99559.83,102761.09
139805,99559.55,102761.02
139812,99559.19,102761.53
139821,99559.78,102760.83
139829,99559.45,102761.09
139838,99559.88,102761.19
139846,99559.83,102761.16
139855,99560.23,102760.97
139863,99559.53,102761.62
139872,99560.12,102760.62
139881,99560.06,102761.56
139888,99560.02,102761.19
139897,99560.08,102760.56
139905,99559.95,102761.48
139915,99560.36,102760.98
139922,99560.20,102761.02
139931,99560.22,102761.17
139939,99559.78,102761.67
139948,99560.06,102761.38
139956,99560.02,102761.31
139965,99560.02,102761.05
139973,99559.72,102761.31
139982,99560.09,102761.05
139990,99559.98,102760.77
139998,99560.09,102760.97
140007,99560.02,102761.25
140015,99559.88,102761.06
140024,99560.09,102761.30
140032,99559.86,102761.25
140040,99559.72,102760.75
140049,99560.38,102761.14
140057,99560.22,102761.34
140065,99560.17,102761.30
140074,99560.06,102762.05
140082,99560.09,102761.47
140091,99560.28,102761.19
140099,99559.88,102761.48
140108,99560.05,102761.19
140116,99559.62,102761.44
140125,99560.02,102761.25
140132,99560.16,102761.03
140142,99559.73,102761.34
140150,99560.34,102761.06
140159,99560.12,102761.33
140167,99559.62,102761.34
140175,99560.03,102761.42
140184,99560.11,102761.38
140192,99560.48,102761.19
140200,99560.06,102761.48
140209,99559.77,102761.20
140217,99559.98,102761.44
140226,99560.27,102761.34
140235,99559.73,102761.27
140242,99560.39,102761.38
140251,99560.89,102761.16
140259,99560.41,102761.33
140268,99560.23,102761.25
140276,99559.92,102760.73
140285,99560.33,102761.48
140294,99559.75,102761.45
140301,99559.92,102760.81
140310,99559.91,102761.34
140318,99559.80,102761.30
140327,99559.78,102760.92
140335,99560.14,102760.59
140344,99560.05,102760.94
140352,99559.70,102761.03
140361,99559.86,102761.09
140369,99559.61,102761.00
140377,99560.56,102760.75
140385,99559.66,102761.19
140394,99559.42,102760.73
140402,99559.16,102760.78
140411,99558.92,102761.27
140419,99559.84,102760.41
140428,99559.38,102760.45
140437,99559.34,102761.27
140446,99559.20,102760.91
140455,99559.45,102760.80
140463,99558.83,102760.45
140471,99558.84,102760.50
140480,99558.52,102760.53
140488,99558.67,102759.94
140496,99558.48,102759.92
140505,99557.89,102760.52
140514,99558.30,102760.06
140521,99558.34,102760.12
140530,99558.23,102760.48
140538,99557.95,102759.97
140547,99558.14,102760.20
140555,99558.16,102760.23
140563,99557.98,102759.89
140572,99558.06,102760.12
140581,99558.00,102760.02
140588,99557.97,102759.98
140597,99557.72,102760.00
140606,99557.92,102759.80
140614,99557.77,102759.97
140623,99557.84,102759.91
140631,99557.66,102759.50
140640,99557.25,102759.94
140647,99558.08,102759.62
140656,99558.08,102759.61
140664,99557.64,102759.81
140672,99557.83,102760.03
140681,99557.70,102759.66
140689,99557.55,102759.89
140698,99558.06,102760.31
140706,99557.92,102760.47
140714,99557.31,102759.77
140723,99557.41,102759.86
140732,99557.30,102759.38
140740,99557.91,102759.84
140748,99557.42,102759.88
140757,99557.75,102760.03
140765,99557.34,102760.02
140774,99557.22,102759.97
140783,99557.39,102759.45
140790,99557.67,102760.05
140799,99557.25,102759.61
140807,99557.09,102759.48
140816,99557.56,102759.59
140824,99557.19,102759.64
140833,99557.44,102759.66
140841,99556.97,102760.08
140849,99557.33,102759.56
140858,99556.48,102759.56
140866,99557.09,102759.47
140875,99557.03,102759.84
140883,99557.31,102759.09
140892,99557.42,102759.98
140900,99557.81,102759.88
140909,99557.27,102759.77
140917,99557.34,102760.00
140926,99557.62,102759.62
140934,99556.95,102759.75
140943,99557.78,102760.03
140951,99557.12,102760.17
140960,99557.30,102759.78
140967,99557.39,102759.77
140976,99557.58,102759.34
140985,99557.02,102759.39
140992,99557.56,102759.75
141002,99557.44,102759.66
141009,99557.77,102759.84
141018,99557.47,102759.78
141026,99557.83,102759.61
141035,99557.81,102760.16
141043,99557.48,102759.47
141052,99557.64,102760.02
141060,99558.25,102759.92
141069,99558.08,102759.97
141077,99557.86,102759.52
141086,99558.25,102759.84
141094,99558.55,102759.80
141102,99558.56,102760.38
141111,99558.62,102760.08
141119,99558.52,102760.08
141128,99558.73,102759.98
141137,99558.41,102759.77
141144,99558.73,102760.31
141154,99558.72,102760.09
141161,99558.95,102760.02
141170,99558.70,102760.17
141178,99559.30,102759.73
141187,99559.47,102760.39
141195,99558.91,102760.42
141204,99559.02,102759.95
141212,99559.66,102760.27
141220,99559.81,102760.31
141229,99559.20,102759.80
141237,99559.84,102760.47
141245,99559.55,102760.36
141254,99559.50,102760.31
141262,99559.64,102760.38
141272,99559.56,102759.67
141279,99559.92,102760.03
141288,99559.69,102760.36
141296,99560.12,102760.33
141304,99559.62,102760.33
141313,99559.47,102760.55
141321,99560.03,102760.52
141330,99559.44,102760.11
141338,99559.67,102760.20
141347,99559.84,102760.12
141355,99560.20,102760.11
141364,99559.95,102761.11
141372,99559.89,102760.25
141381,99560.66,102760.41
141389,99560.30,102760.31
141398,99560.08,102760.09
141406,99560.44,102760.22
141415,99560.03,102760.58
141423,99560.22,102760.50
141431,99560.03,102760.19
141439,99560.69,102760.17
141448,99560.28,102761.00
141456,99560.20,102760.41
141465,99560.17,102760.55
141473,99560.48,102760.41
141482,99560.39,102760.66
141491,99560.05,102760.30
141499,99560.16,102760.36
141507,99560.73,102760.41
141516,99560.33,102760.69
141524,99560.20,102760.58
141532,99560.25,102760.14
141541,99560.83,102760.98
141550,99560.31,102760.80
141557,99560.44,102760.31
141567,99560.25,102760.52
141575,99560.30,102760.39
141583,99560.33,102760.05
141592,99560.31,102760.52
141600,99560.66,102760.45
141608,99560.31,102760.44
141617,99560.70,102760.59
141625,99560.23,102760.16
141634,99560.14,102760.70
141642,99560.52,102759.88
141651,99560.73,102760.14
141659,99560.58,102759.98
141668,99560.39,102760.45
141676,99560.17,102760.64
141685,99560.19,102760.59
141693,99560.02,102760.42
141702,99560.53,102760.17
141709,99560.17,102760.56
141718,99560.89,102760.62
141726,99560.56,102760.56
141735,99560.14,102760.67
141743,99560.61,102760.55
141752,99560.59,102760.30
141760,99561.08,102760.89
141769,99561.09,102760.52
141777,99560.53,102760.27
141785,99560.91,102760.72
141794,99560.97,102760.61
141802,99560.92,102760.30
141811,99560.67,102761.02
141819,99561.06,102761.08
141828,99560.80,102760.42
141836,99561.39,102760.41
141845,99560.30,102760.45
141853,99561.33,102760.73
141862,99560.83,102760.69
141870,99560.77,102760.69
141878,99560.92,102760.33
141887,99560.61,102761.08
141895,99560.95,102760.67
141904,99561.12,102760.50
141912,99561.00,102760.41
141921,99560.78,102760.88
141929,99561.05,102760.44
141937,99560.73,102760.48
141946,99561.22,102760.44
141954,99560.41,102760.95
141963,99560.78,102760.31
141971,99561.09,102760.19
141979,99560.72,102760.72
141988,99560.66,102761.00
141997,99560.89,102760.70
142004,99560.92,102761.44
142013,99560.72,102760.95
142021,99561.30,102760.47
142030,99561.16,102760.44
142038,99560.73,102760.50
142047,99561.34,102760.25
142055,99560.86,102760.27
142064,99561.00,102759.98
142073,99561.84,102760.22
142081,99561.53,102760.50
142089,99561.44,102760.56
142098,99561.23,102760.33
142106,99561.70,102760.91
142114,99561.50,102760.84
142123,99561.59,102760.72
142131,99561.73,102760.50
142140,99560.94,102760.56
142148,99561.80,102760.53
142157,99561.62,102760.73
142165,99561.08,102760.88
142173,99561.78,102761.02
142182,99561.19,102760.80
142190,99561.92,102760.50
142198,99561.72,102760.53
142207,99561.95,102760.64
142215,99561.69,102760.81
142224,99561.52,102760.62
142232,99561.64,102760.94
142241,99561.42,102760.66
142249,99562.12,102760.62
142257,99562.17,102760.89
142266,99561.73,102760.86
142275,99562.00,102760.97
142282,99561.95,102760.78
142291,99561.81,102760.72
142299,99562.09,102760.38
142309,99561.50,102760.55
142317,99561.83,102760.78
142326,99561.73,102761.00
142333,99562.00,102760.64
142342,99562.08,102760.72
142350,99561.45,102760.91
142359,99561.91,102761.17
142368,99562.05,102760.88
142376,99561.83,102760.91
142384,99561.94,102760.75
142392,99562.20,102760.92
142401,99561.78,102760.38
142410,99561.81,102760.41
142418,99561.44,102760.89
142427,99561.73,102760.44
142435,99561.95,102760.17
142444,99561.42,102760.28
142451,99561.84,102760.28
142460,99561.12,102760.48
142468,99561.62,102760.48
142477,99561.36,102759.95
142486,99560.78,102760.11
142495,99561.02,102760.58
142503,99561.25,102760.33
142512,99560.83,102760.22
142521,99560.91,102760.17
142528,99560.47,102760.03
142537,99560.31,102760.00
142545,99560.22,102759.52
142554,99560.14,102760.20
142561,99560.56,102759.38
142570,99560.27,102759.55
142579,99560.11,102760.25
142587,99560.30,102759.95
142596,99560.16,102760.12
142604,99560.41,102759.70
142613,99559.75,102759.62
142620,99559.38,102759.59
142629,99559.73,102759.69
142638,99559.83,102759.84
142646,99559.52,102759.72
142654,99559.72,102759.44
142663,99559.11,102759.41
142671,99559.16,102759.31
142680,99559.45,102759.27
142687,99559.12,102759.31
142696,99559.69,102759.33
142704,99559.61,102759.88
142713,99559.38,102759.67
142721,99559.31,102759.75
142730,99559.69,102759.58
142738,99559.33,102759.50
142746,99558.83,102759.12
142756,99558.94,102759.23
142763,99559.00,102758.98
142772,99559.19,102759.06
142780,99559.19,102759.31
142788,99559.17,102759.27
142797,99559.75,102759.48
142805,99558.89,102759.09
142814,99559.23,102758.95
142823,99558.69,102759.47
142831,99558.62,102759.06
142839,99558.78,102759.19
142848,99559.17,102758.70
142856,99559.20,102759.42
142864,99558.92,102759.27
142873,99559.23,102759.02
142881,99558.80,102759.38
142890,99558.64,102759.55
142898,99558.91,102759.22
142907,99558.72,102758.92
142915,99558.03,102759.11
142924,99559.17,102759.16
142933,99558.27,102759.11
142940,99558.70,102759.42
142949,99558.78,102758.97
142957,99558.50,102759.28
142966,99558.89,102759.12
142974,99558.81,102758.94
142983,99558.95,102758.84
142991,99558.69,102758.75
143000,99558.66,102759.42
143008,99558.67,102759.20
143016,99559.14,102759.16
143025,99558.61,102759.39
143033,99558.95,102758.78
143042,99559.30,102758.83
143050,99558.72,102758.70
143059,99558.72,102758.95
143067,99558.84,102758.89
143076,99558.92,102758.78
143084,99558.77,102758.81
143093,99558.91,102758.70
143101,99558.64,102759.05
143109,99558.59,102758.92
143117,99558.78,102759.22
143126,99558.78,102758.73
143134,99558.42,102759.05
143143,99558.34,102758.75
143151,99559.09,102758.94
143160,99558.83,102758.52
143168,99558.95,102759.05
143177,99558.28,102758.78
143185,99558.53,102758.86
143193,99558.77,102759.17
143202,99558.73,102758.81
143210,99558.84,102759.14
143219,99558.45,102758.84
143228,99558.55,102758.77
143235,99558.72,102758.95
143244,99558.81,102758.89
143253,99558.69,102758.36
143261,99558.97,102758.72
143269,99558.88,102758.77
143278,99558.75,102758.83
143286,99558.50,102759.02
143296,99558.45,102758.66
143303,99558.55,102758.75
143311,99558.83,102758.80
143320,99558.98,102759.06
143328,99558.80,102758.69
143337,99558.59,102758.69
143345,99558.64,102758.80
143354,99558.75,102759.02
143362,99559.05,102759.12
143370,99559.14,102759.22
143379,99559.28,102759.14
143387,99559.56,102759.58
143395,99559.34,102759.00
143404,99559.45,102758.94
143413,99559.56,102759.56
143420,99559.83,102759.36
143430,99559.94,102759.14
143438,99559.86,102759.02
143446,99560.00,102758.88
143455,99560.64,102759.70
143463,99560.86,102759.34
143471,99560.62,102759.48
143480,99560.47,102759.53
143489,99560.50,102759.67
143497,99561.48,102759.77
143505,99560.95,102759.45
143514,99561.20,102759.53
143522,99561.16,102759.39
143531,99561.31,102759.81
143539,99561.34,102759.08
143548,99561.36,102759.81
143556,99561.58,102759.75
143564,99561.33,102759.30
143572,99561.55,102759.64
143581,99561.45,102759.56
143590,99561.19,102759.84
143598,99561.75,102760.02
143607,99561.17,102759.88
143615,99561.73,102759.95
143624,99561.80,102760.05
143632,99561.58,102759.94
143642,99561.52,102759.75
143649,99561.44,102759.48
143658,99561.84,102759.44
143666,99561.69,102759.58
143674,99561.78,102759.52
143684,99561.67,102760.17
143691,99561.64,102759.78
143700,99561.73,102760.03
143708,99561.84,102759.66
143716,99562.12,102759.25
143724,99561.59,102759.75
143733,99561.52,102759.64
143742,99562.16,102759.64
143750,99561.67,102759.53
143758,99561.47,102759.47
143767,99561.50,102759.52
143776,99561.38,102759.45
143784,99561.20,102758.97
143792,99561.36,102759.75
143800,99561.56,102759.33
143809,99561.53,102759.70
143817,99561.98,102759.70
143826,99561.27,102759.97
143834,99561.77,102759.69
143843,99561.66,102759.81
143851,99561.47,102759.84
143859,99561.77,102759.50
143868,99561.80,102759.88
143877,99561.38,102759.41
143885,99562.28,102759.61
143893,99561.34,102759.80
143902,99561.88,102759.53
143911,99561.44,102759.48
143918,99561.28,102760.06
143927,99561.86,102759.92
143936,99561.44,102759.61
143944,99561.33,102759.48
143952,99562.08,102759.66
143961,99561.66,102759.64
143969,99561.72,102759.59
143977,99561.86,102759.09
143986,99562.14,102759.69
143994,99561.78,102759.61
144003,99561.58,102759.98
144011,99561.98,102759.95
144020,99562.20,102759.69
144028,99561.89,102759.59
144036,99562.00,102759.34
144045,99561.91,102759.39
144054,99562.03,102759.39
144062,99561.34,102759.38
144070,99561.91,102760.22
144079,99561.58,102759.66
144087,99561.78,102759.88
144095,99561.66,102759.52
144104,99561.33,102759.42
144113,99562.17,102759.72
144121,99562.00,102759.53
144129,99561.38,102759.70
144138,99561.89,102759.03
144147,99561.70,102759.61
144154,99561.81,102759.30
144163,99561.69,102759.52
144171,99561.66,102758.75
144179,99561.55,102759.09
144188,99561.78,102759.38
144197,99561.77,102759.59
144205,99561.86,102759.66
144214,99562.09,102758.92
144222,99561.66,102759.45
144231,99561.41,102759.42
144239,99561.92,102759.64
144248,99561.58,102759.44
144255,99561.97,102759.45
144264,99561.42,102759.41
144272,99561.36,102759.05
144282,99560.94,102759.12
144290,99561.39,102758.66
144298,99561.22,102758.81
144306,99561.95,102758.77
144314,99560.97,102758.64
144323,99561.20,102758.97
144332,99560.86,102758.48
144340,99560.23,102758.84
144348,99560.62,102758.73
144357,99560.41,102758.34
144365,99560.78,102759.08
144374,99560.05,102758.61
144382,99560.38,102758.70
144390,99560.22,102758.17
144399,99560.34,102758.14
144408,99560.02,102758.23
144416,99559.81,102758.55
144425,99559.64,102758.34
144433,99559.80,102758.39
144441,99558.95,102758.23
144450,99559.45,102758.17
144458,99558.72,102757.44
144466,99558.88,102757.73
144475,99559.09,102758.00
144484,99559.19,102757.77
144492,99559.03,102757.67
144500,99558.69,102757.31
144509,99558.73,102757.80
144518,99558.67,102757.25
144526,99558.39,102757.30
144535,99558.77,102757.69
144543,99559.16,102757.41
144551,99558.77,102757.42
144560,99559.19,102757.58
144568,99559.33,102757.30
144577,99559.47,102757.48
144585,99559.52,102757.31
144594,99560.03,102757.92
144602,99559.94,102758.08
144611,99560.39,102758.12
144618,99560.66,102758.14
144627,99560.97,102758.08
144635,99561.36,102758.69
144644,99561.52,102758.03
144652,99562.39,102759.00
144661,99562.38,102758.56
144669,99562.59,102758.58
144677,99562.61,102758.80
144686,99562.98,102758.62
144694,99563.05,102758.80
144703,99563.05,102758.50
144711,99563.23,102758.91
144720,99563.72,102759.02
144728,99563.33,102758.31
144736,99563.42,102758.83
144744,99563.42,102758.69
144753,99563.38,102758.52
144761,99563.12,102758.58
144770,99562.91,102759.00
144779,99563.67,102758.62
144787,99562.94,102759.20
144795,99563.75,102758.55
144804,99562.89,102758.42
144812,99562.45,102758.48
144821,99562.27,102758.05
144829,99561.70,102758.33
144838,99561.69,102757.44
144846,99561.23,102757.88
144854,99561.92,102757.64
144863,99560.69,102757.67
144872,99560.30,102757.56
144880,99560.17,102757.53
144888,99559.73,102757.06
144897,99559.88,102757.17
144905,99559.62,102756.58
144914,99559.30,102757.33
144921,99558.64,102756.84
144930,99559.25,102756.83
144939,99558.86,102757.19
144948,99558.75,102756.81
144955,99559.11,102756.81
144964,99558.80,102757.30
144972,99558.73,102757.03
144981,99559.02,102757.09
144989,99559.16,102757.34
144998,99560.17,102757.16
145006,99560.39,102757.44
145014,99560.81,102757.80
145023,99560.92,102757.91
145031,99561.39,102758.00
145040,99561.55,102757.91
145048,99562.02,102758.34
145057,99562.48,102758.36
145065,99562.80,102758.66
145074,99563.16,102758.28
145081,99562.89,102758.56
145090,99564.00,102758.25
145099,99563.09,102758.67
145107,99563.64,102758.64
145115,99564.00,102758.38
145124,99564.25,102758.48
145132,99563.72,102758.86
145141,99564.03,102758.12
145149,99563.62,102758.52
145158,99563.94,102758.25
145166,99563.38,102758.52
145175,99563.61,102758.34
145183,99563.42,102758.58
145192,99563.14,102758.38
145200,99563.25,102758.23
145209,99563.02,102758.16
145217,99562.86,102758.38
145226,99562.70,102758.33
145234,99562.33,102758.06
145243,99562.34,102757.98
145251,99561.36,102757.88
145258,99561.38,102757.64
145268,99561.03,102757.27
145276,99560.72,102757.02
145285,99560.52,102757.02
145293,99560.41,102756.94
145301,99560.00,102756.72
145310,99560.14,102756.81
145318,99559.89,102756.55
145326,99559.84,102757.12
145335,99559.16,102756.84
145344,99559.98,102756.38
145352,99559.62,102756.98
145360,99559.34,102756.23
145369,99559.47,102756.81
145377,99559.66,102757.12
145386,99559.66,102757.11
145394,99560.31,102756.80
145402,99560.31,102756.52
145410,99560.11,102756.81
145419,99560.64,102756.67
145427,99561.27,102756.83
145436,99561.64,102757.45
145444,99562.00,102756.98
145453,99562.44,102757.61
145461,99562.59,102757.78
145470,99562.95,102758.11
145478,99563.69,102757.84
145487,99563.94,102758.55
145495,99564.06,102758.11
145504,99563.95,102758.17
145512,99564.06,102758.23
145520,99564.17,102758.23
145529,99564.00,102758.17
145537,99563.89,102758.59
145545,99564.17,102758.36
145554,99564.09,102758.25
145562,99563.67,102758.38
145571,99563.77,102758.30
145579,99564.09,102758.23
145588,99563.02,102757.58
145596,99563.78,102758.17
145605,99563.30,102757.56
145613,99562.77,102757.28
145621,99562.53,102757.62
145630,99562.31,102757.25
145638,99561.88,102757.34
145646,99562.44,102757.80
145655,99561.34,102757.08
145663,99560.88,102756.78
145672,99560.92,102757.30
145681,99560.39,102756.62
145689,99560.64,102756.34
145698,99560.02,102756.38
145706,99560.05,102756.66
145714,99559.77,102756.41
145722,99559.84,102756.09
145731,99559.70,102756.42
145741,99560.31,102756.38
145748,99559.55,102756.41
145756,99559.33,102755.98
145765,99559.64,102755.95
145773,99559.78,102756.16
145782,99559.67,102756.28
145790,99559.88,102756.03
145799,99560.05,102756.80
145809,99560.94,102756.12
145818,99561.80,102757.20
145823,99561.86,102757.20
145832,99562.23,102757.59
145841,99562.89,102757.36
145849,99562.89,102757.14
145858,99563.59,102757.75
145866,99563.52,102757.16
145875,99563.69,102757.98
145883,99563.89,102757.78
145891,99564.05,102758.16
145899,99564.36,102758.22
145908,99564.64,102758.50
145916,99564.53,102757.80
145925,99564.20,102758.00
145933,99564.45,102758.31
145942,99564.80,102758.05
145950,99564.84,102757.95
145959,99564.80,102757.69
145968,99564.64,102757.89
145976,99564.39,102757.55
145984,99564.23,102757.89
145993,99564.56,102757.95
146001,99564.50,102757.91
146010,99564.06,102758.00
146017,99564.33,102757.72
146026,99563.69,102757.56
146034,99563.84,102757.55
146044,99563.44,102757.16
146051,99563.12,102757.25
146060,99562.50,102757.05
146068,99562.53,102757.20
146077,99561.77,102756.42
146085,99561.91,102757.02
146094,99561.88,102756.94
146103,99561.56,102756.44
146111,99561.02,102756.58
146119,99561.44,102756.16
146128,99560.78,102756.25
146135,99561.11,102756.33
146144,99561.11,102756.52
146153,99560.83,102756.52
146161,99561.73,102756.53
146169,99561.09,102756.30
146178,99561.16,102756.73
146186,99561.69,102756.52
146195,99561.75,102756.72
146203,99561.81,102756.88
146212,99562.56,102756.75
146220,99562.89,102756.81
146229,99562.75,102757.08
146237,99563.39,102757.31
146246,99564.23,102757.94
146254,99564.08,102757.39
146263,99564.50,102757.16
146271,99564.73,102756.69
146279,99564.72,102757.77
146288,99565.34,102757.55
146296,99565.48,102757.58
146305,99564.62,102758.22
146313,99565.20,102757.80
146322,99564.58,102758.02
146330,99564.84,102758.05
146339,99564.83,102757.92
146346,99565.00,102757.91
146355,99565.11,102757.69
146364,99564.98,102758.06
146371,99564.66,102758.08
146380,99564.52,102758.38
146389,99563.92,102757.72
146398,99564.09,102757.48
146406,99563.94,102757.95
146414,99563.38,102757.84
146423,99563.98,102757.42
146431,99563.22,102757.45
146439,99563.28,102757.89
146448,99562.95,102757.31
146456,99562.61,102757.56
146464,99562.38,102757.08
146473,99561.78,102756.67
146481,99561.31,102756.56
146490,99561.81,102756.38
146498,99561.36,102756.59
146507,99561.16,102756.50
146515,99560.89,102756.75
146524,99561.25,102756.02
146533,99561.00,102756.75
146541,99560.94,102756.75
146549,99560.64,102756.28
146558,99560.52,102756.42
146566,99561.11,102756.41
146574,99561.67,102756.36
146583,99561.33,102756.30
146591,99561.91,102756.52
146599,99561.91,102756.52
146608,99562.45,102757.58
146616,99562.88,102757.58
146625,99563.28,102757.75
146634,99563.62,102757.39
146642,99564.12,102757.83
146650,99564.33,102757.62
146659,99564.08,102757.78
146667,99564.72,102757.70
146676,99564.70,102758.11
146684,99564.95,102757.88
146693,99565.05,102758.61
146701,99565.52,102758.09
146709,99564.92,102758.28
146718,99565.81,102758.34
146726,99565.22,102757.72
146734,99565.67,102758.98
146743,99565.06,102758.05
146751,99564.81,102757.94
146760,99565.30,102758.28
146768,99564.44,102757.70
146777,99565.05,102757.84
146785,99565.36,102757.72
146793,99565.20,102757.70
146802,99564.61,102757.44
146810,99564.09,102757.61
146819,99563.94,102757.17
146827,99563.78,102757.14
146836,99563.33,102757.02
146844,99563.20,102757.06
146852,99562.86,102757.09
146861,99562.55,102756.62
146869,99562.41,102756.61
146878,99561.95,102756.61
146886,99561.70,102756.81
146894,99561.73,102756.75
146903,99561.58,102756.50
146911,99561.25,102756.75
146920,99561.03,102756.33
146928,99561.19,102756.30
146936,99561.30,102756.44
146945,99561.33,102756.08
146953,99561.38,102756.55
146962,99561.58,102756.80
146971,99561.92,102757.31
146978,99562.69,102757.59
146987,99563.14,102757.23
146995,99563.30,102757.34
147004,99563.52,102757.50
147012,99564.48,102757.88
147021,99564.33,102757.72
147029,99564.66,102758.06
147038,99564.84,102758.05
147046,99565.00,102757.80
147055,99564.77,102758.19
147063,99565.31,102758.17
147072,99565.59,102758.52
147080,99565.75,102758.27
147089,99565.52,102757.83
147096,99566.22,102758.27
147105,99566.08,102758.02
147113,99566.05,102758.30
147122,99566.03,102758.48
147131,99565.33,102758.00
147139,99566.08,102758.08
147148,99565.77,102758.47
147156,99565.48,102757.97
147165,99565.22,102758.47
147173,99564.97,102757.88
147181,99564.50,102758.14
147189,99564.33,102757.61
147198,99563.97,102757.72
147207,99564.11,102757.69
147215,99563.62,102757.28
147224,99563.25,102757.36
147232,99563.06,102757.27
147240,99562.75,102757.02
147249,99562.20,102756.72
147257,99562.47,102756.86
147266,99562.34,102756.78
147274,99562.36,102756.58
147282,99562.19,102756.52
147291,99562.30,102756.59
147299,99562.02,102756.77
147308,99562.05,102756.16
147316,99561.53,102756.33
147324,99561.75,102756.27
147333,99561.95,102756.95
147342,99561.88,102756.67
147350,99562.42,102756.56
147359,99562.48,102757.11
147366,99562.98,102756.59
147375,99562.83,102756.88
147383,99563.61,102757.30
147392,99563.39,102757.22
147400,99563.95,102757.36
147409,99564.45,102757.61
147417,99564.83,102757.34
147425,99565.19,102758.20
147434,99565.58,102758.05
147442,99565.38,102758.22
147451,99566.08,102758.28
147459,99565.95,102758.14
147468,99566.08,102758.59
147476,99565.88,102758.30
147485,99566.39,102757.97
147493,99566.31,102758.62
147502,99566.56,102757.95
147510,99566.38,102758.11
147519,99565.89,102758.33
147527,99566.75,102758.61
147535,99566.33,102758.14
147544,99566.06,102757.95
147552,99565.66,102757.95
147561,99565.30,102757.61
147569,99565.66,102758.27
147577,99565.88,102758.34
147586,99565.41,102758.06
147594,99564.70,102757.56
147602,99564.61,102757.52
147611,99565.12,102757.39
147620,99564.05,102757.52
147628,99563.83,102757.23
147637,99563.81,102757.03
147645,99563.56,102756.83
147653,99563.69,102756.17
147662,99563.06,102756.44
147670,99562.58,102756.53
147679,99562.22,102756.59
147687,99562.33,102756.66
147695,99562.11,102756.78
147704,99562.36,102756.95
147713,99562.47,102756.36
147721,99562.28,102755.88
147730,99562.02,102756.36
147737,99562.45,102756.53
147746,99562.19,102756.73
147755,99562.53,102756.36
147763,99563.09,102756.42
147771,99563.14,102756.72
147779,99563.69,102756.95
147788,99564.48,102756.81
147798,99564.09,102757.03
147805,99565.05,102757.33
147814,99564.58,102757.73
147822,99565.81,102757.61
147830,99566.42,102758.27
147838,99566.16,102758.08
147847,99566.48,102757.81
147856,99566.78,102757.80
147864,99567.03,102758.00
147872,99567.23,102758.31
147881,99567.12,102758.19
147889,99566.77,102758.05
147898,99567.47,102758.22
147906,99567.39,102758.25
147915,99566.66,102758.70
147923,99567.27,102758.20
147932,99567.48,102758.08
147940,99567.28,102758.34
147949,99566.78,102757.94
147957,99567.14,102757.97
147965,99566.97,102757.73
147974,99566.91,102757.69
147982,99567.55,102758.08
147990,99566.84,102757.89
147999,99566.12,102757.94
148007,99566.17,102757.56
148016,99566.05,102757.56
148024,99565.52,102757.36
148033,99565.52,102757.69
148041,99565.62,102757.53
148050,99565.20,102757.20
148057,99564.83,102756.59
148066,99564.52,102757.14
148074,99564.06,102757.23
148083,99564.34,102756.80
148091,99563.58,102756.64
148100,99563.45,102756.86
148109,99563.12,102756.61
148117,99563.80,102756.50
148126,99563.69,102756.61
148134,99563.88,102756.59
148142,99563.75,102756.30
148151,99563.92,102756.78
148159,99563.80,102756.73
148167,99563.55,102756.61
148176,99564.47,102756.38
148185,99564.84,102756.64
148193,99564.84,102756.95
148202,99565.75,102757.44
148209,99566.02,102757.30
148218,99566.33,102757.36
148227,99566.88,102757.50
148235,99567.16,102757.66
148244,99567.25,102758.14
148253,99567.92,102758.42
148260,99567.53,102758.22
148269,99568.67,102758.05
148278,99568.20,102758.12
148286,99568.95,102758.45
148293,99568.42,102758.56
148303,99568.72,102758.08
148311,99568.34,102758.42
148319,99568.86,102758.55
148328,99568.69,102758.25
148336,99568.84,102758.38
148345,99569.19,102758.38
148353,99569.08,102758.34
148361,99568.56,102758.73
148370,99568.61,102758.08
148378,99568.38,102758.06
148387,99568.45,102758.44
148395,99568.06,102758.23
148403,99568.28,102758.25
148412,99567.91,102758.56
148420,99567.12,102757.67
148430,99567.28,102757.70
148438,99566.78,102757.80
148446,99566.91,102757.42
148454,99566.83,102757.33
148463,99566.44,102757.28
148471,99566.27,102757.27
148480,99565.44,102757.22
148487,99565.06,102757.17
148496,99564.81,102756.72
148504,99564.81,102756.77
148513,99564.72,102757.08
148521,99564.38,102756.41
148530,99564.50,102756.50
148538,99564.31,102756.59
148547,99564.39,102756.16
148555,99565.05,102756.58
148564,99564.23,102756.72
148572,99564.42,102756.88
148581,99563.86,102756.78
148589,99564.70,102756.78
148597,99564.58,102756.44
148606,99564.44,102756.72
148615,99564.78,102757.17
148624,99565.59,102757.08
148633,99566.08,102756.81
148640,99566.14,102757.16
148649,99566.38,102757.02
148657,99567.06,102757.91
148666,99567.09,102757.94
148674,99567.03,102758.05
148683,99567.33,102757.56
148691,99567.66,102757.78
148700,99568.55,102758.27
148708,99568.48,102757.92
148716,99568.73,102757.97
148725,99568.64,102758.02
148733,99568.88,102758.22
148741,99568.94,102758.52
148749,99568.95,102758.58
148758,99568.78,102758.53
148766,99569.08,102758.47
148775,99569.36,102758.27
148784,99569.05,102757.97
148792,99569.08,102758.39
148801,99568.81,102758.69
148809,99569.27,102757.88
148816,99568.84,102758.28
148825,99568.52,102758.12
148833,99568.53,102758.14
148843,99568.77,102757.91
148851,99568.55,102757.97
148859,99567.53,102757.92
148867,99567.53,102757.42
148876,99567.36,102757.31
148884,99566.73,102757.81
148893,99566.55,102757.66
148901,99566.64,102757.08
148909,99566.00,102757.09
148918,99565.89,102756.97
148926,99565.33,102756.92
148936,99565.73,102756.55
148943,99565.77,102756.59
148951,99565.25,102755.92
148960,99565.59,102756.38
148969,99565.27,102756.58
148976,99564.81,102756.72
148985,99564.77,102757.16
148994,99564.88,102756.58
149002,99565.08,102756.89
149011,99565.33,102756.89
149019,99566.03,102757.30
149028,99566.38,102757.14
149036,99567.16,102757.33
149045,99566.97,102757.70
149052,99567.66,102757.72
149062,99567.92,102757.86
149069,99567.84,102757.56
149078,99568.53,102758.00
149086,99568.56,102758.25
149095,99568.94,102758.12
149103,99569.06,102758.11
149112,99569.34,102758.34
149120,99569.67,102757.98
149129,99569.00,102758.41
149137,99569.62,102758.39
149146,99569.80,102758.25
149154,99569.75,102758.70
149162,99570.03,102758.48
149171,99569.48,102758.48
149179,99569.67,102758.27
149188,99569.89,102758.44
149197,99570.30,102758.09
149204,99569.75,102758.17
149213,99569.80,102758.58
149221,99569.50,102758.41
149230,99569.17,102758.59
149238,99570.30,102758.08
149247,99569.41,102758.52
149255,99569.53,102758.20
149264,99569.34,102758.38
149272,99569.89,102758.33
149281,99569.56,102758.25
149289,99569.84,102758.22
149298,99569.59,102757.95
149306,99569.73,102758.62
149315,99569.31,102758.17
149323,99569.84,102758.12
149331,99569.53,102758.31
149340,99569.45,102758.75
149349,99569.66,102758.22
149357,99569.98,102758.23
149364,99569.55,102758.22
149373,99569.75,102758.05
149381,99569.50,102758.50
149390,99569.69,102758.00
149399,99570.23,102758.19
149407,99569.66,102758.06
149415,99569.80,102758.19
149424,99570.08,102758.31
149432,99569.55,102757.91
149440,99569.42,102758.55
149449,99569.78,102758.23
149457,99569.33,102758.12
149466,99569.81,102758.70
149474,99569.50,102758.17
149483,99569.89,102758.30
149492,99570.09,102757.89
149500,99569.77,102757.83
149508,99570.41,102758.50
149517,99569.83,102758.45
149525,99569.81,102758.30
149534,99569.48,102758.56
149542,99570.05,102758.31
149550,99569.95,102758.08
149559,99570.06,102758.31
149567,99570.16,102758.62
149575,99570.27,102758.17
149584,99569.55,102758.44
149594,99570.22,102757.91
149601,99569.70,102757.98
149609,99569.67,102758.80
149617,99570.34,102758.33
149626,99569.97,102758.52
149635,99570.28,102758.47
149643,99569.77,102758.78
149651,99569.73,102758.61
149660,99570.30,102758.11
149669,99570.38,102758.72
149676,99570.34,102758.36
149685,99570.30,102758.50
149694,99570.23,102758.83
149702,99570.25,102758.03
149711,99570.06,102758.14
149719,99569.97,102758.39
149728,99569.62,102758.34
149736,99569.95,102758.34
149744,99569.53,102758.19
149753,99569.86,102758.34
149761,99569.86,102758.00
149770,99569.47,102758.19
149778,99569.92,102757.61
149786,99569.42,102757.98
149795,99569.22,102757.55
149803,99568.66,102758.12
149812,99568.77,102757.72
149819,99568.58,102757.33
149829,99568.03,102757.77
149836,99568.31,102757.41
149846,99567.72,102757.58
149853,99567.58,102757.52
149863,99567.50,102757.39
149871,99567.28,102756.62
149879,99567.42,102756.48
149887,99567.02,102756.95
149897,99566.66,102757.11
149904,99566.64,102756.69
149913,99566.66,102756.91
149921,99566.45,102756.56
149929,99567.03,102757.03
149938,99566.67,102757.27
149946,99566.78,102757.08
149955,99566.78,102756.88
149963,99567.34,102756.64
149972,99567.30,102757.33
149980,99567.06,102757.22
149988,99567.39,102757.22
149997,99568.08,102756.95
150006,99568.39,102757.95
150014,99569.11,102757.48
150022,99569.02,102757.75
150031,99569.05,102757.94
150039,99569.81,102757.41
150048,99570.25,102757.75
150056,99570.62,102758.27
150065,99570.89,102758.20
150073,99570.69,102757.89
150082,99570.64,102758.39
150090,99571.00,102757.98
150098,99571.05,102758.28
150106,99571.38,102758.70
150115,99571.41,102758.41
150123,99571.89,102758.22
150132,99571.23,102758.38
150140,99570.98,102758.31
150149,99571.47,102758.36
150157,99571.72,102758.55
150166,99570.94,102758.11
150174,99571.14,102758.14
150183,99571.28,102758.23
150191,99570.81,102758.20
150199,99570.88,102758.09
150208,99570.86,102758.33
150216,99570.48,102757.91
150224,99570.52,102757.67
150233,99570.06,102758.05
150241,99570.22,102757.83
150250,99569.62,102757.78
150258,99569.00,102757.55
150267,99568.86,102757.41
150275,99568.73,102757.48
150284,99568.64,102756.86
150292,99567.97,102756.72
150301,99568.14,102757.11
150309,99567.88,102757.09
150318,99568.11,102756.64
150326,99567.20,102757.14
150334,99567.91,102756.80
150343,99567.64,102756.86
150351,99567.73,102756.36
150360,99567.94,102757.03
150369,99567.98,102757.02
150377,99567.98,102756.56
150384,99568.03,102757.25
150393,99568.31,102757.47
150402,99569.00,102757.14
150411,99569.11,102757.41
150419,99569.56,102757.52
150428,99570.27,102757.88
150435,99570.23,102758.02
150444,99571.02,102758.05
150452,99571.39,102758.17
150460,99571.84,102758.28
150469,99571.44,102758.48
150479,99572.25,102758.34
150486,99572.11,102758.30
150494,99572.19,102757.84
150503,99573.17,102758.52
150511,99572.75,102758.58
150520,99572.77,102758.72
150528,99573.58,102758.88
150536,99573.17,102758.42
150545,99573.64,102758.77
150553,99573.75,102758.91
150562,99573.44,102758.91
150570,99573.78,102758.89
150578,99573.44,102758.97
150588,99573.47,102759.05
150595,99572.77,102758.92
150604,99573.06,102759.05
150612,99572.69,102758.92
150621,99572.58,102758.81
150630,99571.91,102758.27
150639,99572.16,102758.47
150647,99571.95,102758.84
150656,99572.16,102758.50
150665,99571.97,102758.27
150672,99570.98,102758.00
150681,99570.44,102757.98
150689,99570.75,102757.39
150698,99570.55,102757.11
150706,99570.00,102757.31
150715,99569.22,102757.02
150723,99569.67,102756.75
150731,99569.12,102756.73
150741,99569.27,102757.16
150749,99568.61,102756.66
150757,99569.22,102756.84
150765,99568.75,102756.59
150773,99568.95,102756.91
150782,99568.98,102756.89
150790,99569.12,102756.69
150799,99568.84,102756.48
150807,99569.03,102756.89
150817,99569.12,102756.48
150824,99570.23,102756.64
150832,99569.80,102757.19
150840,99570.28,102757.12
150849,99570.78,102757.25
150857,99570.97,102757.73
150866,99571.67,102758.08
150875,99572.08,102758.33
150882,99572.48,102757.84
150891,99572.08,102757.97
150899,99572.53,102758.08
150908,99573.22,102758.34
150916,99572.84,102758.27
150925,99573.25,102758.12
150933,99573.09,102758.84
150941,99573.27,102758.12
150950,99573.53,102758.31
150958,99573.23,102757.95
150967,99573.53,102757.94
150975,99573.19,102758.08
150984,99573.23,102758.05
150992,99573.41,102758.11
151000,99573.45,102757.95
151008,99572.80,102757.80
151017,99573.20,102757.92
151025,99572.94,102757.58
151034,99572.47,102757.62
151042,99572.31,102757.59
151051,99572.06,102757.39
151059,99572.38,102757.22
151068,99571.72,102756.56
151077,99571.22,102757.38
151084,99571.25,102757.00
151093,99570.75,102756.67
151101,99571.03,102756.86
151110,99569.81,102756.48
151119,99570.53,102755.98
151126,99569.88,102756.14
151135,99569.81,102756.48
151143,99569.66,102756.16
151152,99569.80,102756.34
151160,99569.72,102756.69
151169,99569.27,102756.48
151177,99569.59,102755.91
151186,99569.80,102756.38
151194,99569.59,102756.50
151202,99570.09,102756.78
151211,99570.36,102756.58
151220,99570.89,102756.77
151228,99570.81,102756.95
151237,99571.27,102756.95
151245,99572.16,102757.42
151254,99572.23,102757.75
151261,99572.83,102758.05
151270,99572.94,102757.91
151279,99573.72,102758.08
151287,99574.47,102757.84
151296,99573.95,102757.77
151304,99574.20,102758.09
151313,99574.53,102757.92
151321,99575.19,102758.31
151329,99574.80,102758.25
151338,99575.25,102758.97
151347,99575.48,102758.41
151354,99575.28,102758.66
151363,99575.45,102758.17
151371,99575.20,102758.14
151380,99575.27,102758.17
151388,99575.08,102757.92
151397,99575.47,102758.11
151405,99575.17,102758.03
151414,99575.84,102758.20
151422,99575.62,102758.28
151430,99574.89,102757.86
151439,99574.58,102757.41
151447,99574.38,102757.67
151456,99574.19,102757.78
151464,99574.19,102757.19
151473,99573.95,102757.34
151482,99573.47,102757.03
151489,99572.83,102757.61
151498,99572.73,102756.48
151506,99571.67,102756.98
151515,99571.81,102756.92
151523,99571.84,102756.58
151531,99571.64,102756.17
151540,99570.73,102756.38
151549,99570.94,102756.19
151556,99571.41,102755.92
151566,99570.91,102756.25
151574,99570.77,102756.52
151583,99571.16,102756.23
151590,99570.62,102756.02
151599,99570.84,102756.47
151608,99571.22,102755.70
151616,99571.23,102756.52
151625,99572.17,102756.27
151633,99572.48,102756.77
151642,99573.14,102757.06
151649,99573.73,102757.17
151658,99574.14,102756.94
151666,99574.28,102757.53
151675,99574.97,102757.34
151683,99575.02,102757.62
151692,99575.56,102757.41
151700,99575.25,102757.41
151709,99575.58,102758.06
151717,99576.00,102757.47
151725,99575.97,102757.84
151734,99575.52,102757.17
151743,99576.02,102757.27
151751,99576.14,102757.25
151759,99575.47,102757.56
151768,99575.69,102757.50
151776,99575.27,102757.11
151785,99575.53,102757.08
151793,99575.02,102756.89
151802,99575.16,102757.33
151810,99574.73,102756.86
151818,99574.97,102756.89
151827,99574.62,102757.09
151836,99573.98,102756.48
151844,99573.91,102756.53
151853,99573.16,102756.45
151860,99573.39,102756.06
151869,99573.02,102756.12
151877,99572.69,102756.41
151885,99572.81,102756.23
151895,99572.08,102755.81
151903,99572.14,102755.75
151910,99572.14,102755.53
151919,99571.89,102755.89
151928,99571.62,102755.88
151937,99572.08,102755.80
151945,99572.00,102755.95
151953,99572.02,102755.72
151962,99572.06,102756.34
151970,99573.19,102755.97
151979,99573.27,102756.23
151987,99573.73,102756.38
151996,99574.08,102756.31
152004,99574.77,102756.36
152013,99574.89,102756.86
152020,99575.30,102757.11
152029,99575.64,102757.23
152038,99575.97,102756.75
152046,99575.50,102757.16
152055,99576.06,102757.36
152063,99576.12,102756.59
152071,99575.83,102757.30
152080,99576.17,102756.84
152089,99576.12,102756.52
152096,99576.30,102756.62
152105,99576.11,102756.77
152113,99575.61,102756.41
152122,99575.81,102756.72
152130,99575.16,102756.69
152139,99575.16,102756.78
152147,99575.08,102756.55
152156,99574.59,102756.23
152164,99574.39,102756.27
152173,99574.20,102756.09
152181,99573.92,102755.95
152189,99573.39,102755.91
152198,99573.00,102756.02
152206,99572.86,102755.80
152215,99572.50,102756.25
152223,99572.47,102755.55
152231,99571.66,102755.75
152240,99571.98,102755.36
152248,99571.05,102755.53
152256,99570.81,102755.34
152265,99571.47,102755.75
152274,99570.92,102754.95
152282,99570.61,102755.34
152291,99570.86,102755.78
152299,99570.73,102755.55
152307,99570.47,102755.33
152316,99570.23,102755.59
152325,99570.34,102756.00
152332,99570.48,102755.84
152341,99570.48,102755.80
152349,99570.34,102755.78
152359,99570.20,102755.91
152366,99570.03,102755.72
152375,99570.47,102755.48
152384,99570.09,102755.67
152391,99570.30,102756.17
152400,99569.95,102755.69
152408,99570.06,102755.70
152417,99570.22,102755.72
152426,99569.92,102756.06
152434,99570.05,102755.44
152443,99570.41,102755.78
152450,99569.72,102755.94
152459,99569.47,102755.72
152468,99569.89,102755.38
152476,99569.61,102755.97
152484,99569.55,102755.91
152493,99569.38,102756.16
152502,99569.58,102755.72
152510,99569.92,102756.02
152518,99569.69,102755.80
152526,99569.27,102755.73
152534,99569.39,102756.33
152543,99569.55,102756.09
152552,99569.36,102756.09
152560,99569.36,102756.08
152568,99569.11,102756.33
152577,99569.22,102756.09
152585,99569.11,102756.31
152594,99568.56,102756.12
152603,99569.19,102756.08
152611,99568.27,102755.92
152620,99568.94,102756.64
152627,99568.73,102756.47
152636,99568.58,102755.86
152645,99568.44,102756.22
152653,99568.56,102756.75
152661,99568.23,102756.44
152670,99568.05,102756.69
152678,99568.84,102756.48
152686,99568.31,102756.38
152695,99568.77,102756.34
152703,99568.28,102756.12
152712,99568.47,102756.27
152721,99568.45,102756.34
152729,99568.91,102756.52
152737,99567.92,102756.08
152748,99568.41,102756.52
152754,99568.00,102756.19
152763,99568.20,102756.89
152772,99568.52,102756.20
152780,99568.08,102756.52
152788,99568.47,102756.19
152797,99568.19,102756.31
152806,99568.41,102756.09
152814,99568.03,102756.12
152822,99568.11,102756.69
152831,99567.59,102755.98
152839,99567.66,102756.53
152847,99567.72,102756.75
152855,99567.78,102757.52
152864,99567.31,102757.31
152872,99567.16,102757.14
152881,99567.75,102757.27
152890,99567.45,102757.31
152898,99567.27,102757.23
152906,99567.73,102757.95
152914,99568.39,102758.36
152922,99567.97,102758.28
152931,99567.98,102759.41
152940,99567.97,102758.98
152948,99568.19,102759.58
152957,99568.47,102759.95
152965,99568.39,102760.58
152974,99568.67,102760.72
152981,99568.50,102760.31
152990,99568.62,102760.55
152999,99567.98,102760.44
153007,99568.81,102760.92
153015,99568.23,102761.19
153024,99568.06,102760.83
153032,99568.81,102760.66
153041,99567.97,102761.22
153049,99568.09,102760.92
153057,99568.14,102760.88
153066,99567.98,102760.66
153074,99568.62,102761.12
153083,99568.06,102760.42
153091,99567.72,102760.42
153100,99567.58,102759.84
153108,99568.06,102760.12
153117,99567.38,102760.59
153125,99568.19,102759.72
153134,99567.92,102758.98
153143,99567.39,102758.86
153151,99566.89,102759.05
153159,99566.77,102758.52
153167,99566.64,102758.75
153176,99566.73,102758.38
153184,99566.48,102758.67
153193,99566.52,102757.92
153201,99566.83,102757.92
153210,99566.47,102757.75
153218,99566.31,102757.20
153227,99566.56,102757.69
153235,99566.03,102757.33
153244,99566.14,102757.72
153251,99566.62,102757.42
153260,99566.33,102757.53
153268,99566.00,102757.36
153276,99566.14,102757.47
153285,99566.38,102757.88
153293,99566.70,102758.02
153302,99566.12,102758.20
153310,99566.36,102757.97
153319,99566.50,102757.53
153327,99566.11,102758.11
153336,99565.95,102758.23
153344,99566.33,102758.52
153352,99566.22,102758.56
153361,99566.30,102758.44
153369,99566.20,102758.89
153378,99565.95,102759.11
153386,99565.83,102760.03
153395,99566.03,102760.11
153404,99565.81,102760.42
153411,99566.22,102760.50
153420,99566.23,102760.45
153428,99566.16,102761.05
153437,99566.61,102761.31
153445,99566.19,102761.33
153454,99566.42,102761.16
153462,99566.20,102760.64
153470,99566.12,102760.75
153479,99566.33,102761.38
153487,99565.77,102760.84
153496,99565.36,102760.69
153505,99566.06,102760.91
153513,99566.17,102761.03
153521,99566.06,102760.31
153530,99565.25,102760.48
153539,99565.59,102760.20
153547,99565.69,102759.98
153555,99565.86,102759.25
153564,99565.66,102758.70
153572,99565.44,102758.73
153581,99565.42,102758.36
153589,99565.89,102758.30
153597,99565.28,102758.00
153606,99565.34,102756.97
153614,99565.17,102757.91
153622,99564.77,102756.81
153631,99565.16,102757.55
153639,99565.34,102757.72
153648,99565.20,102757.36
153656,99564.94,102757.58
153665,99564.97,102757.55
153673,99565.14,102757.36
153682,99565.17,102757.25
153689,99565.48,102757.12
153698,99564.98,102757.28
153707,99564.91,102757.39
153715,99565.05,102757.59
153723,99564.97,102757.77
153732,99564.88,102757.77
153741,99564.62,102758.56
153749,99565.38,102759.03
153758,99564.95,102759.14
153766,99565.09,102759.52
153775,99564.89,102760.08
153782,99564.77,102760.73
153791,99564.81,102761.02
153800,99565.16,102760.86
153808,99564.83,102761.41
153817,99564.78,102761.44
153824,99564.98,102761.36
153833,99565.00,102762.09
153842,99564.88,102762.22
153850,99565.03,102762.00
153859,99565.30,102761.73
153867,99564.56,102762.28
153875,99565.25,102762.14
153884,99564.94,102761.97
153892,99564.62,102761.66
153901,99564.30,102761.80
153909,99564.84,102761.77
153918,99564.92,102761.50
153926,99564.22,102760.73
153934,99564.80,102760.58
153943,99564.52,102761.12
153952,99564.48,102760.58
153960,99564.41,102760.56
153969,99564.39,102760.22
153977,99564.41,102759.98
153985,99564.52,102759.44
153993,99564.34,102759.09
154002,99564.30,102758.64
154010,99563.98,102758.50
154019,99563.59,102758.42
154028,99563.92,102758.27
154035,99564.22,102758.23
154044,99564.22,102758.11
154053,99564.17,102758.19
154061,99564.30,102758.78
154069,99563.84,102758.56
154078,99564.02,102758.56
154087,99564.56,102758.58
154095,99564.39,102758.47
154103,99563.77,102759.31
154112,99564.14,102758.59
154119,99564.11,102758.78
154128,99564.11,102759.08
154136,99563.61,102759.84
154145,99564.09,102760.45
154154,99563.64,102760.56
154162,99564.33,102761.02
154171,99564.08,102761.33
154179,99564.44,102761.56
154187,99564.17,102761.75
154196,99564.45,102762.45
154204,99564.64,102762.14
154213,99564.14,102762.62
154221,99564.61,102762.56
154230,99564.28,102762.72
154238,99564.83,102762.67
154246,99564.11,102762.42
154255,99564.47,102762.92
154264,99564.11,102763.16
154272,99564.12,102762.64
154280,99563.98,102762.59
154289,99564.09,102762.22
154297,99564.58,102762.30
154306,99564.17,102761.67
154314,99564.62,102761.27
154322,99564.31,102761.58
154331,99564.05,102760.55
154339,99563.91,102760.16
154347,99564.25,102760.42
154356,99563.69,102760.30
154364,99563.50,102759.92
154373,99563.62,102759.41
154381,99563.70,102759.45
154389,99562.77,102759.70
154398,99563.56,102759.61
154407,99563.56,102759.70
154415,99563.44,102759.17
154424,99563.72,102759.83
154432,99563.94,102759.78
154441,99563.84,102759.30
154448,99563.44,102759.05
154457,99563.81,102759.33
154465,99563.23,102759.58
154474,99563.50,102759.20
154482,99562.97,102759.61
154491,99563.44,102759.56
154499,99563.45,102759.98
154508,99562.94,102760.14
154517,99563.52,102760.03
154525,99564.20,102761.17
154533,99563.75,102761.12
154541,99563.92,102761.20
154550,99563.69,102762.16
154558,99564.34,102762.09
154567,99564.48,102763.89
154575,99564.48,102762.86
154584,99564.55,102762.83
154593,99564.75,102763.14
154601,99564.53,102763.41
154609,99564.28,102763.48
154618,99565.20,102762.77
154626,99564.75,102762.50
154634,99564.72,102763.25
154643,99565.16,102762.56
154651,99564.47,102762.86
154660,99564.73,102763.11
154668,99564.14,102762.73
154677,99564.16,102762.23
154685,99564.34,102762.02
154694,99564.28,102761.86
154702,99564.05,102760.86
154711,99564.41,102760.62
154719,99564.08,102760.58
154728,99564.00,102759.92
154737,99564.69,102759.73
154745,99564.06,102759.61
154754,99563.92,102759.58
154762,99564.39,102759.97
154770,99564.11,102758.95
154779,99564.48,102759.31
154787,99564.16,102759.30
154795,99564.14,102759.05
154803,99564.30,102759.09
154812,99563.69,102759.23
154820,99563.62,102759.09
154829,99563.45,102759.02
154838,99563.83,102758.95
154846,99564.33,102759.86
154855,99563.88,102759.25
154863,99564.09,102759.38
154870,99564.41,102759.00
154879,99564.77,102759.02
154887,99564.17,102759.61
154896,99564.33,102759.03
154904,99564.22,102758.95
154913,99564.64,102758.78
154922,99564.62,102759.11
154929,99564.50,102758.98
154938,99564.30,102759.53
154946,99564.69,102759.28
154955,99563.95,102758.83
154963,99564.59,102758.88
154971,99564.91,102758.94
154980,99564.36,102759.12
154988,99565.02,102758.94
154997,99564.69,102758.88
155005,99565.30,102759.61
155014,99564.75,102759.25
155022,99565.36,102759.25
155031,99565.05,102759.20
155039,99565.11,102758.86
155047,99566.03,102759.34
155056,99565.78,102759.31
155065,99565.11,102759.16
155073,99565.50,102759.16
155081,99565.66,102759.11
155089,99565.44,102759.06
155098,99565.61,102759.56
155106,99565.61,102759.31
155115,99565.44,102759.12
155124,99565.86,102759.17
155132,99565.30,102759.02
155141,99565.38,102759.53
155149,99565.59,102759.67
155157,99565.44,102758.86
155166,99566.17,102759.70
155173,99565.38,102759.17
155182,99565.92,102759.06
155190,99565.84,102759.27
155199,99565.84,102759.69
155207,99566.09,102759.47
155216,99565.89,102759.56
155224,99565.67,102759.59
155233,99566.14,102759.62
155241,99566.14,102759.38
155250,99565.67,102759.88
155258,99565.84,102759.70
155267,99565.30,102759.58
155275,99566.03,102759.75
155284,99565.91,102759.41
155292,99565.89,102759.56
155300,99565.94,102759.14
155309,99566.14,102759.36
155317,99565.98,102759.59
155325,99566.30,102759.78
155334,99566.84,102760.17
155342,99566.92,102760.00
155351,99567.14,102759.73
155359,99567.16,102759.33
155368,99566.86,102759.44
155376,99566.92,102759.92
155385,99567.16,102759.69
155394,99567.44,102760.03
155402,99567.30,102759.86
155410,99567.86,102759.52
155419,99567.62,102760.05
155427,99567.73,102760.27
155436,99568.20,102759.83
155444,99567.55,102760.59
155452,99567.75,102760.80
155461,99568.28,102760.38
155470,99568.42,102760.78
155478,99568.53,102761.11
155485,99569.42,102761.33
155494,99569.34,102761.62
155503,99569.84,102761.88
155512,99569.61,102762.59
155519,99570.06,102762.20
155529,99570.55,102763.47
155536,99570.11,102762.61
155544,99570.52,102763.50
155554,99570.75,102762.84
155562,99570.94,102762.98
155571,99570.84,102763.47
155578,99571.05,102763.27
155587,99570.64,102762.44
155596,99571.28,102763.33
155604,99570.91,102762.41
155612,99570.56,102762.56
155621,99570.41,102762.61
155629,99570.62,102762.27
155638,99570.02,102762.84
155646,99570.16,102762.61
155654,99570.72,102762.36
155663,99569.61,102762.22
155672,99570.03,102762.14
155680,99569.53,102762.84
155689,99569.70,102762.91
155697,99569.69,102762.47
155705,99569.83,102762.64
155714,99570.16,102762.14
155721,99569.97,102762.30
155730,99568.81,102762.38
155739,99569.11,102762.17
155748,99568.95,102762.05
155756,99569.34,102761.97
155764,99569.28,102761.92
155773,99569.23,102762.06
155781,99569.06,102761.92
155790,99568.58,102761.22
155798,99568.45,102761.06
155807,99568.52,102761.52
155815,99568.48,102761.47
155823,99568.30,102761.00
155832,99568.05,102761.39
155840,99567.58,102760.91
155848,99567.95,102761.05
155857,99567.62,102761.23
155866,99567.95,102761.02
155873,99567.73,102761.67
155882,99567.98,102761.39
155891,99567.81,102761.44
155899,99566.88,102761.69
155907,99567.33,102761.48
155916,99567.03,102761.66
155924,99567.17,102761.77
155932,99567.61,102761.98
155941,99567.41,102761.72
155950,99567.45,102762.31
155958,99566.92,102762.67
155966,99567.08,102762.44
155975,99567.36,102763.30
155983,99567.44,102763.16
155992,99567.80,102763.27
156000,99567.56,102763.64
156008,99567.83,102763.41
156017,99568.05,102763.97
156025,99567.97,102764.39
156033,99567.84,102764.70
156043,99568.14,102764.17
156050,99567.86,102764.83
156059,99568.06,102765.16
156068,99568.22,102764.89
156076,99568.03,102764.86
156085,99568.02,102764.69
156093,99567.92,102764.38
156101,99567.86,102764.81
156110,99568.09,102764.72
156118,99567.92,102764.38
156128,99568.08,102764.64
156136,99568.11,102764.94
156143,99567.36,102764.06
156151,99567.91,102763.97
156160,99567.52,102764.27
156169,99567.53,102763.97
156177,99567.00,102763.09
156185,99567.36,102763.31
156195,99566.77,102763.36
156202,99567.08,102762.73
156211,99566.91,102762.67
156219,99566.67,102762.19
156228,99566.53,102762.52
156236,99566.25,102762.27
156245,99565.92,102761.73
156254,99565.78,102762.47
156261,99565.61,102762.16
156270,99566.53,102762.16
156279,99566.23,102762.28
156287,99565.86,102761.77
156295,99566.03,102761.95
156303,99566.31,102762.00
156312,99566.34,102762.38
156320,99566.22,102762.77
156329,99566.78,102763.19
156338,99566.50,102763.16
156345,99566.64,102763.03
156354,99567.02,102763.64
156363,99566.59,102763.61
156371,99566.88,102763.72
156380,99567.08,102764.25
156388,99566.67,102764.58
156397,99567.25,102764.30
156405,99567.25,102764.73
156414,99567.77,102764.75
156422,99567.05,102765.52
156430,99566.97,102765.45
156439,99567.64,102765.44
156447,99567.56,102765.62
156456,99567.23,102765.33
156463,99567.53,102765.22
156472,99566.89,102765.33
156481,99567.00,102766.16
156489,99566.83,102765.64
156498,99567.62,102765.33
156506,99567.16,102765.66
156515,99567.14,102765.12
156523,99567.22,102765.17
156532,99566.69,102765.22
156540,99566.83,102765.42
156549,99566.72,102765.11
156556,99566.83,102765.00
156565,99566.67,102764.42
156574,99566.34,102764.11
156582,99565.89,102764.64
156590,99566.31,102764.31
156598,99565.81,102763.80
156607,99565.83,102763.81
156616,99565.95,102763.30
156624,99565.50,102763.36
156632,99565.20,102763.61
156642,99565.22,102763.22
156649,99565.59,102763.20
156658,99565.33,102763.06
156666,99565.30,102763.27
156674,99565.20,102763.16
156683,99565.56,102762.92
156691,99564.94,102762.89
156700,99565.70,102762.52
156709,99565.48,102763.05
156717,99565.81,102763.36
156725,99565.78,102763.36
156734,99565.58,102763.80
156742,99565.91,102763.80
156750,99565.89,102763.94
156759,99565.72,102763.89
156767,99566.27,102764.39
156776,99565.94,102764.94
156784,99565.91,102764.94
156793,99565.58,102765.64
156801,99566.06,102766.14
156810,99565.75,102766.16
156819,99566.11,102765.80
156827,99566.27,102766.25
156836,99565.95,102765.98
156844,99565.72,102766.50
156852,99565.97,102766.62
156861,99566.14,102766.11
156869,99566.00,102766.33
156877,99565.75,102765.80
156886,99565.97,102765.88
156894,99566.05,102766.36
156903,99565.56,102765.41
156911,99565.50,102765.53
156919,99565.39,102764.92
156928,99565.83,102764.86
156936,99566.27,102765.33
156945,99565.34,102764.64
156953,99565.17,102764.33
156962,99565.48,102764.56
156970,99565.11,102764.34
156978,99564.52,102764.17
156987,99564.64,102763.72
156994,99564.23,102763.52
157004,99564.58,102763.91
157012,99564.53,102763.62
157020,99564.77,102763.05
157029,99564.69,102763.17
157037,99564.77,102763.28
157046,99564.48,102763.09
157054,99564.61,102763.66
157062,99564.02,102763.19
157071,99564.30,102763.50
157079,99564.22,102762.92
157088,99564.38,102763.39
157096,99564.75,102763.83
157105,99564.39,102763.08
157113,99564.39,102763.84
157122,99563.64,102763.58
157130,99564.22,102764.34
157138,99564.88,102764.23
157147,99564.30,102765.03
157155,99564.86,102765.14
157164,99564.42,102765.62
157172,99564.62,102765.75
157180,99564.61,102766.05
157189,99565.05,102766.00
157197,99565.66,102766.47
157205,99564.94,102766.44
157214,99565.33,102766.77
157223,99565.11,102766.84
157231,99565.16,102766.92
157239,99565.25,102766.80
157248,99565.47,102766.73
157256,99565.27,102766.77
157264,99565.47,102766.77
157273,99565.41,102766.70
157282,99565.20,102766.38
157290,99565.27,102766.33
157299,99565.27,102766.42
157307,99565.59,102766.12
157316,99565.52,102766.05
157324,99565.22,102765.91
157332,99565.41,102765.59
157341,99565.97,102765.55
157349,99565.20,102765.14
157358,99565.00,102765.28
157367,99564.73,102764.73
157375,99565.17,102764.83
157383,99564.70,102764.48
157391,99564.33,102764.11
157399,99565.16,102763.95
157408,99564.20,102763.97
157416,99564.44,102763.69
157425,99564.66,102763.33
157434,99564.41,102763.36
157442,99564.55,102763.97
157450,99564.56,102763.55
157459,99563.84,102763.94
157468,99564.17,102763.47
157475,99564.41,102763.75
157484,99564.56,102763.88
157492,99564.52,102763.41
157501,99564.56,102764.31
157509,99564.12,102763.44
157517,99564.08,102764.41
157526,99564.25,102764.44
157534,99564.62,102764.34
157543,99564.14,102764.95
157551,99564.50,102764.95
157560,99565.19,102765.69
157569,99565.12,102765.77
157577,99565.47,102766.12
157585,99565.06,102766.67
157594,99565.48,102766.83
157603,99565.70,102766.36
157611,99565.28,102767.47
157619,99565.36,102767.27
157628,99566.09,102767.14
157636,99565.44,102767.62
157644,99565.94,102767.78
157652,99566.23,102767.95
157661,99566.16,102767.83
157670,99566.03,102767.56
157678,99565.62,102767.72
157687,99565.52,102767.56
157695,99565.97,102767.44
157704,99566.52,102767.12
157711,99565.52,102767.27
157720,99565.33,102767.19
157728,99565.48,102767.17
157737,99565.94,102766.72
157745,99565.53,102766.61
157753,99564.48,102766.52
157762,99565.55,102766.33
157771,99565.09,102766.02
157779,99564.72,102766.17
157787,99565.36,102765.36
157796,99565.05,102765.42
157808,99564.95,102765.05
157813,99564.89,102764.98
157821,99564.39,102764.97
157830,99564.66,102764.47
157839,99565.08,102765.08
157846,99564.45,102764.47
157855,99564.84,102764.33
157863,99564.83,102764.95
157872,99564.28,102764.86
157880,99564.59,102764.72
157889,99564.47,102764.42
157897,99564.70,102764.42
157905,99564.72,102764.89
157914,99564.17,102764.64
157922,99565.00,102765.23
157930,99564.56,102765.30
157940,99565.34,102766.31
157947,99564.70,102766.14
157956,99564.56,102766.44
157965,99565.33,102766.41
157974,99564.64,102766.78
157982,99565.19,102766.77
157991,99565.36,102766.88
157998,99565.00,102767.27
158007,99565.62,102767.69
158015,99565.92,102767.64
158023,99565.77,102768.20
158032,99565.91,102767.97
158040,99565.81,102767.91
158049,99565.66,102768.34
158057,99565.95,102768.53
158066,99565.89,102768.56
158074,99565.64,102768.50
158083,99565.73,102768.16
158091,99565.81,102768.09
158100,99565.61,102767.98
158108,99565.75,102768.14
158117,99565.42,102767.80
158124,99565.81,102768.53
158133,99565.33,102767.80
158142,99565.44,102767.41
158150,99565.33,102767.06
158158,99565.22,102766.73
158167,99565.12,102766.73
158176,99565.06,102766.53
158184,99564.88,102765.94
158192,99565.31,102766.09
158201,99564.92,102765.61
158209,99565.09,102765.36
158218,99564.75,102765.23
158226,99564.38,102764.83
158234,99564.72,102765.00
158243,99564.30,102764.97
158251,99564.66,102764.80
158260,99564.45,102764.94
158268,99564.27,102764.75
158277,99564.53,102764.91
158285,99564.42,102764.12
158294,99564.61,102764.69
158302,99564.36,102764.86
158310,99564.59,102764.88
158319,99564.61,102764.81
158327,99564.14,102764.58
158336,99564.39,102764.52
158344,99564.98,102764.69
158352,99564.50,102764.66
158361,99564.86,102764.73
158369,99564.47,102765.25
158378,99564.62,102765.84
158386,99564.67,102765.73
158394,99564.97,102765.86
158403,99564.94,102766.44
158411,99565.27,102766.11
158420,99565.06,102766.48
158428,99565.41,102767.06
158437,99565.47,102767.52
158445,99565.58,102767.34
158453,99566.14,102767.98
158462,99566.00,102768.55
158470,99566.36,102768.66
158479,99565.91,102767.95
158488,99565.97,102768.02
158496,99566.02,102767.97
158505,99565.86,102768.28
158513,99565.72,102768.00
158521,99566.17,102768.11
158529,99565.86,102767.83
158538,99565.69,102767.70
158546,99565.53,102767.97
158554,99565.88,102767.52
158563,99565.23,102766.84
158571,99565.98,102767.20
158580,99565.62,102767.27
158588,99565.52,102766.53
158597,99565.62,102766.86
158606,99565.44,102767.03
158614,99565.27,102766.30
158622,99565.58,102766.42
158631,99565.69,102765.75
158639,99565.66,102765.34
158647,99565.06,102765.58
158656,99565.16,102765.12
158665,99565.19,102765.47
158673,99564.75,102765.00
158681,99565.34,102765.31
158690,99564.70,102765.47
158698,99565.02,102765.47
158706,99564.70,102765.08
158715,99564.67,102764.91
158724,99565.03,102765.19
158732,99564.81,102765.19
158741,99565.33,102764.89
158750,99564.58,102765.20
158758,99565.33,102764.88
158766,99564.66,102765.14
158775,99565.36,102765.38
158783,99565.02,102765.75
158792,99565.00,102766.09
158800,99565.48,102766.73
158808,99565.30,102767.16
158817,99565.56,102767.20
158825,99565.30,102767.52
158834,99565.67,102767.62
158842,99565.70,102767.84
158851,99566.03,102767.92
158859,99566.31,102768.36
158868,99566.30,102768.17
158876,99566.69,102768.34
158884,99566.14,102768.19
158892,99566.53,102768.69
158901,99566.55,102768.31
158909,99565.92,102768.41
158918,99566.75,102768.20
158926,99566.36,102768.58
158935,99566.66,102768.17
158943,99566.30,102768.30
158952,99566.28,102768.14
158960,99566.56,102767.70
158969,99566.34,102767.88
158977,99566.16,102767.72
158986,99565.94,102767.16
158993,99566.11,102767.41
159002,99566.20,102767.47
159010,99565.92,102767.03
159019,99565.62,102766.83
159026,99566.09,102766.52
159036,99565.88,102766.16
159044,99565.86,102766.06
159052,99565.92,102765.75
159061,99565.38,102766.03
159069,99565.48,102765.55
159078,99565.81,102765.39
159086,99565.30,102765.19
159095,99565.86,102765.39
159103,99565.72,102765.14
159111,99565.38,102764.92
159119,99565.55,102765.52
159128,99565.45,102765.47
159137,99565.50,102765.11
159144,99565.48,102765.17
159154,99564.86,102765.20
159161,99565.25,102765.23
159170,99565.09,102765.22
159178,99564.69,102765.19
159187,99565.20,102765.06
159196,99565.41,102764.95
159205,99565.73,102765.72
159213,99565.31,102765.64
159221,99565.77,102765.31
159230,99565.23,102766.25
159237,99565.66,102766.38
159246,99566.23,102766.94
159254,99565.98,102767.25
159264,99566.47,102767.62
159271,99565.98,102767.81
159280,99567.02,102767.97
159288,99567.02,102768.28
159296,99566.91,102768.09
159305,99566.94,102767.66
159314,99567.05,102768.38
159322,99567.33,102768.47
159330,99566.84,102768.20
159339,99566.83,102768.38
159348,99567.14,102767.92
159356,99567.16,102768.34
159364,99566.94,102768.19
159372,99566.75,102768.30
159381,99566.64,102767.64
159389,99566.62,102767.55
159398,99566.80,102768.09
159406,99566.38,102767.38
159414,99565.89,102768.02
159423,99566.42,102767.34
159432,99566.47,102766.91
159440,99566.36,102766.80
159448,99566.11,102766.64
159457,99566.45,102765.78
159465,99565.66,102766.06
159474,99565.86,102766.03
159482,99565.83,102765.47
159491,99565.64,102765.33
159499,99564.94,102765.39
159507,99565.64,102765.41
159516,99565.88,102765.62
159524,99565.91,102765.06
159533,99565.98,102765.08
159541,99565.95,102765.72
159549,99566.27,102765.36
159559,99565.55,102765.52
159566,99566.23,102765.95
159575,99566.03,102766.02
159583,99565.95,102766.56
159592,99566.05,102766.59
159600,99566.06,102767.08
159609,99566.34,102767.67
159618,99566.89,102767.88
159625,99566.53,102768.55
159634,99566.58,102768.33
159642,99566.61,102768.98
159651,99567.45,102768.88
159660,99567.27,102769.03
159667,99566.97,102769.41
159676,99567.02,102769.38
159684,99567.09,102769.75
159694,99567.02,102769.78
159702,99567.50,102769.67
159709,99567.72,102769.80
159719,99567.12,102769.72
159726,99567.48,102769.62
159735,99567.33,102769.48
159743,99567.38,102769.73
159753,99568.09,102770.00
159760,99566.98,102769.47
159769,99567.23,102769.39
159777,99567.22,102768.91
159786,99567.17,102769.34
159794,99566.98,102768.72
159802,99567.02,102768.59
159811,99567.16,102768.41
159820,99566.64,102768.11
159828,99566.78,102767.19
159837,99566.89,102767.38
159845,99566.34,102766.81
159854,99566.88,102766.91
159862,99566.39,102766.97
159870,99566.00,102765.98
159879,99566.34,102766.42
159886,99566.16,102766.28
159895,99566.45,102765.77
159904,99566.19,102765.84
159913,99566.05,102765.92
159921,99566.72,102766.06
159929,99566.28,102765.52
159937,99566.31,102765.41
159946,99566.34,102765.81
159955,99566.19,102765.89
159963,99566.20,102765.94
159972,99565.97,102765.89
159979,99566.38,102765.66
159988,99565.92,102766.62
159996,99566.55,102766.84
160005,99566.23,102766.92
160014,99566.75,102767.58
160022,99566.67,102768.27
160030,99566.75,102768.64
160039,99567.22,102768.89
160047,99566.77,102768.81
160056,99566.83,102769.45
160064,99567.12,102769.92
160073,99567.73,102770.05
160081,99567.98,102770.25
160090,99568.02,102770.41
160097,99567.48,102770.89
160106,99567.45,102770.81
160114,99567.08,102771.20
160123,99567.62,102771.31
160132,99567.62,102771.50
160140,99567.73,102771.56
160148,99567.38,102770.58
160156,99567.33,102771.17
160165,99567.66,102771.11
160173,99567.33,102770.98
160182,99567.62,102771.05
160190,99567.20,102770.75
160199,99567.12,102770.83
160207,99566.89,102770.56
160216,99566.72,102769.72
160225,99566.92,102769.80
160232,99566.36,102769.28
160241,99566.80,102769.06
160250,99566.86,102768.31
160258,99566.44,102768.36
160266,99567.09,102768.16
160275,99567.03,102767.88
160283,99566.38,102767.64
160292,99566.05,102767.44
160300,99566.55,102767.31
160308,99566.27,102766.64
160317,99565.97,102766.92
160325,99566.06,102766.95
160334,99566.17,102766.77
160342,99566.48,102766.34
160351,99566.58,102766.67
160359,99566.50,102766.45
160367,99566.22,102767.25
160376,99566.14,102766.97
160384,99566.41,102767.11
160393,99566.28,102767.22
160401,99566.25,102767.86
160410,99566.50,102767.20
160418,99567.05,102768.00
160427,99566.58,102768.77
160435,99566.78,102769.17
160444,99567.06,102769.08
160451,99567.28,102769.58
160460,99566.77,102769.33
160468,99567.17,102769.42
160477,99567.58,102769.83
160485,99567.19,102770.33
160494,99567.11,102770.14
160502,99567.78,102770.61
160511,99567.20,102770.50
160519,99567.66,102770.66
160528,99567.17,102770.66
160536,99567.48,102770.33
160545,99567.59,102770.75
160553,99567.80,102770.44
160562,99567.75,102770.06
160569,99567.39,102770.05
160578,99567.34,102769.97
160586,99567.77,102770.03
160595,99567.47,102770.08
160604,99567.58,102769.81
160612,99566.98,102769.95
160620,99567.23,102768.97
160629,99567.48,102769.36
160637,99567.17,102768.62
160646,99567.08,102768.38
160654,99567.23,102768.42
160663,99567.36,102768.12
160671,99567.39,102767.88
160680,99567.23,102768.31
160688,99566.88,102767.89
160697,99566.69,102767.72
160705,99567.06,102767.20
160714,99567.00,102767.30
160722,99567.02,102766.83
160730,99567.06,102767.56
160739,99567.06,102767.02
160746,99567.14,102766.88
160756,99567.17,102766.95
160764,99567.19,102767.33
160773,99567.03,102767.52
160781,99567.47,102767.83
160789,99567.14,102767.58
160798,99567.25,102768.89
160806,99567.59,102769.03
160816,99567.02,102769.19
160823,99567.34,102769.62
160832,99567.39,102770.25
160842,99567.44,102770.30
160849,99567.58,102770.50
160858,99567.39,102770.80
160866,99567.50,102770.69
160874,99567.89,102770.33
160883,99567.59,102770.72
160891,99568.06,102770.77
160899,99567.92,102770.42
160907,99567.58,102770.61
160916,99568.03,102770.27
160924,99568.28,102770.25
160932,99568.09,102769.91
160941,99568.14,102770.11
160950,99568.06,102769.56
160958,99568.09,102768.98
160967,99567.97,102769.00
160974,99567.84,102768.91
160983,99567.75,102768.25
160991,99567.44,102768.25
161000,99567.62,102768.23
161009,99567.70,102767.53
161017,99567.61,102767.55
161026,99567.39,102767.81
161034,99567.61,102767.84
161042,99567.41,102767.30
161050,99567.59,102766.94
161059,99566.94,102766.94
161067,99567.19,102766.72
161076,99567.02,102766.89
161085,99567.48,102766.73
161093,99567.12,102766.88
161102,99567.41,102767.20
161109,99567.41,102767.23
161118,99567.52,102767.03
161127,99567.14,102767.61
161135,99567.31,102767.97
161144,99567.39,102768.25
161151,99567.88,102768.86
161160,99567.53,102769.06
161168,99567.55,102769.50
161176,99567.48,102769.59
161185,99567.52,102768.98
161193,99567.66,102769.28
161203,99567.78,102769.92
161211,99567.61,102770.17
161219,99567.25,102769.97
161228,99567.75,102770.42
161236,99567.88,102769.59
161245,99567.81,102770.09
161253,99568.27,102770.36
161262,99567.31,102770.12
161269,99568.00,102769.92
161278,99568.42,102769.86
161287,99567.91,102769.88
161295,99567.89,102769.59
161304,99568.09,102769.22
161312,99567.97,102768.95
161321,99568.05,102769.17
161329,99568.14,102769.41
161338,99568.05,102768.77
161345,99567.97,102768.47
161354,99567.52,102768.19
161362,99567.31,102768.02
161371,99568.16,102768.25
161379,99567.55,102767.86
161388,99567.42,102767.84
161396,99567.38,102767.70
161404,99567.53,102767.39
161413,99567.22,102767.17
161421,99567.34,102767.33
161430,99567.20,102766.84
161438,99567.30,102766.97
161447,99567.39,102767.06
161455,99567.42,102766.77
161464,99567.47,102766.94
161472,99567.14,102767.14
161480,99567.84,102767.47
161489,99567.61,102767.77
161497,99567.61,102767.16
161506,99567.62,102767.83
161514,99567.59,102767.94
161523,99567.59,102768.12
161531,99568.14,102768.73
161539,99567.89,102768.95
161548,99567.97,102769.17
161556,99568.17,102769.02
161565,99568.31,102769.53
161573,99568.19,102769.86
161582,99568.31,102769.64
161590,99568.30,102769.48
161599,99567.91,102769.69
161606,99568.20,102770.23
161615,99567.94,102770.00
161623,99568.36,102769.88
161632,99568.30,102769.89
161641,99568.12,102769.52
161649,99568.20,102770.45
161657,99568.30,102770.41
161666,99568.58,102770.47
161674,99568.36,102770.75
161683,99568.73,102770.41
161691,99568.56,102770.94
161700,99568.45,102769.98
161708,99568.56,102770.80
161717,99568.41,102770.55
161725,99568.25,102770.41
161733,99569.05,102770.95
161742,99568.55,102770.36
161750,99568.14,102770.77
161759,99568.84,102771.02
161767,99568.70,102770.78
161776,99568.36,102770.72
161784,99568.95,102770.50
161793,99568.61,102770.66
161801,99569.06,102770.97
161810,99568.94,102770.48
161818,99568.72,102770.91
161827,99568.88,102770.39
161834,99569.06,102770.11
161843,99568.64,102770.61
161851,99568.94,102770.00
161860,99568.34,102770.28
161868,99568.66,102770.25
161877,99568.23,102770.70
161886,99568.84,102770.88
161893,99568.78,102770.55
161902,99568.53,102770.91
161910,99569.20,102770.31
161919,99568.62,102770.62
161927,99568.56,102770.30
161936,99569.31,102770.28
161944,99568.56,102770.83
161953,99569.02,102770.05
161961,99569.08,102770.16
161970,99568.81,102770.66
161978,99568.73,102770.16
161986,99568.66,102770.05
161995,99568.38,102770.72
162003,99568.94,102769.95
162011,99568.98,102769.84
162020,99569.42,102770.48
162028,99569.50,102769.86
162037,99568.94,102770.34
162045,99568.84,102770.02
162054,99569.42,102769.92
162062,99569.09,102770.44
162071,99569.38,102769.91
162079,99568.88,102770.06
162088,99568.61,102770.27
162096,99569.05,102770.41
162105,99568.89,102770.78
162113,99569.62,102770.72
162122,99568.92,102770.45
162129,99569.25,102770.64
162138,99568.55,102770.23
162147,99568.47,102770.34
162156,99569.45,102770.33
162163,99569.33,102770.33
162172,99569.39,102770.48
162180,99569.22,102770.41
162189,99568.97,102770.19
162197,99569.20,102770.62
162205,99569.23,102770.53
162214,99568.95,102770.78
162223,99569.34,102770.92
162231,99569.11,102770.77
162240,99568.83,102770.66
162248,99569.34,102770.83
162257,99569.30,102770.36
162264,99569.56,102770.64
162273,99568.95,102770.69
162282,99569.48,102770.42
162290,99569.73,102770.53
162299,99569.34,102770.81
162306,99568.97,102770.78
162316,99569.31,102771.00
162324,99569.55,102770.61
162332,99569.09,102770.30
162340,99569.45,102771.23
162349,99569.14,102771.28
162357,99569.00,102770.58
162365,99569.44,102770.80
162374,99569.52,102770.72
162382,99569.77,102770.66
162391,99569.27,102771.20
162399,99569.25,102770.61
162408,99569.23,102770.52
162416,99569.47,102770.94
162425,99569.78,102770.66
162433,99569.75,102770.30
162442,99569.52,102771.33
162450,99569.77,102770.58
162459,99569.53,102770.86
162467,99569.64,102770.97
162476,99569.19,102771.03
162483,99569.72,102771.12
162493,99569.36,102770.88
162501,99569.47,102770.95
162509,99569.69,102771.11
162517,99569.64,102770.88
162526,99570.02,102771.05
162534,99569.62,102771.30
162543,99569.73,102771.06
162551,99569.45,102770.97
162560,99569.14,102770.62
162568,99569.69,102770.70
162577,99569.36,102771.34
162585,99569.39,102770.78
162593,99570.17,102771.02
162602,99569.98,102770.77
162611,99569.48,102770.89
162618,99569.81,102770.62
162627,99569.73,102770.95
162635,99570.09,102771.28
162644,99569.78,102770.88
162652,99569.34,102770.81
162661,99569.92,102770.98
162669,99569.56,102770.58
162677,99570.11,102770.81
162686,99570.14,102770.47
162694,99569.89,102770.52
162703,99569.69,102770.97
162712,99569.73,102771.36
162720,99569.92,102771.36
162729,99569.97,102771.62
162737,99569.84,102771.62
162746,99570.06,102770.95
162755,99569.92,102771.00
162764,99569.83,102770.78
162771,99570.19,102771.22
162780,99569.89,102771.06
162788,99569.73,102770.69
162796,99569.81,102770.69
162805,99570.44,102771.45
162814,99569.88,102771.09
162822,99570.08,102771.17
162831,99569.70,102770.98
162839,99569.86,102770.89
162848,99569.83,102771.00
162856,99569.69,102770.78
162863,99570.20,102771.33
162872,99570.17,102770.67
162880,99569.94,102770.83
162889,99569.84,102771.00
162897,99570.00,102771.41
162906,99569.88,102770.94
162914,99570.25,102770.92
162923,99570.20,102771.09
162931,99570.17,102771.14
162939,99570.52,102770.72
162948,99570.23,102771.38
162956,99570.20,102771.17
162965,99569.81,102771.39
162973,99570.05,102770.72
162982,99569.86,102770.86
162990,99569.86,102770.88
162998,99569.89,102771.19
163007,99570.25,102770.61
163015,99570.31,102771.09
163023,99570.12,102770.89
163032,99570.08,102771.25
163040,99570.34,102771.02
163049,99570.12,102771.28
163057,99570.16,102770.81
163066,99570.12,102771.33
163074,99569.84,102770.84
163083,99570.25,102771.14
163091,99570.30,102771.28
163099,99570.44,102771.03
163108,99570.34,102770.92
163116,99570.69,102770.73
163124,99570.73,102771.03
163133,99570.70,102771.16
163141,99570.44,102770.88
163150,99569.78,102771.17
163158,99570.44,102770.94
163167,99570.30,102771.27
163175,99570.19,102771.20
163184,99570.28,102770.94
163192,99570.20,102770.89
163201,99570.39,102771.17
163209,99570.42,102771.39
163218,99570.23,102770.89
163226,99570.66,102771.11
163234,99570.70,102771.56
163243,99570.58,102771.03
163251,99570.45,102771.09
163260,99570.23,102770.95
163268,99570.41,102770.48
163277,99570.80,102770.84
163285,99570.20,102771.47
163294,99570.94,102770.80
163301,99570.44,102770.88
163310,99570.59,102771.03
163319,99570.53,102771.25
163327,99570.56,102771.30
163336,99570.19,102770.80
163344,99570.53,102770.64
163353,99570.38,102770.72
163361,99570.64,102770.70
163369,99570.61,102770.88
163377,99570.42,102770.94
163386,99570.53,102771.41
163394,99570.78,102771.05
163403,99570.53,102771.20
163412,99570.52,102771.31
163419,99570.56,102770.56
163428,99570.67,102770.67
163436,99570.91,102771.12
163445,99571.02,102770.94
163453,99570.16,102771.02
163462,99570.53,102770.81
163470,99570.56,102771.28
163479,99570.72,102770.86
163487,99570.61,102770.84
163495,99570.81,102771.05
163504,99570.22,102771.05
163512,99570.22,102770.69
163521,99570.70,102771.30
163529,99570.80,102770.56
163538,99570.47,102770.92
163546,99570.64,102770.94
163555,99570.62,102770.84
163563,99571.03,102771.05
163572,99570.45,102770.98
163579,99570.62,102770.89
163588,99570.69,102770.50
163597,99570.47,102770.28
163605,99570.78,102770.58
163614,99570.80,102770.31
163623,99570.67,102770.02
163630,99570.61,102770.53
163639,99570.62,102770.39
163647,99571.03,102769.61
163655,99571.02,102769.52
163664,99570.88,102769.30
163673,99570.92,102769.45
163681,99570.66,102769.22
163690,99570.64,102769.33
163698,99571.00,102769.23
163707,99570.39,102768.80
163714,99570.91,102768.72
163723,99570.66,102768.67
163732,99571.03,102768.22
163741,99571.19,102768.83
163749,99571.27,102768.78
163756,99570.55,102768.56
163766,99570.48,102768.38
163773,99570.88,102768.23
163782,99570.61,102768.25
163790,99570.55,102768.09
163800,99570.75,102767.92
163809,99570.67,102767.47
163816,99570.94,102767.73
163824,99570.72,102768.27
163833,99570.62,102767.95
163841,99570.80,102768.08
163850,99570.31,102767.67
163858,99570.69,102767.39
163867,99570.66,102767.77
163875,99570.89,102767.84
163884,99570.84,102768.16
163892,99571.12,102767.89
163901,99571.03,102768.55
163908,99571.02,102768.39
163917,99571.22,102768.89
163926,99571.27,102769.80
163934,99571.19,102770.09
163943,99571.28,102770.58
163951,99571.19,102770.44
163960,99571.67,102770.88
163968,99571.62,102771.36
163977,99571.84,102771.73
163985,99572.08,102771.59
163992,99571.95,102772.05
164001,99571.91,102771.91
164010,99572.30,102771.62
164018,99572.45,102772.67
164027,99572.61,102771.84
164035,99572.03,102772.19
164043,99572.08,102772.56
164052,99572.41,102772.53
164061,99572.41,102772.72
164068,99572.34,102772.47
164077,99572.11,102772.50
164086,99572.41,102772.42
164094,99571.84,102772.38
164103,99572.23,102772.31
164111,99571.61,102771.98
164120,99571.73,102771.77
164128,99571.97,102771.86
164136,99571.53,102771.89
164145,99572.00,102771.03
164153,99571.77,102770.86
164161,99571.95,102770.94
164170,99571.84,102770.00
164178,99571.14,102769.91
164187,99571.33,102769.27
164195,99571.77,102768.88
164204,99571.22,102769.09
164212,99571.45,102769.00
164221,99570.72,102768.72
164229,99570.92,102768.81
164238,99571.67,102768.47
164246,99571.45,102768.20
164255,99571.30,102768.17
164262,99571.06,102768.09
164272,99570.95,102767.77
164280,99570.95,102768.11
164287,99571.06,102768.27
164296,99570.62,102768.19
164305,99570.77,102767.75
164313,99571.00,102767.86
164322,99571.03,102768.45
164330,99571.02,102768.66
164339,99571.66,102768.91
164347,99571.81,102769.41
164356,99571.52,102769.70
164364,99572.16,102770.31
164372,99571.28,102769.98
164381,99571.64,102771.03
164390,99571.75,102770.70
164397,99572.34,102771.09
164406,99572.00,102771.64
164414,99572.42,102772.00
164423,99573.03,102772.31
164431,99573.42,102772.36
164439,99573.08,102772.42
164448,99573.16,102772.19
164456,99572.91,102772.59
164465,99573.44,102772.56
164474,99572.48,102773.02
164482,99573.09,102772.69
164491,99573.19,102772.62
164498,99573.17,102772.34
164507,99572.30,102772.44
164515,99573.48,102772.58
164524,99572.88,102771.98
164533,99572.66,102772.38
164541,99572.88,102771.81
164549,99572.14,102771.69
164558,99572.56,102771.72
164566,99572.91,102770.98
164574,99572.53,102770.78
164583,99571.97,102770.56
164591,99572.08,102770.25
164600,99572.12,102770.06
164608,99571.80,102769.19
164617,99571.86,102769.44
164625,99571.64,102769.03
164633,99571.53,102769.06
164642,99571.86,102768.62
164650,99571.89,102768.67
164659,99571.69,102768.39
164667,99571.23,102768.42
164676,99571.30,102768.36
164684,99571.67,102768.30
164692,99572.14,102768.12
164701,99571.69,102769.11
164709,99571.16,102768.66
164718,99571.67,102768.97
164726,99571.98,102768.91
164735,99572.20,102769.06
164743,99571.53,102769.22
164752,99572.73,102770.12
164760,99572.31,102770.12
164769,99572.52,102771.28
164777,99572.34,102771.28
164786,99572.67,102771.28
164795,99572.77,102772.11
164803,99572.66,102772.30
164812,99573.30,102772.62
164820,99573.31,102772.50
164829,99573.19,102772.73
164837,99573.12,102772.70
164846,99573.59,102772.58
164854,99573.42,102773.05
164862,99573.73,102773.05
164871,99573.78,102772.44
164879,99573.52,102773.06
164888,99573.28,102773.03
164895,99573.80,102772.33
164904,99572.72,102772.53
164912,99573.22,102772.44
164921,99573.19,102771.67
164929,99573.09,102771.55
164937,99572.98,102771.27
164946,99572.88,102770.86
164954,99572.97,102770.94
164963,99573.06,102770.28
164971,99572.95,102770.42
164980,99572.48,102770.20
164988,99572.44,102769.56
164996,99572.75,102769.73
165004,99572.44,102769.28
165013,99572.64,102769.53
165022,99572.36,102769.17
165030,99572.48,102769.33
165039,99572.09,102768.80
165047,99572.08,102768.70
165056,99572.28,102768.81
165063,99572.33,102768.84
165072,99572.08,102769.02
165080,99572.45,102768.59
165089,99572.34,102768.97
165097,99572.33,102769.11
165106,99572.44,102769.53
165114,99572.25,102769.59
165123,99572.30,102769.66
165131,99573.17,102769.84
165140,99572.94,102770.08
165149,99573.02,102771.12
165156,99573.11,102771.23
165165,99572.84,102772.17
165174,99573.53,102772.34
165182,99573.38,102772.77
165190,99573.25,102772.23
165199,99573.77,102772.77
165207,99573.86,102772.55
165215,99573.12,102772.69
165224,99573.75,102772.31
165232,99573.58,102772.16
165241,99573.61,102772.25
165249,99573.72,102772.23
165257,99574.03,102772.47
165267,99573.94,102772.17
165274,99573.64,102771.97
165283,99573.67,102771.73
165291,99573.36,102771.58
165300,99573.02,102771.67
165309,99573.33,102771.14
165316,99573.11,102771.17
165325,99573.33,102771.14
165333,99573.05,102770.48
165342,99573.28,102770.03
165351,99572.94,102770.23
165359,99573.27,102769.72
165368,99572.73,102769.56
165376,99572.56,102768.73
165384,99572.80,102769.48
165393,99572.66,102768.67
165401,99573.30,102768.67
165410,99572.81,102768.80
165417,99572.75,102769.09
165427,99572.41,102769.11
165434,99572.44,102769.17
165443,99572.53,102768.75
165451,99572.81,102769.05
165460,99572.75,102768.91
165468,99572.69,102768.91
165477,99572.70,102768.97
165485,99573.03,102769.27
165494,99572.86,102769.58
165502,99573.08,102770.41
165510,99573.34,102770.52
165519,99572.77,102770.61
165527,99572.98,102771.09
165536,99573.86,102771.92
165544,99573.61,102772.61
165553,99573.84,102772.58
165561,99574.05,102772.80
165570,99573.66,102772.84
165577,99574.31,102773.11
165586,99574.47,102773.19
165594,99574.23,102772.58
165603,99573.58,102773.11
165612,99574.02,102772.77
165620,99574.56,102773.28
165629,99574.38,102772.11
165637,99574.17,102772.27
165646,99574.08,102772.30
165653,99574.11,102771.97
165662,99573.80,102771.62
165671,99573.97,102771.47
165679,99573.11,102771.42
165688,99574.27,102770.94
165696,99573.77,102771.16
165705,99573.45,102770.58
165713,99573.98,102769.81
165722,99572.78,102769.89
165730,99573.75,102770.06
165739,99573.33,102769.66
165746,99573.20,102769.44
165755,99573.59,102768.94
165763,99573.02,102768.59
165772,99572.41,102768.67
165780,99573.20,102768.84
165788,99573.19,102768.70
165797,99572.78,102769.00
165806,99572.67,102768.25
165814,99572.80,102768.09
165823,99572.80,102768.55
165831,99572.86,102768.62
165840,99572.83,102769.11
165847,99573.23,102768.98
165856,99573.48,102769.30
165865,99573.16,102769.17
165873,99573.33,102769.66
165881,99573.08,102769.98
165890,99573.14,102770.31
165898,99572.95,102771.12
165906,99573.70,102770.86
165915,99573.92,102771.00
165924,99573.53,102771.38
165932,99573.42,102771.58
165941,99573.73,102772.34
165949,99573.72,102772.17
165958,99574.09,102772.38
165966,99573.81,102772.23
165974,99574.09,102772.19
165983,99573.80,102772.12
165991,99574.23,102771.95
166000,99574.16,102772.12
166008,99574.27,102772.44
166016,99574.31,102771.97
166025,99573.66,102771.56
166033,99574.03,102771.61
166042,99573.88,102771.16
166051,99574.09,102770.98
166058,99574.02,102770.75
166067,99573.31,102771.08
166075,99573.28,102770.34
166085,99573.58,102769.97
166092,99573.30,102769.97
166101,99573.39,102769.70
166109,99573.53,102769.48
166117,99573.19,102769.44
166126,99573.47,102768.94
166135,99572.98,102769.06
166143,99572.97,102768.75
166151,99573.06,102768.50
166160,99572.88,102768.80
166168,99573.70,102769.16
166177,99573.64,102768.55
166186,99572.89,102768.52
166193,99572.64,102768.73
166202,99573.06,102768.83
166211,99573.12,102768.58
166219,99572.84,102769.34
166228,99572.67,102769.36
166236,99573.38,102769.50
166245,99573.34,102770.30
166252,99573.12,102769.98
166261,99572.95,102770.38
166269,99573.44,102770.88
166278,99573.48,102771.03
166286,99573.94,102771.73
166295,99573.67,102771.11
166303,99573.47,102771.36
166312,99574.16,102771.34
166320,99573.73,102771.50
166329,99573.98,102771.28
166337,99574.22,102771.25
166346,99574.50,102771.80
166353,99574.02,102771.36
166362,99573.39,102771.91
166370,99573.92,102771.94
166379,99574.44,102772.03
166388,99574.38,102771.95
166396,99573.39,102771.70
166405,99573.83,102771.77
166412,99573.61,102771.95
166421,99573.62,102771.75
166429,99573.62,102772.22
166438,99574.23,102772.22
166446,99573.97,102772.34
166454,99573.62,102772.47
166463,99574.27,102771.97
166472,99573.94,102772.23
166480,99574.22,102772.14
166489,99574.31,102772.28
166497,99574.64,102771.89
166505,99573.73,102772.09
166514,99574.06,102772.66
166522,99574.86,102772.30
166531,99574.28,102772.56
166539,99574.11,102772.25
166548,99574.02,102772.12
166556,99574.20,102772.25
166564,99573.77,102772.28
166573,99574.20,102771.88
166581,99574.42,102772.03
166590,99574.09,102772.19
166598,99573.95,102772.44
166607,99574.42,102771.88
166615,99573.75,102771.61
166624,99573.84,102772.42
166632,99574.45,102771.86
166641,99574.17,102772.06
166649,99574.23,102772.33
166658,99573.52,102772.27
166665,99573.78,102772.52
166674,99574.22,102772.41
166682,99573.56,102772.28
166691,99573.80,102772.27
166700,99574.27,102771.95
166707,99573.58,102772.61
166716,99574.00,102772.44
166725,99573.95,102771.97
166733,99574.00,102772.08
166742,99574.53,102772.30
166750,99574.08,102772.36
166759,99574.23,102772.14
166767,99574.00,102772.14
166775,99574.08,102772.23
166784,99573.55,102772.80
166793,99574.42,102771.84
166801,99574.36,102772.25
166810,99574.03,102772.59
166818,99574.17,102772.11
166827,99574.62,102771.70
166835,99574.59,102772.22
166844,99574.31,102772.59
166851,99574.25,102772.59
166860,99573.78,102772.06
166868,99574.22,102772.36
166877,99574.45,102772.84
166886,99574.08,102772.20
166893,99574.02,102772.70
166902,99573.92,102772.50
166910,99574.19,102772.36
166919,99574.23,102772.16
166927,99574.08,102772.97
166936,99574.45,102772.52
166944,99574.27,102772.50
166953,99574.25,102772.25
166960,99574.58,102772.33
166969,99573.91,102772.48
166978,99573.92,102772.48
166986,99574.36,102772.28
166994,99574.09,102772.88
167003,99574.09,102772.08
167011,99574.08,102772.56
167020,99574.05,102772.45
167028,99573.98,102772.17
167037,99574.75,102772.09
167045,99574.00,102772.06
167054,99573.77,102772.28
167062,99573.88,102771.81
167070,99574.58,102771.53
167079,99573.94,102771.80
167087,99574.19,102771.70
167095,99574.00,102771.53
167104,99574.06,102772.42
167112,99574.22,102771.53
167121,99573.95,102771.78
167129,99573.69,102771.41
167138,99574.34,102771.55
167146,99573.67,102771.75
167154,99573.89,102771.69
167163,99573.97,102771.72
167172,99574.03,102771.39
167180,99573.92,102771.08
167189,99574.12,102771.23
167197,99573.61,102770.83
167205,99573.56,102771.20
167214,99573.52,102770.97
167222,99573.34,102771.11
167231,99573.38,102771.05
167239,99573.73,102770.89
167248,99573.70,102771.02
167256,99573.86,102770.66
167265,99573.61,102770.55
167273,99573.69,102770.34
167282,99573.53,102770.41
167289,99573.59,102770.03
167298,99574.09,102770.58
167307,99573.39,102770.81
167314,99573.64,102770.05
167324,99573.14,102770.08
167332,99573.92,102769.81
167340,99573.44,102770.02
167349,99573.52,102769.67
167356,99573.25,102769.70
167365,99573.66,102770.02
167373,99573.16,102769.98
167383,99573.72,102769.72
167390,99573.78,102769.44
167399,99573.73,102769.50
167407,99573.58,102769.34
167416,99573.34,102769.16
167424,99573.73,102769.08
167432,99573.47,102769.09
167441,99573.81,102769.03
167450,99573.36,102769.58
167458,99573.31,102768.86
167466,99573.20,102768.75
167475,99573.23,102769.03
167483,99573.84,102768.59
167492,99573.34,102768.61
167501,99573.34,102768.61
167509,99573.70,102768.59
167517,99573.67,102768.33
167526,99573.61,102768.75
167534,99573.34,102768.23
167543,99573.94,102767.92
167551,99574.11,102768.09
167559,99573.89,102768.47
167568,99573.77,102767.78
167576,99573.88,102768.02
167585,99574.11,102767.86
167593,99574.02,102768.19
167601,99573.86,102767.75
167610,99574.31,102768.02
167618,99574.16,102767.42
167627,99573.36,102767.55
167635,99574.48,102767.83
167644,99574.09,102767.81
167652,99574.11,102767.27
167662,99574.00,102767.78
167669,99574.47,102767.34
167677,99574.34,102767.42
167686,99573.97,102767.89
167695,99574.19,102767.67
167703,99574.41,102767.27
167712,99573.91,102767.55
167720,99573.56,102767.48
167727,99574.03,102767.34
167736,99574.16,102767.62
167745,99574.39,102767.19
167753,99574.56,102767.41
167762,99574.62,102767.27
167770,99574.30,102767.31
167779,99574.23,102767.17
167787,99574.33,102767.09
167796,99574.09,102767.27
167804,99574.34,102766.64
167812,99574.58,102767.05
167821,99574.58,102767.00
167829,99574.23,102766.70
167838,99574.06,102767.27
167846,99574.50,102766.78
167855,99574.81,102766.36
167863,99574.44,102767.30
167871,99574.83,102766.72
167880,99574.36,102767.11
167888,99574.25,102766.88
167896,99574.69,102766.86
167905,99574.64,102767.20
167913,99574.72,102767.12
167921,99574.44,102766.75
167931,99574.55,102767.14
167939,99574.84,102767.17
167947,99574.78,102767.02
167955,99574.83,102767.09
167964,99575.41,102767.36
167973,99574.94,102767.12
167981,99575.64,102767.44
167989,99575.17,102767.05
167998,99575.50,102766.95
168006,99575.08,102767.05
168015,99575.55,102767.17
168024,99575.50,102767.02
168031,99575.36,102766.98
168040,99576.09,102767.23
168048,99575.73,102767.38
168057,99575.86,102766.98
168065,99576.02,102766.98
168074,99575.52,102766.94
168082,99576.17,102766.97
168090,99576.11,102767.09
168099,99575.69,102766.92
168107,99575.98,102766.47
168116,99575.88,102766.66
168124,99576.14,102766.69
168133,99576.36,102767.31
168141,99575.34,102767.12
168150,99576.14,102766.98
168158,99576.39,102767.39
168167,99575.77,102766.92
168175,99576.52,102767.33
168184,99575.64,102767.09
168191,99575.95,102766.66
168200,99575.72,102766.98
168208,99575.77,102766.70
168217,99576.62,102766.78
168226,99575.50,102766.72
168234,99575.80,102766.41
168243,99576.25,102767.05
168251,99576.19,102766.72
168259,99575.58,102766.80
168267,99576.05,102766.67
168276,99576.02,102766.36
168285,99576.28,102766.81
168292,99576.41,102767.08
168301,99576.05,102766.77
168309,99576.14,102766.83
168319,99576.75,102766.48
168326,99576.30,102766.81
168334,99576.47,102766.69
168343,99577.08,102766.83
168351,99576.36,102766.38
168361,99576.34,102766.66
168368,99576.62,102766.88
168377,99576.55,102766.53
168386,99576.84,102766.53
168394,99576.22,102766.73
168403,99576.52,102766.36
168411,99577.20,102766.56
168419,99576.86,102766.47
168428,99576.92,102766.20
168436,99577.20,102766.84
168445,99576.83,102766.94
168453,99576.80,102767.17
168461,99576.70,102766.25
168470,99577.30,102766.50
168479,99577.11,102766.19
168487,99577.25,102766.33
168496,99577.25,102766.08
168504,99577.14,102766.30
168513,99577.27,102766.81
168520,99577.77,102766.61
168529,99577.06,102766.64
168538,99577.44,102766.41
168545,99578.06,102766.69
168554,99577.58,102766.45
168563,99577.06,102766.77
168571,99577.91,102766.88
168580,99577.58,102766.70
168588,99577.03,102766.67
168597,99578.02,102766.27
168606,99577.34,102766.59
168613,99577.83,102766.59
168622,99577.62,102766.77
168630,99577.52,102766.84
168639,99578.11,102766.44
168647,99577.73,102766.56
168656,99577.61,102766.34
168663,99578.36,102766.58
168673,99577.88,102766.88
168681,99578.08,102766.58
168689,99578.20,102766.59
168698,99577.78,102766.56
168705,99577.95,102766.69
168714,99578.12,102766.66
168723,99578.38,102766.67
168731,99578.25,102766.67
168739,99578.08,102767.23
168748,99578.20,102766.84
168756,99578.16,102766.77
168765,99578.44,102766.33
168773,99578.19,102767.00
168782,99578.64,102766.66
168791,99578.45,102766.34
168799,99578.80,102766.45
168808,99578.61,102766.95
168817,99578.58,102767.14
168825,99578.59,102766.56
168833,99579.16,102767.06
168841,99578.48,102766.75
168850,99578.70,102767.34
168858,99578.70,102766.44
168867,99578.69,102766.69
168875,99578.88,102767.06
168883,99578.44,102766.84
168892,99579.33,102766.38
168900,99579.28,102767.02
168909,99579.11,102767.25
168917,99579.88,102767.78
168926,99580.33,102767.38
168934,99579.84,102767.64
168943,99579.91,102767.81
168950,99580.45,102768.19
168959,99580.73,102768.23
168968,99581.33,102768.36
168976,99581.02,102768.75
168984,99581.47,102769.00
168992,99581.47,102769.12
169001,99581.84,102769.19
169009,99582.20,102769.05
169018,99582.06,102768.58
169026,99581.62,102768.69
169037,99581.73,102768.67
169043,99581.91,102768.86
169051,99581.77,102768.77
169061,99581.80,102769.19
169069,99581.58,102768.42
169077,99581.41,102768.55
169086,99581.16,102768.17
169094,99581.02,102768.17
169103,99581.03,102768.16
169111,99580.39,102767.39
169119,99580.94,102767.20
169127,99580.50,102767.33
169136,99580.23,102767.34
169144,99579.88,102767.12
169153,99580.00,102767.44
169161,99579.70,102766.64
169169,99579.72,102766.89
169178,99579.50,102767.09
169187,99579.36,102766.55
169195,99579.53,102766.38
169203,99579.86,102766.84
169212,99579.28,102766.95
169221,99579.25,102766.59
169228,99579.77,102766.61
169237,99579.78,102767.62
169246,99579.73,102767.12
169254,99579.92,102767.62
169263,99580.52,102767.14
169271,99580.17,102767.48
169279,99580.17,102767.31
169288,99580.66,102767.28
169296,99580.78,102767.48
169305,99581.08,102767.39
169313,99581.36,102767.53
169322,99581.36,102767.81
169329,99581.97,102768.53
169339,99581.83,102767.86
169347,99582.72,102768.38
169355,99582.78,102768.75
169364,99583.11,102768.92
169371,99583.81,102769.52
169380,99583.58,102769.69
169389,99584.38,102769.83
169398,99583.98,102770.05
169406,99583.84,102769.88
169415,99584.66,102769.80
169423,99585.00,102770.33
169431,99584.83,102770.14
169439,99584.50,102770.58
169448,99584.95,102770.31
169456,99584.83,102770.42
169465,99585.36,102770.72
169473,99584.91,102770.33
169482,99584.94,102770.14
169490,99585.02,102770.58
169499,99584.69,102770.28
169507,99584.94,102770.41
169515,99584.72,102769.80
169524,99585.06,102770.00
169533,99584.48,102769.50
169540,99584.56,102769.48
169549,99584.50,102768.97
169557,99583.50,102769.08
169566,99583.53,102768.62
169574,99583.95,102768.69
169583,99583.31,102768.41
169592,99582.30,102767.88
169600,99582.78,102768.33
169608,99582.75,102768.03
169616,99582.67,102768.09
169624,99582.45,102768.36
169633,99582.11,102767.94
169642,99582.16,102767.36
169651,99582.14,102767.61
169659,99581.64,102767.61
169668,99582.00,102767.30
169675,99582.48,102767.44
169684,99582.55,102768.02
169692,99582.16,102767.73
169701,99581.78,102767.80
169709,99582.45,102768.27
169718,99582.30,102768.06
169726,99582.75,102768.38
169735,99583.03,102768.38
169743,99583.08,102768.55
169751,99583.20,102768.73
169760,99584.00,102768.94
169768,99584.25,102769.34
169777,99584.78,102769.89
169785,99585.55,102770.00
169794,99585.34,102770.03
169803,99585.86,102770.34
169811,99585.97,102770.56
169818,99586.33,102770.52
169827,99586.95,102771.14
169836,99586.12,102771.45
169844,99586.78,102771.08
169852,99586.56,102771.62
169861,99586.84,102771.80
169869,99587.20,102771.75
169878,99587.09,102771.88
169886,99586.86,102771.61
169895,99586.83,102771.47
169903,99586.47,102771.42
169911,99586.30,102771.36
169920,99586.44,102771.44
169928,99586.31,102771.48
169937,99586.19,102770.72
169945,99585.58,102770.73
169954,99585.75,102770.88
169962,99585.22,102770.27
169971,99585.05,102769.95
169979,99585.05,102769.73
169987,99584.52,102769.25
169996,99585.17,102768.98
170004,99584.06,102769.56
170013,99584.11,102768.80
170021,99584.66,102768.53
170030,99584.45,102768.66
170038,99583.86,102768.69
170046,99583.92,102768.50
170055,99583.84,102768.78
170063,99584.05,102768.66
170072,99583.72,102768.48
170081,99583.75,102768.30
170089,99583.70,102768.25
170097,99583.61,102768.41
170105,99583.47,102768.39
170114,99583.84,102768.78
170122,99583.69,102768.69
170131,99583.42,102768.75
170139,99583.75,102769.28
170148,99583.75,102769.30
170156,99584.08,102768.75
170165,99583.88,102769.03
170173,99584.36,102769.44
170181,99584.94,102769.72
170190,99585.30,102769.83
170198,99585.41,102769.94
170207,99586.03,102770.47
170215,99586.77,102771.09
170224,99586.67,102771.09
170232,99587.06,102771.23
170241,99588.05,102771.33
170250,99587.53,102771.92
170257,99588.22,102771.95
170266,99587.94,102771.80
170274,99588.20,102771.94
170283,99588.89,102772.20
170291,99588.44,102771.70
170300,99588.77,102772.05
170308,99588.41,102772.58
170316,99588.80,102771.83
170325,99588.70,102771.34
170333,99588.16,102772.09
170342,99588.28,102771.77
170351,99587.91,102771.30
170358,99587.53,102771.45
170367,99587.81,102771.03
170376,99587.91,102771.19
170383,99587.27,102770.92
170392,99587.28,102770.59
170400,99586.94,102770.33
170409,99586.95,102770.42
170418,99586.09,102769.50
170426,99586.30,102769.33
170435,99585.92,102769.59
170443,99585.81,102769.53
170451,99585.61,102769.98
170460,99585.66,102769.53
170468,99585.83,102769.30
170477,99585.77,102769.22
170485,99585.83,102769.50
170494,99585.92,102769.45
170502,99585.89,102769.84
170510,99586.39,102769.81
170519,99586.25,102769.62
170527,99586.72,102770.36
170535,99587.31,102770.55
170543,99587.39,102770.91
170553,99587.78,102771.28
170561,99587.69,102771.30
170570,99588.09,102771.84
170578,99588.58,102771.83
170586,99588.78,102771.72
170594,99589.73,102772.06
170604,99589.62,102772.52
170612,99589.59,102772.47
170619,99589.75,102772.08
170628,99589.88,102772.50
170636,99589.67,102772.77
170645,99589.94,102772.58
170653,99590.42,102772.84
170662,99589.97,102772.92
170671,99589.73,102772.70
170679,99589.69,102772.70
170687,99590.16,102772.98
170696,99590.30,102772.12
170704,99589.73,102772.12
170713,99589.81,102772.52
170722,99589.77,102772.05
170730,99589.22,102771.42
170738,99589.28,102771.25
170748,99588.75,102771.30
170755,99588.77,102771.14
170764,99588.47,102770.94
170773,99587.84,102770.42
170781,99587.89,102770.88
170789,99587.67,102770.56
170798,99587.14,102770.66
170806,99587.67,102770.50
170814,99587.20,102770.42
170823,99587.16,102769.89
170831,99586.70,102769.97
170840,99586.45,102770.25
170848,99586.47,102770.31
170857,99586.52,102769.56
170865,99586.61,102769.97
170874,99586.31,102769.62
170881,99587.22,102770.31
170890,99586.80,102770.27
170899,99586.73,102770.36
170907,99587.34,102770.50
170916,99587.55,102770.83
170924,99587.75,102771.33
170931,99588.91,102771.47
170940,99588.73,102772.28
170949,99589.19,102772.05
170958,99589.97,102772.22
170965,99589.86,102772.91
170974,99590.42,102772.61
170982,99590.03,102773.38
170991,99591.23,102773.38
171000,99591.08,102773.59
171007,99591.31,102773.53
171016,99591.38,102773.95
171024,99590.97,102774.30
171033,99591.19,102773.98
171041,99591.28,102774.25
171050,99591.11,102774.34
171058,99591.58,102773.94
171067,99591.33,102773.81
171075,99591.58,102774.31
171084,99591.28,102773.39
171092,99591.23,102773.05
171101,99591.19,102773.28
171109,99590.75,102773.22
171118,99591.23,102772.86
171126,99590.36,102772.64
171134,99590.00,102772.45
171143,99590.22,102772.22
171151,99589.62,102772.02
171159,99589.09,102771.83
171168,99589.00,102771.67
171176,99589.03,102771.61
171184,99588.75,102771.31
171193,99589.09,102771.02
171201,99588.52,102770.86
171211,99588.22,102771.17
171218,99588.41,102770.84
171228,99588.25,102770.89
171235,99587.98,102770.77
171244,99588.20,102771.08
171253,99587.59,102770.98
171261,99588.16,102770.92
171269,99587.83,102770.67
171278,99587.55,102770.89
171286,99587.88,102771.12
171294,99587.94,102771.19
171303,99587.89,102770.88
171312,99588.30,102771.02
171320,99588.20,102771.95
171328,99589.06,102771.61
171337,99589.58,102772.02
171345,99589.97,102772.67
171354,99590.62,102772.59
171362,99590.72,102773.09
171371,99591.66,102773.36
171378,99591.86,102773.94
171387,99592.08,102774.38
171395,99592.28,102774.30
171404,99592.55,102774.59
171412,99592.61,102774.52
171421,99592.73,102774.73
171430,99592.77,102774.81
171437,99593.00,102773.95
171446,99593.33,102775.06
171454,99592.69,102774.66
171463,99592.94,102774.81
171471,99592.72,102774.33
171480,99592.86,102774.34
171488,99592.31,102774.56
171497,99592.08,102773.72
171506,99592.41,102773.52
171514,99592.08,102773.69
171523,99591.45,102773.45
171530,99591.73,102773.14
171539,99591.80,102772.83
171547,99590.83,102772.64
171556,99591.05,102772.50
171564,99591.06,102772.58
171572,99590.50,102772.31
171581,99590.45,102771.61
171590,99590.72,102771.61
171598,99590.69,102771.92
171607,99590.09,102771.67
171615,99590.14,102771.80
171624,99589.72,102771.53
171631,99589.95,102771.31
171640,99589.91,102771.09
171648,99589.39,102771.84
171657,99589.25,102771.36
171665,99589.56,102771.62
171673,99589.58,102771.86
171683,99589.75,102771.88
171691,99589.45,102771.94
171700,99589.70,102771.80
171707,99589.81,102771.69
171716,99590.34,102771.52
171725,99589.95,102772.47
171732,99591.05,102773.00
171741,99591.12,102773.42
171749,99591.78,102773.70
171758,99592.03,102774.33
171766,99592.47,102774.59
171775,99592.67,102774.31
171783,99592.59,102774.08
171792,99593.23,102774.81
171801,99593.39,102774.16
171809,99592.84,102774.81
171818,99593.41,102775.11
171825,99593.25,102774.38
171834,99592.95,102774.86
171842,99593.67,102774.23
171851,99592.97,102774.06
171859,99593.17,102774.05
171868,99593.08,102773.77
171876,99593.30,102773.58
171885,99592.53,102773.72
171893,99592.36,102773.34
171902,99592.67,102773.55
171909,99592.00,102773.28
171919,99592.19,102773.09
171926,99591.66,102772.67
171935,99591.48,102773.22
171943,99591.28,102772.70
171952,99591.42,102772.59
171960,99591.08,102772.14
171969,99591.81,102772.22
171977,99590.95,102772.75
171986,99590.95,102771.98
171994,99591.36,102772.02
172002,99590.66,102771.95
172011,99590.84,102771.83
172020,99591.34,102771.53
172028,99590.91,102771.97
172036,99590.81,102771.94
172045,99590.14,102771.81
172054,99590.25,102771.95
172062,99590.58,102772.03
172070,99590.59,102771.77
172078,99590.94,102771.77
172087,99590.06,102772.27
172095,99590.64,102772.12
172105,99590.77,102772.00
172112,99591.14,102772.05
172122,99592.05,102772.75
172130,99591.70,102773.33
172138,99592.39,102773.45
172146,99592.55,102773.34
172155,99593.52,102774.44
172163,99593.52,102774.30
172172,99593.80,102774.86
172180,99594.03,102774.66
172188,99593.58,102774.78
172197,99594.83,102774.83
172206,99594.45,102774.91
172213,99593.81,102775.12
172222,99594.89,102774.70
172230,99594.58,102774.38
172239,99593.69,102774.47
172247,99593.89,102774.14
172255,99593.62,102773.92
172264,99593.95,102774.59
172272,99594.05,102774.22
172281,99594.11,102773.88
172290,99593.64,102774.08
172298,99592.77,102774.31
172306,99593.09,102773.14
172315,99592.81,102773.33
172323,99592.78,102773.05
172332,99592.28,102772.44
172340,99591.53,102772.66
172349,99592.14,102773.11
172356,99591.55,102772.05
172365,99592.09,102771.95
172373,99591.34,102772.27
172382,99591.89,102772.34
172390,99591.92,102772.42
172399,99591.36,102772.23
172407,99591.72,102771.91
172416,99591.48,102771.69
172424,99591.20,102771.98
172433,99591.31,102772.16
172441,99591.02,102771.97
172449,99591.67,102772.25
172458,99591.92,102772.66
172467,99591.61,102772.56
172475,99592.05,102773.16
172483,99593.17,102773.16
172492,99593.20,102773.69
172500,99593.98,102774.62
172509,99594.05,102774.80
172517,99594.28,102774.42
172526,99594.56,102774.73
172533,99594.38,102774.48
172542,99594.52,102774.95
172551,99594.58,102775.16
172559,99594.91,102775.45
172568,99594.94,102775.94
172576,99595.44,102774.95
172584,99595.11,102775.56
172593,99595.31,102775.58
172601,99595.27,102775.03
172609,99595.58,102774.89
172618,99595.61,102775.16
172627,99594.77,102775.39
172635,99594.97,102774.86
172643,99594.81,102775.00
172651,99594.53,102774.55
172660,99594.88,102774.58
172669,99594.66,102774.25
172677,99594.23,102774.31
172686,99594.28,102773.73
172694,99593.84,102773.14
172703,99593.58,102773.30
172711,99593.11,102772.94
172720,99593.14,102773.02
172728,99593.05,102772.69
172737,99592.94,102772.69
172745,99592.52,102772.69
172753,99592.11,102772.56
172761,99592.70,102771.94
172770,99592.27,102772.56
172779,99592.17,102772.06
172787,99593.00,102772.02
172797,99591.77,102772.23
172805,99591.78,102772.64
172812,99592.69,102772.67
172821,99592.33,102772.28
172829,99592.59,102772.50
172839,99592.33,102772.62
172847,99592.33,102772.56
172855,99592.70,102773.11
172863,99593.45,102773.11
172872,99593.33,102773.38
172880,99593.50,102774.36
172889,99594.73,102774.53
172897,99594.25,102774.81
172905,99595.00,102774.86
172913,99595.47,102775.22
172922,99596.00,102775.31
172931,99596.38,102775.61
172939,99595.61,102775.67
172947,99596.22,102775.81
172956,99595.84,102775.70
172964,99595.62,102776.17
172972,99595.95,102775.84
172981,99595.69,102775.88
172989,99595.98,102775.12
172998,99596.33,102775.64
173006,99595.58,102775.19
173014,99595.55,102775.09
173023,99595.03,102775.16
173032,99595.42,102774.42
173039,99595.70,102774.64
173049,99594.77,102774.41
173057,99594.30,102773.89
173066,99594.36,102773.92
173073,99594.00,102773.52
173082,99593.77,102773.17
173091,99593.73,102773.17
173099,99593.38,102772.61
173108,99593.50,102772.67
173115,99593.55,102772.48
173124,99593.48,102772.81
173133,99593.08,102772.59
173141,99593.05,102772.33
173150,99592.88,102772.52
173157,99592.77,102772.27
173166,99592.75,102771.69
173174,99592.11,102772.39
173183,99592.27,102772.25
173191,99592.77,102771.94
173200,99592.66,102772.47
173209,99592.34,102772.48
173217,99593.03,102772.09
173226,99592.86,102772.70
173234,99592.94,102772.72
173242,99593.83,102773.28
173251,99593.77,102772.88
173258,99593.95,102773.64
173267,99594.69,102774.11
173276,99595.22,102774.28
173284,99595.69,102774.84
173293,99595.89,102774.59
173301,99596.38,102775.03
173310,99596.00,102775.33
173318,99596.17,102775.22
173326,99596.28,102775.03
173335,99596.53,102775.36
173343,99596.03,102775.16
173352,99596.31,102775.47
173360,99596.20,102775.00
173369,99596.44,102775.06
173377,99596.95,102775.52
173386,99596.62,102775.23
173394,99596.73,102774.98
173403,99596.64,102775.16
173410,99596.50,102775.08
173419,99596.31,102774.31
173427,99596.16,102774.25
173436,99595.45,102774.22
173445,99595.70,102774.27
173453,99595.27,102773.66
173461,99594.97,102773.28
173470,99595.38,102773.14
173479,99595.09,102773.17
173487,99595.44,102773.17
173495,99594.33,102772.92
173504,99594.64,102773.30
173512,99594.97,102772.47
173520,99594.53,102772.73
173529,99594.34,102772.75
173538,99594.17,102772.62
173546,99593.94,102772.84
173554,99594.31,102772.88
173563,99594.19,102773.02
173571,99593.92,102773.00
173579,99594.47,102772.61
173588,99594.12,102772.70
173596,99593.91,102772.59
173605,99594.48,102772.78
173613,99594.06,102772.17
173622,99593.89,102772.92
173630,99594.20,102772.67
173639,99594.11,102772.91
173647,99594.16,102773.02
173656,99594.91,102773.03
173664,99595.16,102773.28
173673,99595.06,102773.42
173680,99595.44,102773.70
173689,99596.16,102774.45
173698,99596.23,102774.25
173706,99596.95,102775.02
173715,99597.14,102774.80
173722,99596.62,102775.11
173731,99597.39,102775.08
173739,99597.11,102775.44
173748,99597.86,102775.19
173756,99597.70,102775.17
173765,99597.91,102775.55
173773,99597.75,102775.34
173782,99597.84,102774.77
173790,99597.50,102775.28
173799,99597.17,102774.89
173807,99597.11,102775.00
173815,99597.22,102774.70
173824,99596.91,102774.88
173833,99596.77,102774.45
173841,99596.88,102774.47
173850,99596.48,102774.80
173858,99596.12,102774.23
173866,99596.19,102774.12
173875,99596.17,102773.98
173883,99596.03,102773.19
173891,99595.92,102773.20
173899,99595.50,102773.03
173909,99594.80,102772.33
173916,99595.27,102772.72
173925,99595.17,102772.52
173933,99594.89,102772.59
173942,99594.70,102772.31
173950,99594.48,102772.30
173959,99594.45,102772.39
173967,99594.53,102773.05
173975,99594.61,102772.69
173984,99594.45,102772.14
173992,99594.45,102772.84
174001,99594.20,102772.83
174009,99594.62,102772.94
174018,99594.61,102772.58
174026,99595.03,102772.94
174034,99595.25,102772.34
174043,99595.39,102773.38
174051,99595.61,102773.11
174060,99595.66,102773.33
174068,99595.55,102773.41
174077,99595.81,102773.95
174085,99595.62,102773.81
174094,99596.55,102773.44
174102,99595.98,102773.80
174110,99596.41,102774.44
174119,99597.03,102773.73
174128,99596.41,102774.22
174136,99596.23,102774.06
174144,99596.95,102773.98
174153,99596.75,102774.23
174161,99596.66,102774.23
174169,99596.72,102774.45
174178,99596.48,102774.17
174186,99596.80,102774.30
174195,99596.70,102773.58
174203,99597.16,102773.73
174211,99597.22,102773.95
174220,99596.89,102774.45
174229,99596.53,102774.14
174237,99597.16,102774.22
174246,99596.94,102773.97
174254,99597.19,102773.97
174262,99596.67,102774.09
174271,99596.98,102774.19
174280,99597.08,102774.88
174288,99597.38,102774.11
174296,99597.16,102774.47
174304,99596.97,102774.27
174313,99596.98,102774.73
174321,99597.12,102774.19
174330,99597.19,102774.59
174338,99597.36,102773.80
174347,99597.14,102774.30
174355,99596.77,102773.88
174363,99597.25,102774.44
174372,99597.25,102774.45
174381,99596.91,102774.34
174389,99596.98,102774.66
174397,99597.31,102773.61
174406,99597.08,102774.30
174414,99597.25,102774.16
174422,99597.09,102774.41
174431,99597.25,102774.38
174439,99597.25,102774.12
174448,99597.58,102774.09
174456,99597.44,102774.22
174465,99597.62,102774.08
174473,99597.48,102774.42
174481,99597.64,102774.02
174489,99596.78,102774.44
174499,99597.34,102774.23
174507,99597.56,102774.25
174515,99597.38,102774.05
174523,99597.53,102774.08
174532,99597.61,102774.91
174541,99597.67,102774.72
174549,99598.14,102774.34
174557,99597.67,102774.75
174566,99597.30,102774.55
174574,99597.92,102774.53
174583,99597.98,102774.19
174591,99597.73,102774.28
174599,99597.69,102774.45
174608,99597.25,102774.55
174616,99597.70,102773.95
174625,99597.59,102774.23
174634,99597.94,102774.84
174641,99598.14,102775.12
174650,99597.94,102774.95
174658,99597.42,102774.28
174667,99598.34,102774.84
174676,99598.11,102774.48
174683,99597.94,102774.95
174693,99597.81,102774.55
174700,99597.64,102774.45
174709,99598.00,102774.36
174717,99598.39,102774.44
174726,99597.20,102774.52
174734,99598.00,102774.45
174743,99598.00,102774.38
174751,99597.56,102774.66
174760,99598.28,102774.09
174769,99597.78,102774.89
174777,99597.92,102774.84
174786,99597.80,102774.73
174795,99598.33,102774.47
174802,99598.19,102774.70
174811,99598.14,102774.47
174819,99598.20,102773.98
174827,99598.25,102774.44
174837,99597.94,102774.81
174845,99598.17,102774.97
174853,99597.58,102774.61
174861,99598.53,102774.25
174870,99598.05,102774.16
174878,99597.95,102774.55
174886,99598.70,102774.53
174895,99597.78,102774.14
174903,99597.95,102774.14
174912,99598.30,102774.45
174920,99598.12,102774.61
174929,99598.61,102774.34
174937,99597.92,102774.88
174946,99597.67,102774.41
174954,99598.73,102774.38
174962,99598.34,102774.86
174971,99598.27,102774.52
174979,99598.45,102774.45
174987,99598.20,102774.52
174996,99598.70,102774.53
175004,99598.23,102774.25
175013,99598.22,102774.72
175021,99598.12,102774.39
175030,99598.45,102774.41
175038,99598.16,102774.53
175047,99598.33,102774.48
175055,99598.56,102774.72
175063,99598.31,102774.83
175072,99598.86,102774.19
175080,99598.48,102774.61
175089,99599.00,102774.53
175098,99598.28,102774.72
175106,99598.55,102774.83
175114,99598.41,102774.41
175122,99598.39,102774.36
175130,99598.27,102774.45
175139,99598.06,102774.47
175147,99598.28,102774.38
175156,99598.39,102774.64
175165,99598.58,102774.39
175173,99598.47,102774.58
175181,99598.70,102774.11
175189,99598.73,102774.70
175198,99598.48,102774.09
175206,99598.50,102774.48
175215,99598.80,102774.48
175224,99598.55,102774.23
175232,99598.66,102774.27
175240,99599.08,102774.66
175249,99598.64,102774.81
175257,99598.89,102775.12
175265,99598.91,102774.33
175274,99598.39,102773.89
175283,99598.52,102774.41
175291,99598.83,102774.56
175300,99598.86,102774.44
175308,99598.95,102774.66
175316,99598.77,102774.48
175325,99599.03,102774.20
175333,99598.91,102774.45
175342,99598.56,102774.47
175350,99598.62,102774.45
175359,99598.64,102774.23
175367,99598.16,102774.56
175376,99598.61,102774.03
175383,99599.03,102774.39
175392,99598.64,102774.19
175401,99598.72,102774.83
175409,99599.22,102774.30
175417,99598.66,102774.33
175426,99598.83,102774.28
175434,99599.66,102774.30
175443,99598.75,102774.28
175451,99598.70,102774.42
175460,99598.58,102774.33
175468,99599.39,102774.27
175477,99599.19,102774.34
175484,99598.66,102774.34
175494,99598.86,102775.05
175502,99599.14,102774.08
175511,99599.03,102773.64
175519,99599.59,102774.19
175528,99599.38,102774.02
175535,99599.12,102774.39
175544,99599.09,102774.80
175553,99598.75,102773.73
175560,99598.98,102773.94
175569,99599.30,102773.91
175577,99598.92,102774.03
175586,99599.19,102773.83
175595,99599.78,102774.09
175603,99599.58,102773.58
175611,99599.78,102774.25
175620,99599.58,102773.89
175629,99599.33,102773.72
175637,99598.91,102773.86
175645,99598.89,102773.81
175654,99598.86,102773.86
175662,99599.17,102773.92
175670,99599.47,102773.89
175679,99599.33,102773.50
175688,99599.39,102773.80
175696,99599.14,102773.64
175704,99599.05,102773.98
175713,99599.02,102773.59
175722,99599.78,102773.42
175730,99599.47,102773.52
175738,99599.78,102773.58
175747,99599.41,102773.70
175755,99599.27,102773.38
175763,99599.50,102773.25
175772,99599.55,102773.06
175781,99599.33,102773.31
175788,99599.33,102773.95
175797,99599.72,102773.31
175806,99599.44,102773.66
175814,99599.19,102773.17
175822,99599.45,102773.30
175830,99599.19,102773.39
175838,99599.75,102773.83
175847,99599.12,102773.45
175856,99599.44,102773.52
175864,99599.23,102772.81
175873,99599.70,102773.09
175882,99599.25,102773.58
175889,99599.67,102773.20
175898,99599.59,102773.30
175906,99599.48,102773.09
175915,99599.94,102773.33
175923,99599.89,102773.17
175932,99599.83,102773.56
175940,99599.31,102773.08
175949,99599.95,102773.39
175957,99599.83,102773.27
175966,99599.75,102773.09
175973,99599.42,102773.19
175983,99599.66,102772.83
175991,99599.67,102773.27
176000,99599.84,102772.98
176008,99599.69,102773.61
176016,99600.09,102772.86
176025,99599.91,102773.28
176034,99599.62,102773.06
176041,99600.00,102772.72
176050,99600.69,102773.39
176058,99600.20,102773.03
176067,99600.00,102773.30
176075,99600.16,102773.38
176084,99600.20,102773.16
176092,99599.83,102773.25
176100,99599.91,102773.00
176109,99600.36,102773.23
176118,99600.64,102773.47
176125,99600.39,102772.88
176134,99600.62,102772.84
176143,99600.47,102773.84
176151,99600.38,102773.84
176159,99600.84,102773.19
176168,99599.83,102773.47
176176,99600.44,102773.36
176185,99601.17,102773.14
176193,99601.14,102773.55
176201,99601.19,102773.50
176210,99600.98,102773.62
176219,99601.02,102773.64
176227,99601.25,102773.67
176236,99600.75,102773.75
176244,99600.95,102773.45
176252,99600.95,102773.61
176261,99601.31,102773.77
176269,99600.62,102773.48
176278,99601.00,102773.33
176286,99601.39,102773.72
176295,99600.73,102773.67
176302,99600.98,102773.14
176312,99601.59,102773.88
176319,99601.09,102773.08
176328,99601.05,102773.53
176337,99601.25,102773.73
176346,99601.61,102773.88
176353,99601.08,102773.77
176362,99601.45,102773.38
176371,99601.22,102773.62
176378,99601.30,102773.72
176388,99601.48,102773.70
176395,99601.30,102773.47
176404,99601.98,102773.30
176413,99601.64,102772.97
176421,99602.05,102773.38
176429,99601.34,102773.30
176438,99601.61,102773.19
176447,99601.83,102773.50
176454,99601.78,102773.41
176463,99601.89,102773.22
176472,99601.58,102774.02
176480,99601.64,102773.23
176489,99601.47,102773.62
176497,99601.56,102773.59
176506,99601.66,102773.66
176513,99601.69,102773.64
176522,99602.05,102773.83
176531,99602.06,102773.42
176540,99601.73,102773.58
176547,99602.05,102773.48
176556,99601.66,102773.86
176564,99602.52,102774.09
176573,99601.92,102773.78
176581,99601.89,102773.70
176589,99602.17,102773.95
176598,99602.06,102773.88
176606,99601.45,102773.61
176615,99602.06,102774.02
176623,99602.30,102773.58
176632,99602.34,102773.61
176640,99602.45,102773.69
176649,99601.77,102773.39
176657,99602.41,102773.48
176665,99602.50,102773.62
176674,99601.86,102773.59
176682,99602.42,102773.91
176690,99601.88,102773.81
176699,99602.70,102774.12
176707,99602.84,102773.84
176716,99602.72,102774.56
176725,99601.33,102774.09
176734,99602.25,102774.28
176742,99602.16,102773.47
176750,99602.23,102773.97
176759,99602.02,102773.83
176767,99602.59,102774.17
176775,99602.58,102773.69
176784,99602.44,102774.17
176792,99602.20,102773.75
176801,99602.44,102773.47
176809,99602.53,102774.00
176817,99602.62,102773.61
176826,99602.42,102774.16
176834,99602.64,102773.81
176843,99603.36,102774.23
176851,99602.50,102773.89
176860,99602.55,102774.33
176868,99602.39,102773.80
176876,99602.59,102774.11
176885,99602.36,102773.69
176894,99602.44,102773.83
176902,99602.28,102773.94
176911,99602.73,102774.00
176919,99602.08,102773.64
176927,99602.77,102773.30
176935,99602.55,102774.05
176943,99602.92,102773.83
176952,99601.97,102774.03
176960,99602.47,102773.95
176969,99603.05,102774.03
176977,99602.95,102773.58
176986,99602.67,102774.23
176995,99602.89,102773.92
177003,99602.66,102774.16
177010,99602.89,102773.92
177019,99602.59,102774.16
177028,99602.83,102773.62
177036,99602.95,102773.94
177045,99602.78,102774.00
177054,99602.64,102774.59
177061,99603.39,102773.86
177070,99603.09,102774.27
177078,99602.91,102773.81
177087,99603.25,102773.91
177097,99603.09,102774.59
177104,99603.45,102773.88
177112,99602.80,102774.47
177121,99603.50,102774.56
177129,99603.08,102773.98
177137,99602.94,102774.33
177146,99603.14,102774.22
177155,99602.70,102774.08
177162,99603.16,102773.86
177171,99603.11,102773.94
177180,99603.02,102773.95
177188,99603.12,102773.98
177197,99603.31,102774.14
177205,99603.11,102774.09
177214,99603.41,102773.52
177222,99602.84,102773.84
177230,99603.30,102773.72
177239,99603.62,102774.06
177247,99603.66,102774.00
177256,99603.09,102773.94
177264,99603.58,102774.02
177273,99603.75,102773.80
177281,99603.11,102773.83
177290,99603.14,102773.95
177298,99603.03,102774.23
177307,99603.05,102773.70
177314,99603.00,102773.88
177323,99603.36,102774.03
177331,99603.05,102773.75
177340,99603.03,102773.86
177348,99603.34,102773.72
177357,99603.02,102774.39
177365,99603.30,102774.03
177374,99602.84,102773.83
177382,99602.95,102774.03
177391,99603.12,102773.50
177399,99603.52,102773.56
177408,99603.30,102774.19
177415,99603.58,102773.89
177424,99602.98,102773.83
177433,99603.08,102773.45
177441,99603.17,102774.05
177449,99603.47,102773.86
177458,99603.22,102774.08
177466,99603.84,102773.61
177475,99603.97,102774.45
177483,99604.16,102774.72
177492,99604.42,102774.66
177501,99604.83,102774.97
177508,99604.89,102774.67
177517,99604.91,102774.92
177525,99605.19,102775.33
177534,99604.77,102774.98
177542,99605.81,102775.03
177550,99605.14,102775.45
177559,99605.31,102775.00
177567,99605.34,102775.45
177576,99605.78,102774.97
177585,99605.22,102775.14
177592,99605.31,102774.81
177601,99605.25,102774.73
177610,99605.09,102774.88
177618,99605.16,102775.11
177627,99604.91,102774.55
177635,99604.20,102774.47
177643,99604.17,102774.88
177652,99604.12,102774.06
177660,99603.64,102773.73
177669,99603.16,102773.38
177677,99603.42,102773.23
177686,99602.88,102772.73
177693,99602.42,102772.44
177702,99602.55,102772.47
177711,99602.31,102772.16
177720,99602.33,102772.00
177727,99601.56,102771.83
177736,99601.28,102772.09
177744,99601.41,102772.08
177754,99601.08,102771.98
177762,99601.39,102771.59
177770,99600.88,102771.22
177779,99601.05,102771.38
177786,99601.19,102771.55
177795,99601.59,102771.42
177803,99601.47,102771.17
177812,99601.69,102771.81
177820,99601.56,102772.31
177830,99601.53,102772.38
177837,99601.52,102772.33
177846,99601.98,102772.41
177854,99601.81,102772.77
177863,99602.28,102773.25
177871,99603.23,102773.73
177880,99603.12,102774.22
177888,99603.78,102773.80
177897,99603.72,102773.78
177905,99603.69,102774.20
177914,99604.23,102774.77
177922,99604.52,102775.16
177931,99604.45,102774.95
177938,99604.47,102774.70
177947,99604.94,102774.77
177956,99604.69,102774.88
177964,99604.70,102775.12
177973,99604.69,102775.02
177981,99604.59,102775.14
177989,99605.22,102774.69
177997,99604.30,102774.00
178006,99604.48,102774.28
178014,99603.97,102774.45
178023,99603.72,102773.84
178031,99603.47,102774.25
178040,99603.78,102773.33
178048,99603.14,102773.80
178057,99603.34,102773.41
178065,99602.73,102773.31
178073,99602.73,102772.77
178082,99602.45,102772.33
178091,99602.28,102772.09
178099,99602.80,102772.23
178107,99602.17,102772.20
178115,99602.56,102772.48
178124,99602.39,102771.55
178133,99601.33,102771.94
178141,99601.50,102771.62
178149,99601.47,102771.45
178158,99601.95,102772.02
178166,99601.45,102771.64
178175,99601.56,102771.92
178183,99601.58,102771.44
178192,99601.94,102771.72
178199,99601.89,102771.27
178208,99601.88,102772.03
178217,99602.09,102771.53
178225,99601.88,102772.94
178233,99602.67,102772.44
178242,99602.38,102772.48
178250,99602.67,102773.06
178259,99603.50,102773.30
178267,99603.38,102773.42
178276,99603.77,102773.52
178284,99603.66,102773.80
178293,99603.91,102774.12
178301,99603.97,102773.73
178310,99604.20,102773.95
178318,99604.23,102774.14
178326,99604.39,102774.45
178335,99604.25,102774.42
178343,99604.17,102774.73
178352,99603.61,102774.36
178360,99604.27,102774.56
178369,99604.38,102774.16
178377,99604.12,102774.09
178386,99603.66,102774.80
178394,99603.67,102774.16
178403,99604.34,102774.20
178411,99603.39,102773.34
178420,99603.48,102773.53
178427,99603.45,102773.09
178436,99603.42,102773.19
178444,99603.09,102772.89
178453,99603.02,102772.38
178461,99602.72,102772.52
178470,99602.41,102772.00
178478,99602.16,102771.58
178487,99601.36,102772.06
178495,99601.77,102772.06
178504,99601.91,102771.91
178512,99601.47,102771.53
178520,99602.19,102771.25
178529,99601.03,102771.48
178537,99601.36,102771.39
178546,99601.22,102771.11
178554,99601.20,102770.86
178563,99601.48,102770.83
178571,99601.23,102771.03
178579,99601.00,102771.12
178588,99600.67,102771.12
178596,99601.00,102771.09
178604,99601.02,102771.03
178613,99600.98,102771.02
178621,99600.95,102771.33
178630,99601.08,102771.09
178639,99601.27,102771.03
178646,99601.25,102771.53
178655,99600.70,102771.56
178664,99601.53,102771.67
178672,99601.44,102771.67
178681,99602.70,102772.41
178689,99602.36,102772.58
178697,99602.75,102772.69
178706,99602.91,102773.08
178715,99603.62,102773.28
178723,99603.27,102773.47
178732,99603.58,102773.86
178741,99603.44,102773.88
178749,99603.52,102773.69
178758,99603.50,102773.86
178766,99603.61,102773.84
178774,99603.17,102773.64
178782,99603.56,102773.47
178791,99603.17,102773.69
178799,99603.42,102773.44
178807,99603.20,102773.22
178816,99602.83,102773.25
178825,99602.48,102772.80
178833,99602.94,102772.52
178841,99602.50,102772.05
178850,99602.20,102771.78
178858,99602.77,102771.69
178866,99601.62,102771.42
178875,99602.02,102771.47
178883,99601.75,102770.98
178891,99601.44,102770.84
178900,99601.44,102770.62
178908,99600.83,102770.94
178917,99600.88,102770.45
178925,99601.19,102770.55
178934,99601.08,102769.84
178942,99600.55,102770.25
178950,99600.31,102770.50
178959,99599.92,102770.64
178967,99600.05,102770.14
178975,99600.73,102770.34
178984,99600.53,102770.75
178992,99600.44,102770.44
179001,99600.38,102770.70
179009,99600.27,102770.94
179018,99600.42,102771.23
179026,99600.98,102770.83
179035,99600.58,102771.31
179043,99600.86,102771.50
179052,99601.64,102771.39
179059,99601.12,102771.70
179068,99601.55,102771.91
179078,99601.89,102772.33
179085,99602.19,102772.03
179093,99601.94,102772.42
179102,99602.36,102772.50
179111,99602.77,102772.78
179119,99602.98,102772.52
179128,99602.47,102772.86
179136,99602.23,102772.77
179144,99602.75,102772.81
179152,99602.72,102772.38
179161,99602.17,102772.88
179170,99602.33,102772.97
179178,99602.34,102772.44
179186,99602.72,102772.47
179195,99602.47,102772.58
179203,99602.41,102772.19
179212,99602.28,102772.64
179220,99602.25,102772.22
179229,99602.05,102771.95
179237,99601.45,102771.53
179246,99601.72,102771.70
179254,99601.28,102771.06
179262,99601.25,102771.50
179271,99601.00,102771.06
179279,99601.06,102770.48
179288,99600.92,102770.84
179296,99600.78,102770.52
179305,99600.69,102770.33
179313,99600.39,102770.31
179321,99600.59,102769.84
179330,99600.17,102769.92
179339,99600.22,102770.23
179347,99599.72,102770.17
179355,99600.12,102769.80
179363,99599.98,102769.86
179372,99599.95,102769.84
179381,99599.86,102770.03
179389,99600.28,102770.61
179397,99599.95,102769.81
179405,99600.39,102770.09
179414,99600.42,102770.27
179422,99601.00,102770.53
179431,99600.78,102771.00
179440,99600.45,102771.48
179448,99601.47,102771.75
179457,99601.84,102771.42
179465,99601.64,102771.75
179473,99601.70,102772.17
179482,99601.89,102772.34
179490,99601.98,102772.77
179499,99602.14,102772.52
179507,99602.67,102772.45
179515,99602.11,102772.73
179524,99602.70,102772.92
179532,99602.67,102772.77
179540,99602.67,102773.14
179549,99602.75,102772.27
179557,99602.81,102773.05
179566,99602.48,102772.64
179575,99602.67,102773.11
179582,99602.45,102772.50
179591,99602.42,102772.61
179600,99602.73,102772.53
179608,99601.98,102772.48
179617,99602.73,102772.14
179624,99602.19,102772.34
179633,99602.59,102771.55
179642,99601.89,102771.59
179651,99602.19,102770.56
179658,99602.12,102771.44
179667,99601.44,102770.67
179675,99601.02,102770.50
179684,99601.25,102770.47
179693,99600.89,102769.91
179700,99600.78,102769.78
179709,99600.83,102769.69
179718,99600.23,102769.72
179726,99599.94,102769.47
179735,99599.86,102769.95
179743,99599.70,102769.66
179752,99599.50,102770.16
179760,99599.97,102769.61
179768,99600.03,102770.11
179777,99599.75,102770.30
179785,99600.41,102769.97
179793,99600.20,102769.91
179802,99600.61,102770.59
179810,99600.48,102770.89
179819,99600.81,102771.00
179828,99600.89,102771.36
179836,99601.38,102770.88
179845,99601.59,102771.55
179852,99601.98,102771.89
179861,99601.69,102771.98
179869,99601.81,102772.16
179878,99602.69,102772.61
179886,99602.78,102772.77
179895,99602.45,102773.03
179903,99602.31,102772.47
179912,99602.88,102773.25
179920,99602.77,102773.14
179929,99602.95,102773.22
179937,99602.67,102773.36
179945,99602.62,102773.28
179953,99602.75,102773.17
179962,99602.83,102772.84
179970,99602.47,102772.55
179979,99602.80,102772.50
179987,99602.19,102772.81
179996,99602.53,102771.88
180005,99601.89,102771.86
180013,99601.81,102771.53
180022,99601.95,102771.70
180030,99601.67,102770.75
180038,99600.22,102770.92
180046,99600.75,102770.88
180055,99600.50,102770.39
180063,99600.30,102770.22
180072,99599.92,102770.23
180080,99599.88,102769.92
180089,99600.05,102770.08
180098,99599.62,102769.56
180105,99599.66,102769.33
180114,99599.38,102769.08
180122,99598.64,102769.17
180131,99599.03,102769.11
180139,99599.30,102769.53
180148,99598.89,102769.47
180156,99599.09,102769.25
180165,99598.86,102769.39
180173,99599.28,102769.34
180182,99599.45,102769.50
180190,99599.39,102769.39
180199,99599.52,102769.70
180206,99599.80,102769.95
180215,99599.78,102770.23
180224,99600.48,102770.80
180232,99600.59,102770.67
180240,99601.17,102771.34
180249,99600.69,102772.12
180258,99600.98,102771.42
180266,99601.31,102771.83
180275,99600.92,102771.66
180283,99601.45,102771.95
180291,99601.25,102772.34
180300,99601.58,102772.61
180308,99601.11,102772.09
180317,99601.56,102772.25
180325,99601.52,102772.00
180334,99601.45,102771.92
180342,99601.39,102772.25
180350,99601.48,102771.64
180359,99601.36,102771.97
180366,99601.02,102771.59
180375,99600.70,102771.11
180383,99601.14,102771.27
180392,99600.55,102770.81
180401,99600.80,102770.62
180409,99599.98,102769.98
180418,99600.30,102770.45
180426,99599.59,102770.33
180435,99599.38,102769.64
180443,99599.70,102769.70
180451,99598.97,102769.31
180460,99599.38,102769.81
180469,99598.53,102768.86
180476,99598.67,102768.70
180485,99598.55,102769.27
180493,99597.45,102768.80
180502,99597.88,102768.61
180510,99597.97,102768.67
180519,99597.80,102768.61
180527,99597.80,102768.42
180536,99598.41,102768.36
180544,99597.77,102768.61
180552,99598.25,102769.00
180561,99598.03,102768.89
180569,99598.19,102769.14
180578,99598.84,102769.20
180586,99598.61,102769.92
180594,99598.92,102769.69
180603,99599.50,102769.69
180611,99599.78,102769.91
180620,99599.88,102769.89
180628,99600.50,102770.30
180637,99600.20,102770.14
180645,99600.52,102770.20
180653,99600.77,102770.19
180662,99600.75,102770.97
180670,99600.53,102770.94
180679,99600.47,102770.53
180687,99600.78,102770.62
180696,99600.53,102771.53
180705,99600.69,102771.44
180713,99600.59,102771.11
180722,99600.42,102770.83
180730,99600.25,102771.14
180739,99600.36,102770.56
180748,99599.86,102770.44
180756,99599.86,102770.48
180764,99599.55,102770.31
180773,99599.06,102769.70
180781,99599.27,102769.98
180789,99598.77,102769.75
180798,99598.61,102769.30
180807,99599.19,102769.09
180814,99598.81,102769.12
180823,99598.77,102768.45
180831,99598.47,102768.03
180839,99598.11,102768.38
180848,99597.86,102768.17
180857,99597.92,102767.94
180864,99597.28,102767.59
180873,99597.38,102767.86
180882,99597.33,102768.02
180890,99597.33,102768.28
180898,99597.39,102768.06
180907,99597.30,102767.83
180915,99597.39,102768.66
180924,99596.72,102768.25
180932,99597.38,102768.62
180940,99597.20,102768.67
180949,99597.67,102768.50
180957,99597.73,102768.73
180966,99597.83,102768.98
180974,99597.86,102769.41
180983,99597.92,102769.75
180991,99599.02,102769.64
180999,99598.83,102770.14
181007,99599.38,102769.83
181016,99599.28,102770.25
181025,99598.88,102770.48
181032,99599.91,102770.44
181042,99599.09,102770.64
181050,99599.62,102770.25
181059,99599.28,102770.88
181066,99599.42,102770.55
181075,99599.20,102770.28
181083,99599.27,102770.77
181091,99599.50,102771.00
181100,99598.97,102770.47
181109,99598.69,102770.09
181118,99598.83,102770.02
181126,99598.50,102769.89
181134,99598.50,102769.61
181143,99598.44,102769.36
181151,99597.77,102768.80
181160,99598.30,102769.14
181167,99597.55,102769.23
181177,99597.81,102768.42
181184,99597.45,102768.45
181193,99597.44,102767.75
181201,99597.20,102767.56
181210,99596.78,102767.41
181218,99596.36,102767.31
181227,99596.44,102767.50
181236,99596.25,102767.59
181244,99595.92,102767.22
181252,99596.58,102766.97
181261,99595.89,102767.20
181269,99595.72,102767.19
181277,99596.14,102767.22
181286,99596.02,102767.47
181294,99596.02,102767.52
181303,99596.19,102767.20
181311,99595.89,102767.83
181321,99596.06,102767.62
181328,99596.14,102767.97
181337,99596.09,102768.22
181345,99596.55,102768.31
181354,99597.31,102768.52
181362,99597.44,102769.42
181371,99597.67,102768.97
181378,99598.16,102769.38
181387,99598.00,102769.56
181396,99598.44,102769.81
181404,99598.33,102769.52
181413,99598.72,102769.89
181420,99598.84,102770.41
181429,99598.42,102769.91
181437,99598.70,102770.16
181446,99599.25,102769.94
181455,99598.64,102769.88
181463,99598.53,102769.80
181471,99598.19,102769.83
181480,99598.48,102769.89
181488,99598.22,102769.53
181496,99598.14,102769.45
181505,99598.27,102768.86
181513,99597.95,102768.56
181522,99597.92,102768.48
181531,99597.78,102768.83
181539,99598.08,102768.14
181547,99597.70,102768.22
181555,99597.55,102767.98
181564,99597.02,102767.53
181572,99596.53,102767.38
181581,99596.08,102766.88
181589,99596.16,102767.16
181598,99595.81,102766.45
181606,99596.02,102766.53
181615,99595.64,102766.53
181623,99594.95,102766.39
181632,99595.80,102766.33
181641,99595.39,102766.91
181648,99595.17,102766.45
181657,99594.95,102766.47
181666,99595.23,102766.84
181674,99595.02,102766.69
181682,99595.72,102766.64
181690,99595.97,102766.97
181699,99595.67,102767.09
181707,99595.66,102767.69
181716,99596.59,102767.62
181725,99596.55,102767.55
181732,99596.95,102768.03
181741,99596.77,102768.89
181750,99597.06,102768.44
181758,99597.89,102769.33
181767,99597.55,102769.02
181775,99598.02,102769.33
181783,99597.42,102769.28
181792,99598.17,102769.02
181801,99598.27,102769.20
181809,99597.84,102769.08
181817,99598.31,102769.61
181825,99598.34,102769.28
181834,99597.62,102769.19
181843,99597.94,102769.39
181851,99597.97,102769.03
181859,99597.73,102769.11
181868,99597.31,102769.28
181876,99597.80,102768.81
181885,99597.62,102768.69
181893,99597.28,102768.94
181902,99596.97,102768.19
181910,99596.95,102767.91
181919,99596.78,102768.31
181927,99596.80,102767.64
181935,99596.28,102767.66
181944,99596.22,102767.34
181952,99596.02,102766.80
181960,99596.00,102766.55
181969,99595.75,102766.45
181977,99595.44,102766.78
181986,99595.41,102766.69
181994,99595.59,102766.45
182003,99595.62,102766.28
182011,99595.59,102766.56
182020,99595.28,102766.42
182027,99594.92,102766.56
182036,99595.25,102766.45
182045,99595.02,102766.47
182053,99595.47,102767.05
182062,99595.19,102766.53
182071,99596.12,102766.64
182079,99595.33,102766.92
182086,99595.89,102766.94
182096,99595.84,102767.14
182104,99596.39,102767.72
182112,99596.53,102767.95
182121,99596.94,102768.25
182129,99597.20,102768.30
182138,99597.20,102768.61
182146,99597.56,102768.97
182155,99597.56,102769.19
182162,99597.56,102769.12
182172,99598.38,102768.95
182179,99598.36,102769.44
182188,99597.89,102769.48
182196,99598.34,102769.12
182206,99597.55,102769.17
182213,99597.75,102769.42
182222,99597.80,102769.28
182230,99597.45,102769.27
182238,99597.23,102769.23
182247,99597.19,102768.84
182256,99597.28,102768.52
182263,99597.02,102768.50
182272,99596.97,102768.36
182281,99596.84,102768.06
182289,99596.39,102767.92
182297,99596.75,102767.70
182306,99596.22,102767.03
182315,99596.09,102767.14
182323,99596.62,102767.16
182331,99595.86,102766.84
182340,99595.47,102766.94
182348,99595.73,102766.36
182357,99595.00,102766.64
182365,99594.83,102766.23
182374,99594.56,102766.23
182382,99594.27,102765.47
182390,99594.36,102765.73
182399,99594.39,102765.12
182408,99594.38,102765.78
182415,99594.33,102765.73
182424,99593.86,102765.62
182433,99594.25,102766.28
182441,99594.56,102765.77
182450,99594.27,102766.64
182458,99594.73,102766.92
182467,99595.11,102767.11
182475,99595.20,102767.06
182483,99595.75,102767.78
182492,99595.69,102767.72
182500,99596.17,102768.06
182509,99595.89,102768.09
182516,99596.72,102768.28
182525,99597.17,102768.28
182534,99597.05,102768.52
182542,99597.23,102768.48
182552,99596.80,102768.64
182559,99597.33,102768.73
182567,99596.95,102769.09
182576,99596.95,102768.72
182584,99596.73,102768.73
182593,99597.08,102768.72
182601,99597.00,102768.88
182610,99597.03,102769.22
182619,99596.48,102769.27
182626,99596.64,102768.47
182635,99596.80,102768.62
182643,99596.64,102767.92
182652,99596.36,102768.56
182660,99596.48,102767.89
182669,99596.30,102768.34
182678,99596.19,102768.45
182686,99596.19,102768.42
182694,99596.50,102767.75
182703,99595.88,102768.23
182710,99596.34,102767.83
182719,99596.11,102768.27
182728,99596.08,102767.67
182736,99595.84,102767.78
182745,99595.92,102767.67
182753,99595.67,102768.42
182761,99595.55,102767.41
182770,99595.44,102767.83
182779,99595.41,102767.70
182787,99595.31,102767.84
182796,99595.47,102767.20
182805,99595.42,102767.62
182813,99595.92,102767.41
182822,99595.39,102767.50
182829,99595.62,102767.38
182838,99595.34,102767.52
182847,99595.27,102767.11
182855,99595.19,102767.56
182864,99595.33,102767.53
182871,99594.94,102767.06
182880,99595.34,102767.41
182888,99595.00,102766.88
182897,99595.14,102767.69
182905,99594.84,102767.31
182914,99595.64,102767.19
182923,99595.66,102766.83
182930,99595.06,102767.59
182939,99595.20,102766.78
182947,99594.95,102767.34
182956,99594.83,102767.48
182964,99595.03,102767.62
182973,99594.55,102766.94
182981,99594.95,102766.81
182989,99595.05,102766.69
182998,99594.48,102767.45
183006,99594.41,102766.86
183015,99594.56,102767.03
183023,99594.36,102767.06
183031,99594.50,102767.33
183040,99594.19,102766.80
183048,99594.72,102766.89
183057,99594.52,102766.91
183065,99594.20,102766.78
183074,99594.69,102766.78
183083,99594.41,102767.12
183091,99594.06,102766.47
183099,99593.69,102766.70
183108,99593.84,102766.62
183116,99593.22,102766.48
183124,99593.45,102766.64
183133,99594.02,102766.70
183141,99593.77,102766.59
183149,99593.94,102766.59
183158,99593.47,102766.48
183166,99593.50,102766.33
183175,99593.64,102766.50
183183,99592.75,102766.89
183192,99593.17,102766.39
183200,99593.45,102766.22
183209,99592.86,102766.50
183217,99593.23,102765.95
183226,99593.12,102766.41
183233,99593.17,102766.42
183242,99593.00,102765.98
183250,99592.97,102766.47
183259,99593.08,102766.31
183268,99593.55,102766.08
183276,99592.62,102766.19
183284,99593.38,102765.98
183293,99593.19,102765.97
183301,99593.39,102765.69
183309,99593.00,102766.48
183318,99592.95,102766.08
183326,99593.03,102765.89
183335,99592.55,102765.77
183344,99592.62,102765.84
183351,99592.59,102765.86
183360,99593.14,102765.91
183369,99592.34,102765.91
183377,99592.66,102766.06
183385,99592.53,102765.72
183394,99592.33,102765.91
183402,99592.45,102766.02
183411,99592.23,102766.09
183419,99592.33,102765.69
183427,99592.86,102765.98
183436,99592.19,102765.69
183444,99592.81,102765.88
183453,99592.16,102765.41
183461,99592.67,102765.50
183470,99592.25,102765.61
183479,99592.34,102765.31
183487,99592.70,102765.70
183494,99592.11,102765.47
183503,99591.98,102765.20
183512,99591.81,102765.20
183520,99592.30,102765.09
183529,99592.00,102764.97
183538,99591.62,102764.36
183545,99591.59,102764.64
183554,99591.59,102764.75
183562,99591.88,102764.72
183572,99592.00,102764.59
183579,99591.62,102764.88
183588,99592.02,102764.52
183597,99591.75,102764.94
183605,99591.58,102764.48
183613,99591.67,102764.98
183621,99591.69,102764.22
183630,99590.89,102764.97
183639,99591.28,102764.25
183647,99591.72,102764.28
183655,99590.80,102764.45
183663,99590.81,102764.27
183672,99590.44,102764.97
183681,99590.72,102765.08
183689,99590.77,102764.17
183697,99590.19,102764.34
183706,99590.56,102764.61
183714,99590.89,102764.30
183722,99590.55,102764.20
183731,99590.64,102764.42
183739,99590.11,102764.23
183747,99590.42,102763.97
183756,99590.23,102763.58
183764,99590.02,102764.14
183773,99589.83,102763.67
183781,99590.22,102763.47
183790,99589.84,102764.00
183798,99590.23,102764.03
183807,99590.02,102764.03
183816,99589.78,102763.92
183824,99589.56,102763.77
183833,99589.56,102763.56
183841,99589.50,102764.41
183849,99589.91,102763.50
183858,99589.78,102763.59
183866,99589.73,102763.52
183874,99589.52,102763.67
183883,99589.97,102763.88
183891,99589.53,102763.95
183900,99589.12,102763.39
183908,99589.48,102763.34
183917,99588.94,102763.38
183924,99589.22,102763.20
183933,99588.56,102763.16
183942,99589.14,102763.34
183950,99589.50,102763.36
183959,99588.73,102763.23
183967,99588.83,102763.69
183976,99589.14,102763.48
183984,99589.55,102763.39
183992,99588.98,102763.28
184001,99589.59,102763.42
184009,99588.50,102763.62
184018,99588.56,102763.41
184026,99588.80,102763.23
184034,99589.27,102763.47
184043,99589.03,102763.53
184051,99589.16,102762.95
184060,99588.94,102763.20
184069,99589.12,102763.56
184077,99589.20,102762.95
184086,99589.31,102762.84
184093,99588.66,102763.22
184102,99588.97,102762.91
184111,99588.91,102763.19
184119,99588.70,102763.05
184127,99588.97,102762.91
184136,99588.98,102763.11
184144,99588.83,102763.30
184153,99589.33,102763.17
184161,99589.42,102762.97
184169,99588.95,102763.27
184178,99588.91,102762.83
184186,99588.88,102763.11
184195,99589.12,102762.88
184203,99589.16,102762.92
184211,99589.83,102762.95
184220,99589.28,102763.03
184228,99589.84,102762.80
184237,99589.58,102762.66
184245,99589.09,102763.11
184254,99590.02,102763.38
184262,99589.28,102763.20
184271,99589.98,102763.30
184279,99589.98,102762.89
184287,99589.44,102763.38
184296,99589.94,102763.14
184305,99589.59,102762.80
184313,99589.94,102763.41
184322,99589.47,102762.97
184329,99589.84,102762.61
184338,99589.45,102762.92
184347,99590.05,102763.41
184355,99590.42,102763.36
184363,99590.30,102763.28
184372,99590.98,102763.92
184381,99591.12,102763.88
184389,99591.33,102764.25
184397,99591.42,102764.16
184406,99591.48,102764.50
184414,99591.73,102763.88
184423,99592.12,102764.52
184430,99591.72,102764.52
184439,99592.34,102763.89
184447,99592.95,102764.72
184456,99593.27,102764.39
184464,99593.39,102764.12
184473,99593.08,102764.52
184482,99593.91,102764.89
184489,99593.56,102764.73
184499,99593.50,102765.03
184506,99593.77,102764.69
184515,99593.95,102765.25
184524,99594.08,102765.31
184533,99593.72,102765.19
184540,99593.52,102765.38
184549,99594.08,102765.30
184557,99593.08,102765.25
184566,99593.52,102765.16
184574,99592.95,102764.86
184583,99593.28,102764.89
184591,99592.91,102764.38
184599,99592.62,102764.34
184608,99592.33,102764.03
184616,99592.14,102764.28
184625,99591.33,102764.17
184634,99591.58,102763.77
184642,99591.16,102764.27
184650,99590.45,102763.42
184659,99590.31,102763.42
184667,99589.88,102763.02
184676,99589.86,102763.00
184685,99589.98,102763.14
184694,99589.91,102762.72
184702,99589.45,102762.38
184710,99589.08,102762.80
184719,99589.19,102762.55
184727,99589.16,102762.28
184735,99589.39,102762.55
184745,99588.88,102762.08
184753,99589.12,102762.42
184761,99589.66,102762.36
184770,99589.44,102762.92
184778,99589.78,102762.45
184786,99589.31,102762.45
184794,99589.28,102762.69
184803,99589.62,102762.42
184812,99589.59,102762.16
184820,99589.77,102762.11
184828,99589.44,102762.36
184837,99589.48,102762.86
184846,99589.28,102762.59
184853,99588.97,102761.98
184862,99589.48,102762.47
184870,99589.12,102762.36
184878,99589.41,102762.55
184887,99588.72,102762.39
184895,99588.77,102762.41
184903,99588.48,102761.58
184912,99587.97,102761.52
184920,99588.06,102761.75
184929,99587.72,102761.86
184938,99587.81,102761.98
184946,99587.25,102761.14
184954,99587.55,102761.38
184963,99586.91,102761.34
184971,99587.36,102761.39
184980,99587.28,102761.31
184987,99586.59,102761.03
184996,99586.70,102761.06
185004,99586.61,102761.16
185013,99586.05,102760.86
185021,99586.20,102761.11
185030,99585.91,102760.97
185038,99586.31,102760.59
185047,99585.78,102760.09
185055,99585.72,102760.12
185064,99585.81,102760.48
185071,99586.05,102760.41
185080,99586.00,102759.86
185088,99585.75,102760.44
185097,99585.50,102760.08
185105,99585.50,102760.20
185114,99585.39,102760.09
185122,99585.23,102759.75
185131,99585.34,102760.16
185139,99585.11,102760.34
185147,99585.45,102760.12
185156,99585.30,102759.70
185165,99585.08,102759.81
185173,99584.75,102759.69
185182,99585.19,102759.31
185189,99584.80,102759.67
185198,99584.58,102759.55
185206,99584.64,102759.48
185215,99584.30,102759.59
185223,99584.30,102759.88
185232,99583.98,102759.00
185240,99583.88,102759.41
185249,99584.23,102759.80
185258,99583.80,102759.17
185265,99584.62,102758.94
185274,99583.50,102759.34
185283,99584.03,102759.83
185290,99583.97,102759.06
185299,99583.66,102758.88
185308,99583.31,102759.14
185316,99583.34,102758.86
185325,99583.39,102758.55
185334,99583.09,102759.25
185341,99583.05,102758.77
185350,99582.55,102758.97
185358,99583.08,102758.53
185366,99583.16,102758.56
185375,99582.73,102758.64
185384,99582.36,102758.14
185392,99582.98,102758.33
185401,99582.45,102758.64
185409,99582.66,102758.31
185418,99582.36,102758.23
185426,99581.88,102757.83
185435,99582.16,102758.05
185443,99582.53,102758.09
185452,99581.91,102758.36
185459,99582.12,102757.55
185468,99581.77,102758.30
185477,99581.56,102757.89
185486,99581.33,102757.77
185494,99581.36,102758.02
185502,99582.00,102757.45
185510,99581.64,102757.59
185519,99581.44,102757.70
185527,99581.20,102757.50
185536,99581.05,102757.39
185544,99581.00,102757.62
185553,99581.39,102757.39
185561,99580.88,102757.36
185570,99581.17,102757.61
185578,99580.89,102756.95
185586,99580.83,102757.27
185595,99580.84,102756.98
185603,99580.72,102757.19
185611,99580.61,102757.47
185620,99580.36,102756.92
185629,99580.39,102757.36
185637,99580.67,102756.88
185645,99580.75,102756.84
185653,99580.11,102756.89
185662,99580.14,102757.08
185670,99580.30,102756.88
185679,99580.42,102756.67
185687,99580.19,102757.02
185696,99580.36,102756.55
185704,99580.47,102756.41
185712,99579.73,102756.64
185721,99579.44,102756.16
185729,99579.69,102756.89
185738,99579.80,102756.36
185746,99579.58,102756.44
185754,99579.52,102756.52
185763,99579.20,102756.55
185771,99579.61,102755.92
185780,99579.12,102756.39
185788,99579.27,102756.38
185796,99578.89,102756.28
185805,99579.31,102756.11
185814,99579.38,102756.27
185822,99579.08,102756.06
185831,99579.30,102755.97
185839,99578.69,102755.84
185847,99578.94,102756.20
185855,99578.23,102755.78
185865,99578.50,102756.14
185873,99578.48,102755.55
185882,99578.81,102756.20
185889,99578.53,102755.52
185898,99578.34,102756.12
185906,99578.12,102755.52
185915,99578.36,102755.58
185923,99578.23,102755.58
185932,99578.20,102755.36
185940,99578.14,102755.50
185949,99577.84,102755.88
185957,99577.81,102755.28
185966,99577.92,102755.39
185974,99577.70,102755.59
185983,99577.62,102755.36
185990,99577.97,102755.16
186000,99577.80,102755.25
186007,99577.97,102755.33
186016,99577.50,102754.88
186025,99577.31,102755.39
186033,99577.53,102755.55
186041,99577.92,102755.33
186050,99577.02,102755.36
186058,99577.39,102755.39
186067,99577.05,102755.09
186075,99577.30,102755.03
186084,99577.28,102755.11
186091,99577.34,102755.27
186100,99577.05,102755.45
186108,99576.94,102755.22
186117,99577.00,102754.69
186126,99576.31,102755.30
186134,99576.81,102754.97
186142,99576.72,102754.92
186151,99576.28,102755.42
186160,99576.92,102754.83
186168,99576.42,102755.12
186176,99577.12,102754.80
186185,99576.45,102755.03
186193,99576.48,102754.83
186202,99576.23,102755.30
186210,99576.75,102754.52
186219,99576.42,102754.66
186227,99576.08,102754.95
186236,99576.03,102754.67
186244,99576.11,102754.69
186253,99576.08,102754.86
186261,99575.64,102754.88
186269,99576.38,102754.56
186277,99575.91,102754.36
186286,99575.83,102754.70
186294,99575.64,102754.69
186302,99576.08,102754.30
186311,99575.75,102754.69
186320,99575.62,102754.55
186328,99575.66,102754.73
186336,99575.59,102754.16
186345,99575.28,102754.75
186353,99575.25,102753.98
186362,99575.47,102754.72
186370,99575.08,102754.69
186379,99575.30,102754.66
186387,99575.23,102754.09
186396,99574.89,102754.52
186403,99574.72,102754.62
186413,99574.91,102753.95
186420,99574.50,102754.11
186429,99575.17,102754.56
186437,99574.53,102754.42
186446,99574.78,102754.11
186454,99574.72,102754.19
186463,99575.11,102753.86
186472,99574.78,102754.19
186480,99574.52,102754.30
186488,99574.58,102753.66
186497,99574.08,102754.36
186505,99574.69,102753.69
186514,99573.91,102754.19
186522,99574.52,102754.20
186531,99574.16,102754.22
186539,99574.61,102754.41
186547,99574.12,102754.73
186555,99573.94,102754.11
186564,99574.14,102753.88
186573,99574.39,102753.66
186581,99574.28,102753.81
186589,99573.98,102753.84
186597,99573.50,102754.02
186606,99573.64,102753.81
186615,99573.73,102754.14
186623,99573.83,102754.17
186632,99574.00,102754.22
186640,99573.98,102753.86
186649,99573.69,102754.00
186657,99573.33,102754.14
186666,99573.38,102753.94
186673,99573.34,102753.98
186682,99573.38,102753.53
186690,99573.06,102753.11
186699,99573.17,102753.78
186707,99572.88,102753.55
186716,99572.88,102753.80
186724,99572.64,102753.66
186733,99573.38,102753.62
186741,99573.28,102753.70
186749,99572.77,102753.78
186758,99573.05,102753.53
186766,99573.22,102753.55
186775,99573.16,102753.89
186783,99572.95,102753.86
186791,99572.83,102754.27
186800,99572.56,102753.86
186809,99572.52,102753.42
186817,99572.27,102753.42
186825,99572.78,102753.42
186834,99572.66,102753.89
186843,99572.19,102753.81
186850,99572.30,102753.81
186859,99572.28,102753.69
186867,99572.41,102753.59
186876,99572.30,102753.73
186885,99572.23,102754.23
186894,99572.19,102753.97
186902,99572.20,102753.95
186911,99572.73,102753.91
186919,99572.30,102753.84
186927,99571.62,102753.69
186936,99571.66,102753.55
186944,99572.03,102753.50
186954,99571.78,102753.52
186961,99571.91,102753.83
186969,99571.58,102753.56
186978,99571.94,102753.81
186986,99572.09,102754.05
186995,99572.48,102753.86
187003,99572.00,102754.14
187011,99571.86,102753.86
187019,99571.81,102754.08
187028,99572.03,102753.34
187036,99571.78,102753.84
187045,99571.39,102754.12
187054,99571.69,102754.08
187061,99571.73,102753.97
187070,99571.80,102753.73
187079,99570.95,102753.88
187087,99572.12,102754.25
187096,99571.81,102754.20
187104,99572.00,102754.14
187112,99572.16,102754.00
187120,99571.84,102754.19
187129,99571.27,102753.97
187137,99571.81,102754.20
187146,99572.22,102754.30
187155,99571.42,102754.08
187162,99571.67,102754.20
187171,99571.47,102754.12
187180,99572.20,102754.03
187188,99571.66,102754.06
187196,99571.70,102754.38
187205,99571.81,102754.44
187213,99571.88,102754.06
187221,99572.42,102754.55
187230,99572.00,102754.14
187239,99571.70,102754.36
187247,99572.02,102754.33
187255,99572.42,102754.55
187264,99571.77,102754.89
187272,99572.34,102754.83
187280,99572.34,102754.52
187289,99572.17,102754.03
187297,99572.73,102754.45
187306,99572.38,102754.38
187314,99572.50,102754.42
187323,99572.48,102754.75
187331,99572.08,102754.39
187339,99572.62,102754.19
187348,99572.20,102754.56
187356,99572.39,102754.28
187365,99572.67,102754.36
187373,99572.81,102754.67
187381,99573.12,102754.67
187390,99573.06,102754.23
187398,99572.59,102754.67
187408,99573.11,102755.30
187415,99572.48,102754.25
187423,99573.19,102755.02
187433,99573.05,102754.44
187440,99573.55,102754.52
187449,99573.00,102754.73
187458,99573.00,102754.84
187467,99573.14,102754.44
187475,99573.06,102754.95
187483,99572.78,102754.53
187492,99572.81,102754.47
187499,99573.03,102754.78
187509,99572.86,102754.72
187516,99573.16,102755.08
187525,99573.75,102754.86
187534,99572.95,102754.83
187543,99572.86,102755.23
187550,99572.86,102754.62
187559,99573.16,102754.55
187568,99573.09,102754.78
187576,99572.78,102754.98
187584,99573.02,102754.67
187592,99573.73,102754.55
187601,99572.92,102755.06
187609,99573.44,102754.75
187618,99573.31,102754.72
187627,99573.22,102755.12
187634,99573.50,102754.59
187643,99573.09,102754.89
187651,99573.48,102755.12
187660,99573.59,102755.05
187669,99572.98,102755.00
187677,99573.62,102755.11
187685,99573.67,102754.95
187693,99573.34,102755.42
187703,99573.30,102754.80
187710,99574.08,102755.09
187719,99573.95,102754.83
187727,99573.86,102755.05
187736,99573.84,102755.52
187744,99574.11,102755.39
187753,99574.02,102755.19
187761,99573.78,102754.94
187770,99573.66,102754.98
187778,99573.34,102754.80
187786,99573.59,102754.78
187795,99573.62,102755.48
187804,99573.53,102755.12
187812,99573.56,102755.58
187820,99573.69,102755.41
187829,99573.59,102755.39
187837,99573.75,102755.62
187846,99573.94,102755.50
187854,99573.73,102755.08
187863,99573.31,102755.62
187871,99573.38,102755.16
187880,99573.53,102755.34
187888,99573.84,102755.73
187896,99574.14,102755.73
187904,99573.66,102755.47
187913,99573.41,102755.77
187922,99573.52,102755.70
187930,99574.11,102755.80
187939,99573.73,102755.97
187947,99574.12,102755.34
187955,99573.84,102755.30
187963,99573.69,102755.34
187972,99573.77,102756.33
187980,99573.83,102756.06
187989,99573.53,102755.84
187997,99573.67,102755.84
188006,99573.20,102756.03
188014,99574.31,102756.06
188022,99573.77,102755.50
188031,99573.94,102755.31
188039,99573.86,102756.33
188048,99573.69,102756.03
188056,99573.91,102755.97
188065,99573.95,102755.95
188073,99573.72,102756.00
188082,99573.59,102755.84
188090,99573.98,102756.28
188098,99573.67,102755.72
188107,99574.31,102756.02
188115,99574.11,102756.12
188124,99574.06,102756.52
188132,99574.09,102756.27
188141,99573.62,102755.97
188150,99573.89,102756.06
188158,99573.92,102756.58
188166,99574.20,102756.56
188174,99573.92,102756.62
188183,99573.67,102756.47
188192,99573.44,102756.67
188200,99573.73,102756.94
188209,99573.91,102756.33
188217,99573.95,102756.77
188224,99573.69,102756.61
188233,99573.84,102756.66
188242,99574.06,102756.61
188250,99573.53,102756.06
188259,99574.25,102756.83
188267,99573.89,102756.50
188275,99573.89,102756.98
188284,99574.17,102756.73
188293,99574.12,102756.62
188301,99573.75,102757.52
188309,99573.91,102756.95
188318,99574.22,102757.05
188326,99574.06,102757.22
188335,99573.33,102756.67
188343,99573.52,102756.88
188352,99574.31,102757.22
188360,99573.64,102757.22
188369,99574.08,102756.86
188377,99574.17,102757.22
188385,99573.94,102756.92
188394,99573.64,102757.38
188402,99573.89,102757.09
188410,99574.19,102757.27
188418,99574.27,102756.97
188427,99573.42,102757.19
188436,99574.09,102756.86
188444,99574.12,102757.45
188453,99574.23,102757.25
188461,99574.44,102757.44
188470,99574.08,102757.45
188478,99573.98,102757.73
188487,99573.67,102757.38
188495,99573.80,102757.23
188503,99574.08,102757.27
188512,99574.38,102757.67
188520,99573.55,102757.86
188529,99574.09,102757.38
188537,99574.47,102757.39
188546,99574.23,102757.58
188554,99573.81,102757.72
188563,99573.91,102757.39
188571,99573.64,102757.53
188579,99573.12,102757.64
188588,99574.25,102757.78
188596,99573.77,102757.78
188605,99574.11,102757.78
188612,99573.80,102757.17
188622,99574.19,102757.34
188630,99573.69,102757.72
188639,99573.83,102757.88
188646,99573.92,102757.92
188655,99573.73,102758.09
188664,99573.70,102757.84
188671,99573.86,102757.94
188680,99573.81,102757.69
188689,99573.67,102758.27
188697,99573.88,102757.86
188705,99573.73,102757.98
188714,99573.89,102758.14
188722,99573.95,102758.09
188731,99573.92,102758.11
188739,99573.48,102758.47
188748,99573.92,102757.88
188756,99573.92,102758.28
188765,99573.97,102758.80
188772,99574.08,102758.62
188781,99573.73,102758.39
188790,99573.64,102758.12
188798,99573.41,102758.33
188807,99573.50,102758.12
188816,99573.84,102758.34
188824,99573.56,102758.16
188832,99573.34,102758.70
188840,99573.50,102758.70
188849,99573.59,102758.55
188857,99573.94,102759.03
188866,99573.61,102758.77
188874,99573.62,102758.95
188882,99573.52,102758.56
188891,99573.30,102758.67
188899,99573.97,102759.16
188908,99573.38,102758.48
188916,99573.06,102759.36
188925,99573.19,102759.55
188933,99573.69,102759.55
188941,99573.58,102758.98
188950,99573.50,102758.80
188958,99573.30,102758.80
188967,99573.33,102758.58
188975,99573.22,102758.58
188984,99573.62,102759.38
188993,99573.17,102759.02
189001,99573.53,102759.77
189010,99573.36,102759.30
189018,99573.52,102759.12
189026,99573.95,102759.48
189035,99573.64,102759.41
189043,99573.48,102759.52
189052,99573.67,102759.58
189060,99573.19,102759.48
189069,99573.39,102759.16
189077,99573.12,102759.31
189085,99573.19,102759.16
189094,99573.23,102759.59
189102,99573.08,102759.50
189110,99573.20,102759.53
189119,99572.80,102759.59
189128,99573.14,102759.88
189136,99572.91,102759.67
189144,99572.88,102760.22
189153,99572.80,102759.88
189160,99573.25,102760.06
189169,99573.06,102759.70
189177,99572.84,102760.11
189186,99573.36,102760.33
189194,99572.91,102760.14
189204,99573.30,102760.28
189211,99573.02,102759.91
189220,99573.05,102760.03
189228,99572.75,102759.98
189237,99572.86,102760.02
189245,99573.36,102760.20
189253,99572.78,102759.48
189261,99572.94,102759.94
189271,99572.23,102760.41
189279,99572.50,102760.02
189288,99572.62,102760.08
189296,99572.89,102760.09
189305,99572.69,102760.55
189312,99572.17,102759.98
189321,99572.62,102760.16
189330,99572.70,102760.59
189338,99572.27,102760.33
189347,99572.27,102760.97
189355,99572.31,102760.44
189363,99572.84,102760.06
189372,99572.64,102760.80
189379,99572.77,102760.34
189389,99572.33,102760.31
189396,99572.17,102760.80
189405,99572.19,102760.62
189414,99572.16,102760.69
189422,99572.69,102760.69
189430,99572.41,102760.56
189439,99572.39,102760.69
189448,99572.61,102761.05
189456,99572.20,102760.69
189465,99572.19,102760.56
189473,99572.16,102760.78
189482,99572.34,102760.80
189489,99572.38,102761.02
189499,99573.03,102760.95
189507,99571.94,102761.17
189515,99572.14,102760.67
189524,99571.80,102761.05
189531,99572.20,102761.31
189541,99572.34,102761.09
189549,99572.27,102760.91
189557,99572.56,102761.22
189566,99572.02,102761.38
189573,99572.36,102761.03
189582,99571.86,102761.11
189591,99572.53,102761.25
189599,99572.19,102761.30
189607,99572.00,102761.38
189616,99571.80,102761.30
189625,99572.33,102761.28
189632,99572.03,102761.05
189642,99571.95,102761.53
189650,99571.91,102761.34
189658,99571.50,102761.25
189667,99571.88,102761.59
189675,99571.75,102761.48
189684,99571.80,102761.89
189692,99572.02,102761.94
189701,99571.83,102761.52
189709,99571.33,102761.44
189718,99571.33,102762.08
189726,99571.58,102761.64
189735,99571.81,102761.38
189743,99571.66,102761.45
189751,99571.14,102761.98
189760,99571.59,102761.66
189768,99571.69,102762.11
189776,99571.33,102761.33
189785,99571.72,102761.70
189794,99571.36,102761.77
189801,99570.94,102761.89
189811,99571.19,102762.19
189819,99571.62,102761.83
189826,99571.06,102761.41
189835,99571.00,102761.89
189844,99571.34,102761.75
189852,99571.73,102761.80
189860,99570.73,102761.59
189869,99571.08,102761.98
189878,99571.08,102761.81
189886,99571.41,102762.30
189895,99571.25,102762.08
189903,99571.14,102762.16
189912,99571.50,102761.91
189919,99570.95,102762.31
189928,99570.86,102762.34
189937,99570.61,102762.09
189945,99570.45,102762.36
189954,99571.11,102762.03
189961,99570.80,102762.50
189971,99571.20,102762.48
189979,99570.44,102762.14
189987,99570.72,102762.95
189995,99570.66,102762.38
190004,99570.56,102762.55
190013,99570.83,102761.72
190020,99570.62,102762.34
190029,99570.41,102763.12
190038,99570.20,102762.61
190046,99570.97,102762.45
190055,99570.62,102762.80
190062,99570.69,102762.33
190072,99570.00,102762.91
190080,99569.97,102762.77
190089,99570.12,102762.86
190096,99570.28,102762.69
190105,99569.81,102762.33
190114,99570.41,102762.95
190122,99570.92,102762.75
190130,99570.55,102762.69
190139,99570.69,102763.16
190147,99570.00,102762.91
190156,99570.02,102763.02
190164,99570.48,102762.95
190173,99570.03,102762.91
190181,99569.73,102763.08
190189,99570.03,102762.69
190198,99570.05,102763.00
190206,99569.52,102763.75
190215,99569.77,102763.44
190223,99569.48,102763.41
190232,99570.25,102763.62
190240,99569.53,102763.28
190249,99570.11,102763.23
190257,99569.77,102763.20
190266,99569.77,102763.94
190273,99569.83,102763.34
190283,99569.34,102763.86
190290,99569.44,102763.33
190299,99569.34,102763.89
190307,99569.36,102763.31
190316,99569.31,102763.44
190324,99569.73,102763.83
190332,99569.44,102763.31
190341,99569.17,102763.44
190350,99569.61,102763.19
190358,99569.30,102763.86
190366,99568.94,102763.30
190375,99569.25,102763.75
190384,99569.16,102763.61
190392,99569.11,102763.50
190400,99569.16,102763.53
190409,99569.25,102763.91
190417,99569.25,102764.20
190426,99569.12,102763.34
190434,99569.02,102763.12
190442,99569.16,102764.05
190451,99569.19,102763.22
190460,99568.66,102763.83
190468,99568.97,102764.22
190477,99568.67,102764.12
190484,99568.97,102763.80
190493,99569.11,102763.94
190501,99568.94,102763.41
190510,99568.64,102764.33
190518,99568.67,102764.52
190526,99568.59,102764.00
190535,99568.05,102764.08
190544,99568.11,102764.55
190552,99568.77,102764.06
190561,99568.86,102764.00
190569,99568.59,102764.14
190578,99568.31,102764.17
190586,99568.55,102764.31
190594,99568.17,102764.44
190603,99568.59,102764.58
190611,99568.11,102764.91
190619,99568.58,102764.56
190628,99568.47,102764.50
190636,99568.06,102764.38
190645,99568.39,102764.34
190653,99568.06,102764.36
190662,99567.95,102764.22
190670,99567.92,102764.75
190678,99567.98,102764.88
190687,99568.23,102764.52
190696,99568.12,102764.36
190704,99567.86,102764.47
190712,99567.98,102764.81
190721,99567.95,102765.00
190730,99568.11,102764.44
190737,99567.86,102764.72
190746,99567.94,102764.61
190755,99568.16,102764.70
190762,99567.89,102765.56
190771,99568.55,102765.42
190780,99567.64,102765.05
190788,99567.33,102764.75
190797,99567.78,102764.77
190805,99567.80,102765.22
190814,99566.98,102765.19
190822,99567.64,102765.03
190831,99567.50,102764.91
190839,99567.41,102764.86
190847,99567.45,102765.64
190856,99567.36,102764.98
190865,99567.45,102765.48
190873,99567.77,102764.73
190880,99567.23,102765.22
190889,99566.98,102765.20
190897,99567.00,102765.41
190906,99567.73,102765.00
190915,99566.55,102765.41
190923,99566.81,102765.39
190931,99567.09,102764.97
190940,99566.50,102765.28
190948,99567.34,102765.09
190956,99566.91,102765.38
190965,99566.72,102765.17
190974,99566.67,102765.08
190983,99566.88,102765.61
190992,99567.09,102765.73
190999,99566.73,102765.45
191009,99566.45,102765.66
191017,99566.28,102765.83
191025,99566.19,102765.73
191034,99566.81,102765.44
191042,99566.19,102765.59
191051,99567.11,102765.72
191059,99566.53,102765.50
191067,99566.47,102765.92
191075,99566.47,102765.75
191084,99566.50,102765.62
191092,99566.27,102765.86
191101,99566.62,102765.75
191109,99565.69,102765.89
191118,99566.20,102765.52
191126,99565.94,102766.03
191134,99565.70,102765.78
191143,99565.86,102766.34
191150,99565.62,102765.66
191159,99566.48,102765.80
191168,99565.73,102766.17
191176,99566.30,102765.91
191185,99565.78,102766.34
191193,99565.69,102766.12
191202,99565.88,102765.86
191209,99565.81,102765.77
191218,99566.05,102765.86
191226,99565.28,102766.45
191235,99565.56,102766.62
191243,99565.34,102766.69
191252,99565.62,102766.61
191260,99565.33,102766.52
191268,99565.83,102766.34
191277,99565.14,102766.48
191285,99565.52,102766.36
191293,99565.42,102766.22
191302,99565.61,102766.11
191311,99565.23,102766.92
191319,99565.34,102766.12
191327,99565.33,102766.50
191336,99565.19,102766.84
191344,99565.33,102766.81
191353,99565.12,102766.62
191362,99565.05,102766.58
191370,99564.95,102766.41
191379,99565.23,102766.47
191386,99564.66,102766.47
191395,99564.59,102766.42
191403,99564.78,102766.86
191412,99564.88,102766.94
191420,99564.94,102766.56
191429,99564.44,102766.95
191438,99564.44,102766.77
191446,99564.50,102767.28
191454,99564.30,102766.56
191462,99564.66,102767.33
191471,99564.33,102767.02
191480,99564.91,102766.81
191488,99564.48,102766.89
191496,99564.28,102767.11
191505,99563.92,102767.12
191513,99564.69,102766.91
191522,99564.20,102766.97
191530,99564.33,102767.17
191538,99563.97,102767.16
191547,99564.17,102767.02
191555,99564.16,102766.69
191564,99563.78,102767.06
191572,99563.98,102767.08
191581,99563.84,102767.36
191589,99563.67,102767.25
191598,99563.66,102767.05
191606,99564.05,102766.86
191615,99563.98,102767.48
191622,99564.02,102767.30
191631,99563.48,102767.20
191640,99564.03,102767.19
191649,99562.97,102767.52
191656,99563.50,102766.98
191665,99563.39,102767.31
191673,99563.45,102766.91
191682,99563.44,102767.16
191690,99563.17,102767.02
191699,99563.58,102767.72
191707,99563.30,102767.14
191715,99563.42,102767.22
191724,99563.12,102767.53
191732,99563.12,102767.66
191741,99563.30,102767.69
191749,99563.30,102767.52
191758,99563.30,102767.22
191767,99563.62,102767.64
191774,99563.02,102767.53
191783,99562.84,102767.64
191791,99562.92,102767.66
191799,99562.86,102767.77
191809,99562.88,102767.56
191817,99562.36,102767.73
191825,99563.20,102767.36
191833,99562.17,102767.72
191842,99562.62,102767.86
191850,99561.88,102767.42
191859,99562.39,102767.80
191867,99562.73,102767.80
191876,99562.08,102767.75
191884,99562.30,102767.83
191892,99562.66,102767.52
191901,99561.80,102768.05
191909,99561.84,102768.05
191918,99562.58,102767.95
191927,99561.81,102768.03
191935,99562.33,102768.03
191943,99562.12,102768.17
191952,99562.38,102768.11
191959,99561.92,102768.19
191968,99561.94,102768.11
191977,99562.25,102768.34
191986,99562.33,102767.66
191993,99561.89,102768.05
192002,99562.02,102767.91
192010,99561.72,102768.98
192019,99561.73,102767.66
192027,99561.81,102767.58
192035,99561.72,102768.58
192044,99561.48,102768.47
192052,99561.86,102768.00
192061,99561.69,102768.22
192070,99561.56,102768.45
192078,99561.20,102768.41
192087,99561.86,102768.77
192094,99561.38,102768.08
192103,99561.12,102767.97
192112,99561.23,102767.72
192120,99561.50,102768.23
192129,99560.81,102768.66
192137,99561.22,102768.45
192146,99561.19,102768.58
192154,99560.73,102768.67
192162,99561.61,102768.23
192171,99561.02,102769.02
192180,99560.38,102768.64
192188,99561.02,102768.44
192197,99560.17,102768.53
192205,99560.84,102768.66
192213,99560.59,102768.45
192222,99560.64,102767.98
192229,99560.64,102768.84
192238,99561.03,102768.23
192247,99560.95,102768.72
192255,99560.41,102768.33
192264,99560.48,102768.70
192272,99560.58,102768.86
192281,99560.39,102768.77
192289,99560.25,102768.59
192297,99560.56,102769.09
192306,99559.78,102768.97
192315,99560.19,102768.31
192323,99559.88,102768.53
192332,99560.14,102769.12
192339,99560.16,102768.58
192348,99559.92,102768.89
192356,99559.97,102768.95
192364,99560.12,102769.20
192373,99560.03,102768.80
192381,99559.69,102768.94
192390,99559.67,102769.11
192398,99560.27,102768.88
192407,99559.78,102768.69
192415,99559.83,102769.23
192424,99559.56,102769.33
192433,99559.61,102768.81
192440,99559.77,102769.23
192450,99559.81,102769.50
192457,99559.44,102769.17
192466,99559.92,102768.95
192475,99559.11,102769.05
192482,99559.31,102769.22
192492,99559.23,102769.06
192500,99559.59,102768.98
192508,99558.98,102769.31
192517,99558.75,102769.16
192525,99559.34,102769.52
192534,99559.05,102769.09
192542,99559.17,102769.38
192551,99559.09,102769.33
192559,99559.23,102768.58
192567,99559.14,102769.14
192575,99558.56,102769.61
192584,99558.25,102769.08
192593,99559.05,102769.86
192601,99558.72,102769.69
192609,99558.75,102769.47
192617,99558.94,102769.42
192626,99558.44,102769.66
192634,99559.03,102769.95
192643,99558.53,102769.62
192651,99558.62,102769.53
192660,99558.62,102769.50
192669,99558.08,102769.44
192677,99558.61,102769.25
192686,99557.77,102769.88
192694,99558.08,102769.88
192702,99558.00,102769.69
192710,99558.44,102769.64
192719,99558.48,102769.38
192727,99558.17,102769.95
192736,99558.50,102769.77
192744,99558.06,102769.50
192752,99558.39,102770.06
192761,99557.69,102769.59
192769,99557.97,102769.81
192778,99557.50,102770.03
192786,99557.78,102769.73
192795,99557.98,102769.64
192803,99557.72,102770.09
192812,99557.62,102769.91
192819,99557.62,102770.09
192829,99557.52,102769.91
192837,99557.72,102770.25
192846,99557.30,102769.97
192854,99557.34,102770.00
192862,99557.69,102770.14
192871,99557.45,102770.39
192879,99557.31,102770.31
192888,99557.09,102770.14
192896,99557.48,102769.84
192904,99556.89,102770.23
192912,99557.12,102769.97
192921,99556.92,102770.17
192929,99556.81,102770.12
192938,99557.50,102769.97
192946,99556.89,102770.00
192955,99556.97,102770.44
192964,99556.73,102770.39
192972,99556.81,102770.42
192980,99556.48,102770.50
192989,99556.44,102770.34
192997,99556.78,102770.34
193006,99556.59,102770.45
193013,99557.31,102770.48
193022,99556.72,102770.62
193030,99556.23,102770.77
193039,99556.67,102770.17
193047,99556.77,102770.62
193056,99556.61,102770.56
193064,99556.55,102770.33
193073,99556.33,102770.75
193081,99556.61,102770.59
193090,99556.25,102770.81
193098,99556.66,102770.81
193107,99556.39,102770.56
193116,99556.34,102770.66
193124,99555.81,102771.16
193132,99556.02,102770.83
193141,99555.55,102771.06
193149,99556.22,102770.95
193158,99556.09,102771.02
193167,99555.83,102771.31
193174,99555.86,102770.75
193183,99555.58,102770.53
193192,99555.61,102770.84
193200,99555.72,102770.98
193208,99555.62,102771.31
193217,99555.56,102771.22
193225,99555.36,102770.95
193234,99555.73,102770.92
193242,99555.47,102770.95
193251,99555.19,102771.08
193259,99555.62,102770.88
193267,99555.45,102770.69
193275,99555.27,102771.06
193284,99555.48,102770.84
193292,99555.61,102770.91
193301,99554.77,102770.81
193309,99555.09,102771.27
193317,99554.56,102770.80
193326,99554.62,102771.50
193334,99554.30,102770.97
193343,99554.69,102771.41
193351,99555.05,102771.05
193359,99554.64,102771.33
193367,99555.03,102771.64
193376,99554.34,102771.50
193384,99554.89,102771.02
193393,99554.16,102771.55
193402,99554.69,102771.38
193410,99554.64,102771.34
193419,99554.66,102771.03
193428,99554.27,102771.39
193436,99554.14,102771.67
193444,99554.34,102770.92
193452,99554.80,102771.70
193461,99554.25,102771.55
193469,99554.08,102770.92
193478,99554.83,102771.16
193486,99554.17,102771.77
193494,99553.95,102771.84
193503,99554.23,102771.62
193512,99553.66,102771.50
193519,99553.58,102771.33
193528,99553.77,102771.55
193536,99554.17,102771.44
193545,99553.83,102772.12
193553,99553.55,102771.83
193562,99553.69,102771.44
193570,99553.84,102771.50
193579,99553.92,102772.08
193588,99553.80,102772.00
193595,99553.83,102771.97
193605,99553.91,102771.89
193613,99553.38,102771.31
193621,99553.20,102772.45
193630,99553.47,102771.84
193637,99552.89,102772.14
193646,99553.06,102771.72
193654,99552.77,102771.91
193663,99553.30,102772.03
193671,99553.67,102772.70
193680,99552.84,102772.48
193688,99553.70,102772.14
193697,99552.84,102772.06
193705,99553.03,102772.11
193714,99552.89,102771.89
193722,99552.86,102772.14
193730,99552.53,102771.81
193741,99552.67,102772.12
193748,99552.56,102772.19
193756,99552.48,102771.80
193764,99552.84,102771.95
193773,99552.38,102772.09
193781,99552.64,102772.06
193789,99552.70,102771.83
193798,99552.23,102772.02
193808,99552.64,102771.91
193816,99552.52,102771.78
193823,99552.38,102771.64
193832,99552.48,102772.05
193840,99552.23,102772.44
193849,99552.23,102771.91
193857,99552.38,102772.48
193866,99552.14,102772.53
193874,99552.41,102772.27